raster_row,raster_col,longitude,latitude,radiance
12959,68651,106.0500022884,21.004166234699998,0.0
12959,68652,106.0541689551,21.004166234699998,2.372241258621216
12959,68660,106.0875022887,21.004166234699998,1.8940351009368896
12959,68661,106.0916689554,21.004166234699998,1.8260713815689087
12960,68637,105.99166895459999,20.999999567999996,6.554310321807861
12960,68638,105.99583562129999,20.999999567999996,5.936101913452148
12960,68639,106.00000228799999,20.999999567999996,4.877192497253418
12960,68640,106.00416895469999,20.999999567999996,4.2661542892456055
12960,68642,106.0125022881,20.999999567999996,3.999807834625244
12960,68643,106.0166689548,20.999999567999996,3.8938891887664795
12960,68649,106.04166895499999,20.999999567999996,2.4430909156799316
12960,68650,106.0458356217,20.999999567999996,2.300377368927002
12960,68651,106.0500022884,20.999999567999996,2.4160001277923584
12960,68652,106.0541689551,20.999999567999996,2.9896492958068848
12960,68653,106.0583356218,20.999999567999996,3.352142572402954
12960,68654,106.06250228849999,20.999999567999996,3.279090404510498
12960,68655,106.06666895519999,20.999999567999996,2.8345284461975098
12960,68659,106.08333562199999,20.999999567999996,2.167288064956665
12960,68660,106.0875022887,20.999999567999996,2.0180702209472656
12960,68661,106.0916689554,20.999999567999996,1.896071434020996
12960,68662,106.0958356221,20.999999567999996,1.8692728281021118
12961,68633,105.9750022878,20.9958329013,17.468332290649414
12961,68634,105.9791689545,20.9958329013,14.201295852661133
12961,68635,105.9833356212,20.9958329013,10.762585639953613
12961,68636,105.98750228789999,20.9958329013,8.369828224182129
12961,68637,105.99166895459999,20.9958329013,8.593050956726074
12961,68638,105.99583562129999,20.9958329013,8.174262046813965
12961,68639,106.00000228799999,20.9958329013,5.521311283111572
12961,68640,106.00416895469999,20.9958329013,4.724258899688721
12961,68641,106.0083356214,20.9958329013,4.094629764556885
12961,68642,106.0125022881,20.9958329013,4.193137168884277
12961,68643,106.0166689548,20.9958329013,3.8526926040649414
12961,68647,106.03333562159999,20.9958329013,2.8813726902008057
12961,68648,106.03750228829999,20.9958329013,3.031785488128662
12961,68649,106.04166895499999,20.9958329013,2.7350001335144043
12961,68650,106.0458356217,20.9958329013,2.66357159614563
12961,68651,106.0500022884,20.9958329013,3.2137038707733154
12961,68652,106.0541689551,20.9958329013,4.627999782562256
12961,68653,106.0583356218,20.9958329013,5.357593059539795
12961,68654,106.06250228849999,20.9958329013,4.241851329803467
12961,68655,106.06666895519999,20.9958329013,3.021296262741089
12961,68656,106.07083562189999,20.9958329013,2.71218204498291
12961,68657,106.07500228859999,20.9958329013,2.5554542541503906
12961,68658,106.07916895529999,20.9958329013,2.6298305988311768
12961,68659,106.08333562199999,20.9958329013,2.7951667308807373
12961,68660,106.0875022887,20.9958329013,3.0469491481781006
12961,68661,106.0916689554,20.9958329013,2.655593156814575
12961,68662,106.0958356221,20.9958329013,2.2064409255981445
12961,68663,106.1000022888,20.9958329013,2.2815253734588623
12961,68664,106.10416895549999,20.9958329013,2.7047457695007324
12961,68665,106.10833562219999,20.9958329013,3.166181802749634
12961,68666,106.11250228889999,20.9958329013,3.294745922088623
12962,68633,105.9750022878,20.991666234599997,20.511999130249023
12962,68634,105.9791689545,20.991666234599997,21.172880172729492
12962,68635,105.9833356212,20.991666234599997,16.048982620239258
12962,68636,105.98750228789999,20.991666234599997,11.109648704528809
12962,68637,105.99166895459999,20.991666234599997,9.981832504272461
12962,68638,105.99583562129999,20.991666234599997,8.770169258117676
12962,68639,106.00000228799999,20.991666234599997,6.229321002960205
12962,68640,106.00416895469999,20.991666234599997,5.101090908050537
12962,68641,106.0083356214,20.991666234599997,4.630545616149902
12962,68642,106.0125022881,20.991666234599997,4.757407188415527
12962,68643,106.0166689548,20.991666234599997,4.828113079071045
12962,68644,106.0208356215,20.991666234599997,4.26113224029541
12962,68645,106.02500228819999,20.991666234599997,3.7809255123138428
12962,68646,106.02916895489999,20.991666234599997,3.3964149951934814
12962,68647,106.03333562159999,20.991666234599997,3.407090663909912
12962,68648,106.03750228829999,20.991666234599997,3.702758312225342
12962,68649,106.04166895499999,20.991666234599997,3.596271514892578
12962,68650,106.0458356217,20.991666234599997,3.9494831562042236
12962,68651,106.0500022884,20.991666234599997,5.343392848968506
12962,68652,106.0541689551,20.991666234599997,6.937963485717773
12962,68653,106.0583356218,20.991666234599997,6.070000171661377
12962,68654,106.06250228849999,20.991666234599997,4.468181610107422
12962,68655,106.06666895519999,20.991666234599997,3.4075441360473633
12962,68656,106.07083562189999,20.991666234599997,3.3476359844207764
12962,68657,106.07500228859999,20.991666234599997,3.028545379638672
12962,68658,106.07916895529999,20.991666234599997,2.9601693153381348
12962,68659,106.08333562199999,20.991666234599997,3.741147041320801
12962,68660,106.0875022887,20.991666234599997,4.215901851654053
12962,68661,106.0916689554,20.991666234599997,3.616128921508789
12962,68662,106.0958356221,20.991666234599997,2.628196954727173
12962,68663,106.1000022888,20.991666234599997,2.3924996852874756
12962,68664,106.10416895549999,20.991666234599997,2.5695080757141113
12962,68665,106.10833562219999,20.991666234599997,4.888571739196777
12962,68666,106.11250228889999,20.991666234599997,8.867895126342773
12963,68630,105.96250228769999,20.987499567899995,14.186944961547852
12963,68631,105.96666895439999,20.987499567899995,12.997838020324707
12963,68632,105.9708356211,20.987499567899995,13.872896194458008
12963,68633,105.9750022878,20.987499567899995,18.906597137451172
12963,68634,105.9791689545,20.987499567899995,19.059999465942383
12963,68635,105.9833356212,20.987499567899995,14.488814353942871
12963,68636,105.98750228789999,20.987499567899995,10.449827194213867
12963,68637,105.99166895459999,20.987499567899995,8.199838638305664
12963,68638,105.99583562129999,20.987499567899995,7.704098701477051
12963,68639,106.00000228799999,20.987499567899995,5.991578578948975
12963,68640,106.00416895469999,20.987499567899995,5.302727699279785
12963,68641,106.0083356214,20.987499567899995,5.229824542999268
12963,68642,106.0125022881,20.987499567899995,5.6261820793151855
12963,68643,106.0166689548,20.987499567899995,5.973147869110107
12963,68644,106.0208356215,20.987499567899995,5.909636497497559
12963,68645,106.02500228819999,20.987499567899995,5.422778129577637
12963,68646,106.02916895489999,20.987499567899995,5.641851902008057
12963,68647,106.03333562159999,20.987499567899995,6.069285869598389
12963,68648,106.03750228829999,20.987499567899995,5.87551736831665
12963,68649,106.04166895499999,20.987499567899995,4.996250152587891
12963,68650,106.0458356217,20.987499567899995,5.45610237121582
12963,68651,106.0500022884,20.987499567899995,5.852034091949463
12963,68652,106.0541689551,20.987499567899995,6.926428318023682
12963,68653,106.0583356218,20.987499567899995,6.377586841583252
12963,68654,106.06250228849999,20.987499567899995,5.38438606262207
12963,68655,106.06666895519999,20.987499567899995,4.289999961853027
12963,68656,106.07083562189999,20.987499567899995,3.7560343742370605
12963,68657,106.07500228859999,20.987499567899995,3.0163156986236572
12963,68658,106.07916895529999,20.987499567899995,2.8228812217712402
12963,68659,106.08333562199999,20.987499567899995,3.2567741870880127
12963,68660,106.0875022887,20.987499567899995,3.259523630142212
12963,68661,106.0916689554,20.987499567899995,2.939499855041504
12963,68662,106.0958356221,20.987499567899995,2.806833028793335
12963,68663,106.1000022888,20.987499567899995,2.9289655685424805
12963,68664,106.10416895549999,20.987499567899995,2.830338716506958
12963,68665,106.10833562219999,20.987499567899995,5.3491668701171875
12963,68666,106.11250228889999,20.987499567899995,8.443166732788086
12964,68631,105.96666895439999,20.983332901199997,12.637221336364746
12964,68632,105.9708356211,20.983332901199997,12.674864768981934
12964,68633,105.9750022878,20.983332901199997,13.354692459106445
12964,68634,105.9791689545,20.983332901199997,14.894725799560547
12964,68635,105.9833356212,20.983332901199997,13.290177345275879
12964,68636,105.98750228789999,20.983332901199997,12.288475036621094
12964,68637,105.99166895459999,20.983332901199997,10.351638793945312
12964,68638,105.99583562129999,20.983332901199997,9.977017402648926
12964,68639,106.00000228799999,20.983332901199997,8.285090446472168
12964,68640,106.00416895469999,20.983332901199997,6.889091491699219
12964,68641,106.0083356214,20.983332901199997,6.815438270568848
12964,68642,106.0125022881,20.983332901199997,8.150546073913574
12964,68643,106.0166689548,20.983332901199997,9.368069648742676
12964,68644,106.0208356215,20.983332901199997,8.765438079833984
12964,68645,106.02500228819999,20.983332901199997,8.319297790527344
12964,68646,106.02916895489999,20.983332901199997,9.08362102508545
12964,68647,106.03333562159999,20.983332901199997,9.70105266571045
12964,68648,106.03750228829999,20.983332901199997,7.060877323150635
12964,68649,106.04166895499999,20.983332901199997,5.446071147918701
12964,68650,106.0458356217,20.983332901199997,6.065000057220459
12964,68651,106.0500022884,20.983332901199997,6.253103256225586
12964,68652,106.0541689551,20.983332901199997,5.441999912261963
12964,68653,106.0583356218,20.983332901199997,6.115166187286377
12964,68654,106.06250228849999,20.983332901199997,6.705254077911377
12964,68655,106.06666895519999,20.983332901199997,5.298620223999023
12964,68656,106.07083562189999,20.983332901199997,3.596101760864258
12964,68657,106.07500228859999,20.983332901199997,2.848275661468506
12964,68658,106.07916895529999,20.983332901199997,2.5652544498443604
12964,68659,106.08333562199999,20.983332901199997,2.4184999465942383
12964,68660,106.0875022887,20.983332901199997,2.2546775341033936
12964,68661,106.0916689554,20.983332901199997,2.395573616027832
12964,68662,106.0958356221,20.983332901199997,3.0360655784606934
12964,68663,106.1000022888,20.983332901199997,3.3264999389648438
12964,68664,106.10416895549999,20.983332901199997,2.922333240509033
12964,68665,106.10833562219999,20.983332901199997,2.7136666774749756
12964,68666,106.11250228889999,20.983332901199997,3.1420342922210693
12964,68667,106.11666895559999,20.983332901199997,2.7149181365966797
12964,68668,106.12083562229999,20.983332901199997,2.125762701034546
12964,68669,106.125002289,20.983332901199997,2.08293080329895
12965,68631,105.96666895439999,20.979166234499996,13.333243370056152
12965,68632,105.9708356211,20.979166234499996,13.9002685546875
12965,68633,105.9750022878,20.979166234499996,12.43170166015625
12965,68634,105.9791689545,20.979166234499996,11.254814147949219
12965,68635,105.9833356212,20.979166234499996,12.868772506713867
12965,68636,105.98750228789999,20.979166234499996,15.796895980834961
12965,68637,105.99166895459999,20.979166234499996,19.109830856323242
12965,68638,105.99583562129999,20.979166234499996,17.917070388793945
12965,68639,106.00000228799999,20.979166234499996,11.49796199798584
12965,68640,106.00416895469999,20.979166234499996,8.846785545349121
12965,68641,106.0083356214,20.979166234499996,9.251250267028809
12965,68642,106.0125022881,20.979166234499996,10.021071434020996
12965,68643,106.0166689548,20.979166234499996,10.856101036071777
12965,68644,106.0208356215,20.979166234499996,11.80245590209961
12965,68645,106.02500228819999,20.979166234499996,12.140536308288574
12965,68646,106.02916895489999,20.979166234499996,15.25285816192627
12965,68647,106.03333562159999,20.979166234499996,15.449285507202148
12965,68648,106.03750228829999,20.979166234499996,11.260355949401855
12965,68649,106.04166895499999,20.979166234499996,6.5589094161987305
12965,68650,106.0458356217,20.979166234499996,5.483103275299072
12965,68651,106.0500022884,20.979166234499996,5.8968963623046875
12965,68652,106.0541689551,20.979166234499996,5.480820178985596
12965,68653,106.0583356218,20.979166234499996,5.967966079711914
12965,68654,106.06250228849999,20.979166234499996,6.273559093475342
12965,68655,106.06666895519999,20.979166234499996,5.257457733154297
12965,68656,106.07083562189999,20.979166234499996,3.441333293914795
12965,68657,106.07500228859999,20.979166234499996,2.640847682952881
12965,68658,106.07916895529999,20.979166234499996,2.5484745502471924
12965,68659,106.08333562199999,20.979166234499996,0.0
12965,68660,106.0875022887,20.979166234499996,0.0
12965,68661,106.0916689554,20.979166234499996,2.5042622089385986
12965,68662,106.0958356221,20.979166234499996,2.9544827938079834
12965,68663,106.1000022888,20.979166234499996,3.075254201889038
12965,68664,106.10416895549999,20.979166234499996,2.448305130004883
12965,68665,106.10833562219999,20.979166234499996,2.11918044090271
12965,68666,106.11250228889999,20.979166234499996,1.943934440612793
12965,68667,106.11666895559999,20.979166234499996,1.911166787147522
12965,68668,106.12083562229999,20.979166234499996,1.8666129112243652
12965,68669,106.125002289,20.979166234499996,1.9165573120117188
12965,68670,106.1291689557,20.979166234499996,1.8805084228515625
12965,68671,106.1333356224,20.979166234499996,2.244500160217285
12966,68619,105.91666895399999,20.974999567799998,12.147777557373047
12966,68631,105.96666895439999,20.974999567799998,12.997027397155762
12966,68632,105.9708356211,20.974999567799998,14.268378257751465
12966,68633,105.9750022878,20.974999567799998,12.172826766967773
12966,68634,105.9791689545,20.974999567799998,10.060370445251465
12966,68635,105.9833356212,20.974999567799998,10.51732063293457
12966,68636,105.98750228789999,20.974999567799998,14.39741325378418
12966,68637,105.99166895459999,20.974999567799998,20.59237289428711
12966,68638,105.99583562129999,20.974999567799998,17.584238052368164
12966,68639,106.00000228799999,20.974999567799998,11.532332420349121
12966,68640,106.00416895469999,20.974999567799998,8.517000198364258
12966,68641,106.0083356214,20.974999567799998,8.88438606262207
12966,68642,106.0125022881,20.974999567799998,9.088000297546387
12966,68643,106.0166689548,20.974999567799998,10.028182983398438
12966,68644,106.0208356215,20.974999567799998,15.222779273986816
12966,68645,106.02500228819999,20.974999567799998,21.347036361694336
12966,68646,106.02916895489999,20.974999567799998,20.089231491088867
12966,68647,106.03333562159999,20.974999567799998,15.851579666137695
12966,68648,106.03750228829999,20.974999567799998,12.017542839050293
12966,68649,106.04166895499999,20.974999567799998,6.709491729736328
12966,68650,106.0458356217,20.974999567799998,5.374577045440674
12966,68651,106.0500022884,20.974999567799998,4.941999912261963
12966,68652,106.0541689551,20.974999567799998,4.155263423919678
12966,68653,106.0583356218,20.974999567799998,3.907068967819214
12966,68654,106.06250228849999,20.974999567799998,3.9276785850524902
12966,68655,106.06666895519999,20.974999567799998,4.1972880363464355
12966,68656,106.07083562189999,20.974999567799998,3.4489660263061523
12966,68657,106.07500228859999,20.974999567799998,2.771578788757324
12966,68658,106.07916895529999,20.974999567799998,2.4191226959228516
12966,68659,106.08333562199999,20.974999567799998,2.337193012237549
12966,68660,106.0875022887,20.974999567799998,2.3071186542510986
12966,68661,106.0916689554,20.974999567799998,2.446101665496826
12966,68662,106.0958356221,20.974999567799998,2.601355791091919
12966,68663,106.1000022888,20.974999567799998,2.5259644985198975
12966,68664,106.10416895549999,20.974999567799998,2.3886208534240723
12966,68665,106.10833562219999,20.974999567799998,2.1801695823669434
12966,68666,106.11250228889999,20.974999567799998,2.051666736602783
12966,68667,106.11666895559999,20.974999567799998,1.9856667518615723
12966,68668,106.12083562229999,20.974999567799998,2.37359356880188
12966,68669,106.125002289,20.974999567799998,2.9176666736602783
12966,68670,106.1291689557,20.974999567799998,2.7983052730560303
12966,68671,106.1333356224,20.974999567799998,2.3273684978485107
12966,68672,106.1375022891,20.974999567799998,2.4773685932159424
12967,68618,105.91250228729999,20.970832901099996,10.679713249206543
12967,68619,105.91666895399999,20.970832901099996,13.730834007263184
12967,68620,105.92083562069999,20.970832901099996,15.159730911254883
12967,68621,105.92500228739999,20.970832901099996,15.342050552368164
12967,68622,105.92916895409999,20.970832901099996,17.44289207458496
12967,68623,105.9333356208,20.970832901099996,16.571578979492188
12967,68631,105.96666895439999,20.970832901099996,11.031428337097168
12967,68632,105.9708356211,20.970832901099996,11.748332977294922
12967,68633,105.9750022878,20.970832901099996,11.299199104309082
12967,68634,105.9791689545,20.970832901099996,10.125263214111328
12967,68635,105.9833356212,20.970832901099996,9.802982330322266
12967,68636,105.98750228789999,20.970832901099996,10.19982624053955
12967,68637,105.99166895459999,20.970832901099996,14.234667778015137
12967,68638,105.99583562129999,20.970832901099996,11.795574188232422
12967,68639,106.00000228799999,20.970832901099996,8.02557373046875
12967,68640,106.00416895469999,20.970832901099996,6.610499858856201
12967,68641,106.0083356214,20.970832901099996,6.3103508949279785
12967,68642,106.0125022881,20.970832901099996,6.502320766448975
12967,68643,106.0166689548,20.970832901099996,7.667543411254883
12967,68644,106.0208356215,20.970832901099996,13.489998817443848
12967,68645,106.02500228819999,20.970832901099996,21.297273635864258
12967,68646,106.02916895489999,20.970832901099996,20.62200164794922
12967,68647,106.03333562159999,20.970832901099996,14.463929176330566
12967,68648,106.03750228829999,20.970832901099996,9.722806930541992
12967,68649,106.04166895499999,20.970832901099996,6.6016950607299805
12967,68650,106.0458356217,20.970832901099996,5.446315288543701
12967,68651,106.0500022884,20.970832901099996,4.581607341766357
12967,68652,106.0541689551,20.970832901099996,3.8058180809020996
12967,68653,106.0583356218,20.970832901099996,3.3105359077453613
12967,68654,106.06250228849999,20.970832901099996,3.2566072940826416
12967,68655,106.06666895519999,20.970832901099996,3.394237518310547
12967,68656,106.07083562189999,20.970832901099996,4.3680644035339355
12967,68657,106.07500228859999,20.970832901099996,4.08836030960083
12967,68658,106.07916895529999,20.970832901099996,2.748448133468628
12967,68659,106.08333562199999,20.970832901099996,2.7361016273498535
12967,68660,106.0875022887,20.970832901099996,3.1044998168945312
12967,68661,106.0916689554,20.970832901099996,2.65627121925354
12967,68662,106.0958356221,20.970832901099996,2.466949224472046
12967,68663,106.1000022888,20.970832901099996,2.544138193130493
12967,68664,106.10416895549999,20.970832901099996,2.6010167598724365
12967,68665,106.10833562219999,20.970832901099996,2.5649125576019287
12967,68666,106.11250228889999,20.970832901099996,2.5143861770629883
12967,68667,106.11666895559999,20.970832901099996,2.7125425338745117
12967,68668,106.12083562229999,20.970832901099996,3.3274598121643066
12967,68669,106.125002289,20.970832901099996,3.701694965362549
12967,68670,106.1291689557,20.970832901099996,3.5147459506988525
12967,68671,106.1333356224,20.970832901099996,2.606724262237549
12968,68618,105.91250228729999,20.966666234399998,14.09514331817627
12968,68619,105.91666895399999,20.966666234399998,15.559715270996094
12968,68620,105.92083562069999,20.966666234399998,16.28499984741211
12968,68621,105.92500228739999,20.966666234399998,15.370528221130371
12968,68622,105.92916895409999,20.966666234399998,18.149728775024414
12968,68623,105.9333356208,20.966666234399998,16.186155319213867
12968,68624,105.9375022875,20.966666234399998,9.490276336669922
12968,68625,105.9416689542,20.966666234399998,7.156970024108887
12968,68626,105.9458356209,20.966666234399998,6.818611145019531
12968,68627,105.95000228759999,20.966666234399998,8.83650016784668
12968,68628,105.95416895429999,20.966666234399998,9.858108520507812
12968,68631,105.96666895439999,20.966666234399998,12.267058372497559
12968,68632,105.9708356211,20.966666234399998,13.18575668334961
12968,68633,105.9750022878,20.966666234399998,14.465106964111328
12968,68634,105.9791689545,20.966666234399998,13.087167739868164
12968,68635,105.9833356212,20.966666234399998,10.818498611450195
12968,68636,105.98750228789999,20.966666234399998,10.089298248291016
12968,68637,105.99166895459999,20.966666234399998,12.187119483947754
12968,68638,105.99583562129999,20.966666234399998,11.72131061553955
12968,68639,106.00000228799999,20.966666234399998,8.521832466125488
12968,68640,106.00416895469999,20.966666234399998,6.198166847229004
12968,68641,106.0083356214,20.966666234399998,5.641667366027832
12968,68642,106.0125022881,20.966666234399998,5.75135612487793
12968,68643,106.0166689548,20.966666234399998,6.481500625610352
12968,68644,106.0208356215,20.966666234399998,9.705613136291504
12968,68645,106.02500228819999,20.966666234399998,14.939483642578125
12968,68646,106.02916895489999,20.966666234399998,17.873455047607422
12968,68647,106.03333562159999,20.966666234399998,15.0287504196167
12968,68648,106.03750228829999,20.966666234399998,10.033571243286133
12968,68649,106.04166895499999,20.966666234399998,5.864261627197266
12968,68650,106.0458356217,20.966666234399998,5.235166549682617
12968,68651,106.0500022884,20.966666234399998,5.275172233581543
12968,68652,106.0541689551,20.966666234399998,4.783965587615967
12968,68653,106.0583356218,20.966666234399998,3.9287497997283936
12968,68654,106.06250228849999,20.966666234399998,3.4156363010406494
12968,68655,106.06666895519999,20.966666234399998,3.273571491241455
12968,68656,106.07083562189999,20.966666234399998,3.496999502182007
12968,68657,106.07500228859999,20.966666234399998,3.7050821781158447
12968,68658,106.07916895529999,20.966666234399998,3.1991524696350098
12968,68659,106.08333562199999,20.966666234399998,3.1391801834106445
12968,68660,106.0875022887,20.966666234399998,3.393934488296509
12968,68661,106.0916689554,20.966666234399998,2.627666473388672
12968,68662,106.0958356221,20.966666234399998,2.224827527999878
12968,68663,106.1000022888,20.966666234399998,2.204310178756714
12968,68664,106.10416895549999,20.966666234399998,2.2563791275024414
12968,68665,106.10833562219999,20.966666234399998,2.42633318901062
12968,68666,106.11250228889999,20.966666234399998,2.8878333568573
12968,68667,106.11666895559999,20.966666234399998,2.9018332958221436
12968,68668,106.12083562229999,20.966666234399998,3.1686205863952637
12968,68669,106.125002289,20.966666234399998,3.1056365966796875
12968,68670,106.1291689557,20.966666234399998,2.9701786041259766
12968,68671,106.1333356224,20.966666234399998,2.841754674911499
12969,68618,105.91250228729999,20.962499567699997,15.08777904510498
12969,68619,105.91666895399999,20.962499567699997,16.75540542602539
12969,68620,105.92083562069999,20.962499567699997,16.701000213623047
12969,68621,105.92500228739999,20.962499567699997,15.33375072479248
12969,68622,105.92916895409999,20.962499567699997,13.695642471313477
12969,68623,105.9333356208,20.962499567699997,12.936758041381836
12969,68624,105.9375022875,20.962499567699997,9.931025505065918
12969,68625,105.9416689542,20.962499567699997,7.075788974761963
12969,68626,105.9458356209,20.962499567699997,7.0762505531311035
12969,68627,105.95000228759999,20.962499567699997,9.096427917480469
12969,68628,105.95416895429999,20.962499567699997,10.202683448791504
12969,68629,105.95833562099999,20.962499567699997,9.424500465393066
12969,68630,105.96250228769999,20.962499567699997,9.90200138092041
12969,68631,105.96666895439999,20.962499567699997,17.23647117614746
12969,68632,105.9708356211,20.962499567699997,23.79529571533203
12969,68633,105.9750022878,20.962499567699997,20.485097885131836
12969,68634,105.9791689545,20.962499567699997,20.103899002075195
12969,68635,105.9833356212,20.962499567699997,15.709500312805176
12969,68636,105.98750228789999,20.962499567699997,13.212413787841797
12969,68637,105.99166895459999,20.962499567699997,11.794167518615723
12969,68638,105.99583562129999,20.962499567699997,13.128411293029785
12969,68639,106.00000228799999,20.962499567699997,10.149374008178711
12969,68640,106.00416895469999,20.962499567699997,6.807581424713135
12969,68641,106.0083356214,20.962499567699997,5.734237194061279
12969,68642,106.0125022881,20.962499567699997,6.313666820526123
12969,68643,106.0166689548,20.962499567699997,7.098620891571045
12969,68644,106.0208356215,20.962499567699997,9.070000648498535
12969,68645,106.02500228819999,20.962499567699997,12.704667091369629
12969,68646,106.02916895489999,20.962499567699997,16.120878219604492
12969,68647,106.03333562159999,20.962499567699997,15.343621253967285
12969,68648,106.03750228829999,20.962499567699997,9.188070297241211
12969,68649,106.04166895499999,20.962499567699997,5.183558940887451
12969,68650,106.0458356217,20.962499567699997,4.691186428070068
12969,68651,106.0500022884,20.962499567699997,5.516071319580078
12969,68652,106.0541689551,20.962499567699997,5.6796488761901855
12969,68653,106.0583356218,20.962499567699997,4.720350742340088
12969,68654,106.06250228849999,20.962499567699997,3.633448600769043
12969,68655,106.06666895519999,20.962499567699997,3.443103075027466
12969,68656,106.07083562189999,20.962499567699997,3.1711864471435547
12969,68657,106.07500228859999,20.962499567699997,4.091745853424072
12969,68658,106.07916895529999,20.962499567699997,4.277166843414307
12969,68659,106.08333562199999,20.962499567699997,3.512786865234375
12969,68660,106.0875022887,20.962499567699997,3.164915084838867
12969,68661,106.0916689554,20.962499567699997,2.383999824523926
12969,68662,106.0958356221,20.962499567699997,2.108548402786255
12969,68663,106.1000022888,20.962499567699997,0.0
12969,68664,106.10416895549999,20.962499567699997,2.0491526126861572
12969,68665,106.10833562219999,20.962499567699997,2.126833438873291
12969,68666,106.11250228889999,20.962499567699997,2.512666940689087
12969,68667,106.11666895559999,20.962499567699997,2.316166639328003
12969,68668,106.12083562229999,20.962499567699997,2.189152717590332
12969,68669,106.125002289,20.962499567699997,2.1798245906829834
12969,68670,106.1291689557,20.962499567699997,2.157719373703003
12969,68671,106.1333356224,20.962499567699997,2.371833562850952
12970,68617,105.9083356206,20.958332900999995,15.836284637451172
12970,68618,105.91250228729999,20.958332900999995,15.439208984375
12970,68619,105.91666895399999,20.958332900999995,15.235122680664062
12970,68620,105.92083562069999,20.958332900999995,18.328998565673828
12970,68621,105.92500228739999,20.958332900999995,16.210243225097656
12970,68622,105.92916895409999,20.958332900999995,14.73829174041748
12970,68623,105.9333356208,20.958332900999995,15.182998657226562
12970,68624,105.9375022875,20.958332900999995,12.750476837158203
12970,68625,105.9416689542,20.958332900999995,10.404146194458008
12970,68626,105.9458356209,20.958332900999995,11.408048629760742
12970,68627,105.95000228759999,20.958332900999995,12.964285850524902
12970,68628,105.95416895429999,20.958332900999995,11.718809127807617
12970,68629,105.95833562099999,20.958332900999995,10.077249526977539
12970,68630,105.96250228769999,20.958332900999995,10.350250244140625
12970,68631,105.96666895439999,20.958332900999995,16.68922996520996
12970,68632,105.9708356211,20.958332900999995,28.13111114501953
12970,68633,105.9750022878,20.958332900999995,31.397912979125977
12970,68634,105.9791689545,20.958332900999995,33.2518196105957
12970,68635,105.9833356212,20.958332900999995,32.083560943603516
12970,68636,105.98750228789999,20.958332900999995,20.591785430908203
12970,68637,105.99166895459999,20.958332900999995,15.487966537475586
12970,68638,105.99583562129999,20.958332900999995,14.553606033325195
12970,68639,106.00000228799999,20.958332900999995,12.04694938659668
12970,68640,106.00416895469999,20.958332900999995,9.498333930969238
12970,68641,106.0083356214,20.958332900999995,8.298965454101562
12970,68642,106.0125022881,20.958332900999995,7.364912509918213
12970,68643,106.0166689548,20.958332900999995,8.378275871276855
12970,68644,106.0208356215,20.958332900999995,10.660168647766113
12970,68645,106.02500228819999,20.958332900999995,13.933388710021973
12970,68646,106.02916895489999,20.958332900999995,16.189273834228516
12970,68647,106.03333562159999,20.958332900999995,14.699287414550781
12970,68648,106.03750228829999,20.958332900999995,9.619643211364746
12970,68649,106.04166895499999,20.958332900999995,6.04283332824707
12970,68650,106.0458356217,20.958332900999995,4.7642621994018555
12970,68651,106.0500022884,20.958332900999995,4.6587724685668945
12970,68652,106.0541689551,20.958332900999995,5.680508136749268
12970,68653,106.0583356218,20.958332900999995,5.250666618347168
12970,68654,106.06250228849999,20.958332900999995,3.7892982959747314
12970,68655,106.06666895519999,20.958332900999995,3.315000057220459
12970,68656,106.07083562189999,20.958332900999995,3.6567797660827637
12970,68657,106.07500228859999,20.958332900999995,4.71474552154541
12970,68658,106.07916895529999,20.958332900999995,4.0883049964904785
12970,68659,106.08333562199999,20.958332900999995,3.2584996223449707
12970,68660,106.0875022887,20.958332900999995,2.9544999599456787
12970,68661,106.0916689554,20.958332900999995,2.422295093536377
12970,68662,106.0958356221,20.958332900999995,2.154576539993286
12970,68663,106.1000022888,20.958332900999995,2.0605173110961914
12970,68664,106.10416895549999,20.958332900999995,0.0
12970,68665,106.10833562219999,20.958332900999995,0.0
12970,68666,106.11250228889999,20.958332900999995,1.8670966625213623
12970,68667,106.11666895559999,20.958332900999995,1.8640323877334595
12970,68668,106.12083562229999,20.958332900999995,1.8622806072235107
12970,68669,106.125002289,20.958332900999995,1.9689472913742065
12970,68670,106.1291689557,20.958332900999995,1.9485244750976562
12970,68671,106.1333356224,20.958332900999995,1.8593443632125854
12970,68672,106.1375022891,20.958332900999995,1.8413114547729492
12970,68673,106.14166895579999,20.958332900999995,1.9290767908096313
12970,68675,106.15000228919999,20.958332900999995,1.8181252479553223
12971,68617,105.9083356206,20.954166234299997,17.812894821166992
12971,68618,105.91250228729999,20.954166234299997,16.79435920715332
12971,68619,105.91666895399999,20.954166234299997,14.384047508239746
12971,68620,105.92083562069999,20.954166234299997,16.206249237060547
12971,68621,105.92500228739999,20.954166234299997,16.606828689575195
12971,68622,105.92916895409999,20.954166234299997,17.266902923583984
12971,68623,105.9333356208,20.954166234299997,20.378536224365234
12971,68624,105.9375022875,20.954166234299997,19.879024505615234
12971,68625,105.9416689542,20.954166234299997,24.435237884521484
12971,68626,105.9458356209,20.954166234299997,26.121427536010742
12971,68627,105.95000228759999,20.954166234299997,18.68927001953125
12971,68628,105.95416895429999,20.954166234299997,12.84857177734375
12971,68629,105.95833562099999,20.954166234299997,11.259750366210938
12971,68630,105.96250228769999,20.954166234299997,13.80525016784668
12971,68631,105.96666895439999,20.954166234299997,17.769229888916016
12971,68632,105.9708356211,20.954166234299997,33.01736831665039
12971,68633,105.9750022878,20.954166234299997,49.779998779296875
12971,68634,105.9791689545,20.954166234299997,51.02116775512695
12971,68635,105.9833356212,20.954166234299997,39.72899627685547
12971,68636,105.98750228789999,20.954166234299997,23.988000869750977
12971,68637,105.99166895459999,20.954166234299997,17.61864471435547
12971,68638,105.99583562129999,20.954166234299997,16.17758560180664
12971,68639,106.00000228799999,20.954166234299997,13.187321662902832
12971,68640,106.00416895469999,20.954166234299997,12.651070594787598
12971,68641,106.0083356214,20.954166234299997,12.151378631591797
12971,68642,106.0125022881,20.954166234299997,10.48464298248291
12971,68643,106.0166689548,20.954166234299997,10.431896209716797
12971,68644,106.0208356215,20.954166234299997,14.661523818969727
12971,68645,106.02500228819999,20.954166234299997,16.993619918823242
12971,68646,106.02916895489999,20.954166234299997,16.65946388244629
12971,68647,106.03333562159999,20.954166234299997,15.217500686645508
12971,68648,106.03750228829999,20.954166234299997,11.774815559387207
12971,68649,106.04166895499999,20.954166234299997,8.204034805297852
12971,68650,106.0458356217,20.954166234299997,5.136378765106201
12971,68651,106.0500022884,20.954166234299997,4.452181816101074
12971,68652,106.0541689551,20.954166234299997,5.130000114440918
12971,68653,106.0583356218,20.954166234299997,5.4971184730529785
12971,68654,106.06250228849999,20.954166234299997,4.286315441131592
12971,68655,106.06666895519999,20.954166234299997,3.801929473876953
12971,68656,106.07083562189999,20.954166234299997,4.407413959503174
12971,68657,106.07500228859999,20.954166234299997,5.055666923522949
12971,68658,106.07916895529999,20.954166234299997,4.079482555389404
12971,68659,106.08333562199999,20.954166234299997,2.891228199005127
12971,68660,106.0875022887,20.954166234299997,2.7859323024749756
12971,68661,106.0916689554,20.954166234299997,2.653770685195923
12971,68662,106.0958356221,20.954166234299997,2.422372817993164
12971,68663,106.1000022888,20.954166234299997,2.223276138305664
12971,68664,106.10416895549999,20.954166234299997,0.0
12971,68665,106.10833562219999,20.954166234299997,0.0
12971,68666,106.11250228889999,20.954166234299997,1.9620968103408813
12971,68667,106.11666895559999,20.954166234299997,2.0359678268432617
12971,68668,106.12083562229999,20.954166234299997,2.0971665382385254
12971,68669,106.125002289,20.954166234299997,2.2044641971588135
12971,68670,106.1291689557,20.954166234299997,2.159827470779419
12971,68671,106.1333356224,20.954166234299997,0.0
12971,68672,106.1375022891,20.954166234299997,1.9244998693466187
12971,68673,106.14166895579999,20.954166234299997,2.3144264221191406
12971,68674,106.14583562249999,20.954166234299997,2.489032030105591
12971,68675,106.15000228919999,20.954166234299997,2.2107937335968018
12971,68676,106.15416895589999,20.954166234299997,1.9148439168930054
12972,68617,105.9083356206,20.949999567599995,19.167631149291992
12972,68618,105.91250228729999,20.949999567599995,18.37810707092285
12972,68619,105.91666895399999,20.949999567599995,13.8757905960083
12972,68620,105.92083562069999,20.949999567599995,13.6505126953125
12972,68621,105.92500228739999,20.949999567599995,14.894999504089355
12972,68622,105.92916895409999,20.949999567599995,17.140932083129883
12972,68623,105.9333356208,20.949999567599995,20.08439064025879
12972,68624,105.9375022875,20.949999567599995,21.74309539794922
12972,68625,105.9416689542,20.949999567599995,28.3470458984375
12972,68626,105.9458356209,20.949999567599995,29.918371200561523
12972,68627,105.95000228759999,20.949999567599995,19.449249267578125
12972,68628,105.95416895429999,20.949999567599995,12.297179222106934
12972,68629,105.95833562099999,20.949999567599995,12.190511703491211
12972,68630,105.96250228769999,20.949999567599995,18.5310001373291
12972,68631,105.96666895439999,20.949999567599995,29.716096878051758
12972,68632,105.9708356211,20.949999567599995,40.335365295410156
12972,68633,105.9750022878,20.949999567599995,53.09499740600586
12972,68634,105.9791689545,20.949999567599995,47.11333084106445
12972,68635,105.9833356212,20.949999567599995,35.758644104003906
12972,68636,105.98750228789999,20.949999567599995,22.594209671020508
12972,68637,105.99166895459999,20.949999567599995,16.988391876220703
12972,68638,105.99583562129999,20.949999567599995,16.926427841186523
12972,68639,106.00000228799999,20.949999567599995,13.571379661560059
12972,68640,106.00416895469999,20.949999567599995,11.366429328918457
12972,68641,106.0083356214,20.949999567599995,12.70035171508789
12972,68642,106.0125022881,20.949999567599995,15.774285316467285
12972,68643,106.0166689548,20.949999567599995,16.090351104736328
12972,68644,106.0208356215,20.949999567599995,16.963167190551758
12972,68645,106.02500228819999,20.949999567599995,18.139345169067383
12972,68646,106.02916895489999,20.949999567599995,17.52712059020996
12972,68647,106.03333562159999,20.949999567599995,15.908814430236816
12972,68648,106.03750228829999,20.949999567599995,14.074105262756348
12972,68649,106.04166895499999,20.949999567599995,9.710545539855957
12972,68650,106.0458356217,20.949999567599995,6.223091125488281
12972,68651,106.0500022884,20.949999567599995,5.732631683349609
12972,68652,106.0541689551,20.949999567599995,5.265573501586914
12972,68653,106.0583356218,20.949999567599995,5.715332984924316
12972,68654,106.06250228849999,20.949999567599995,4.905613899230957
12972,68655,106.06666895519999,20.949999567599995,4.555357456207275
12972,68656,106.07083562189999,20.949999567599995,4.678792953491211
12972,68657,106.07500228859999,20.949999567599995,4.365555763244629
12972,68658,106.07916895529999,20.949999567599995,3.8416130542755127
12972,68659,106.08333562199999,20.949999567599995,3.8447461128234863
12972,68660,106.0875022887,20.949999567599995,3.5765576362609863
12972,68661,106.0916689554,20.949999567599995,3.3562498092651367
12972,68662,106.0958356221,20.949999567599995,2.8318331241607666
12972,68663,106.1000022888,20.949999567599995,2.3923213481903076
12972,68664,106.10416895549999,20.949999567599995,2.2358927726745605
12972,68665,106.10833562219999,20.949999567599995,2.131967306137085
12972,68666,106.11250228889999,20.949999567599995,2.109999895095825
12972,68667,106.11666895559999,20.949999567599995,2.3636667728424072
12972,68668,106.12083562229999,20.949999567599995,2.4445765018463135
12972,68669,106.125002289,20.949999567599995,2.273773670196533
12972,68670,106.1291689557,20.949999567599995,2.1957895755767822
12972,68671,106.1333356224,20.949999567599995,2.0691380500793457
12972,68672,106.1375022891,20.949999567599995,2.179999828338623
12972,68673,106.14166895579999,20.949999567599995,2.7518179416656494
12972,68674,106.14583562249999,20.949999567599995,3.732930898666382
12972,68675,106.15000228919999,20.949999567599995,3.410677909851074
12972,68676,106.15416895589999,20.949999567599995,2.4151611328125
12973,68617,105.9083356206,20.945832900899997,14.681841850280762
12973,68618,105.91250228729999,20.945832900899997,15.594053268432617
12973,68619,105.91666895399999,20.945832900899997,14.164210319519043
12973,68620,105.92083562069999,20.945832900899997,11.090513229370117
12973,68621,105.92500228739999,20.945832900899997,12.632682800292969
12973,68622,105.92916895409999,20.945832900899997,16.79820442199707
12973,68623,105.9333356208,20.945832900899997,19.756906509399414
12973,68624,105.9375022875,20.945832900899997,21.1020450592041
12973,68625,105.9416689542,20.945832900899997,25.450239181518555
12973,68626,105.9458356209,20.945832900899997,21.53093147277832
12973,68627,105.95000228759999,20.945832900899997,15.348249435424805
12973,68628,105.95416895429999,20.945832900899997,12.088536262512207
12973,68629,105.95833562099999,20.945832900899997,12.998974800109863
12973,68630,105.96250228769999,20.945832900899997,18.775127410888672
12973,68631,105.96666895439999,20.945832900899997,32.40149688720703
12973,68632,105.9708356211,20.945832900899997,41.94045639038086
12973,68633,105.9750022878,20.945832900899997,45.482086181640625
12973,68634,105.9791689545,20.945832900899997,40.888572692871094
12973,68635,105.9833356212,20.945832900899997,32.02393341064453
12973,68636,105.98750228789999,20.945832900899997,20.715763092041016
12973,68637,105.99166895459999,20.945832900899997,14.715592384338379
12973,68638,105.99583562129999,20.945832900899997,14.374737739562988
12973,68639,106.00000228799999,20.945832900899997,12.593965530395508
12973,68640,106.00416895469999,20.945832900899997,9.89464282989502
12973,68641,106.0083356214,20.945832900899997,11.44454574584961
12973,68642,106.0125022881,20.945832900899997,17.22703742980957
12973,68643,106.0166689548,20.945832900899997,18.946365356445312
12973,68644,106.0208356215,20.945832900899997,18.299272537231445
12973,68645,106.02500228819999,20.945832900899997,17.72610092163086
12973,68646,106.02916895489999,20.945832900899997,17.407190322875977
12973,68647,106.03333562159999,20.945832900899997,16.321271896362305
12973,68648,106.03750228829999,20.945832900899997,14.179622650146484
12973,68649,106.04166895499999,20.945832900899997,11.209622383117676
12973,68650,106.0458356217,20.945832900899997,9.337677955627441
12973,68651,106.0500022884,20.945832900899997,8.633559226989746
12973,68652,106.0541689551,20.945832900899997,7.427758693695068
12973,68653,106.0583356218,20.945832900899997,7.05344295501709
12973,68654,106.06250228849999,20.945832900899997,6.614827632904053
12973,68655,106.06666895519999,20.945832900899997,5.692105293273926
12973,68656,106.07083562189999,20.945832900899997,5.100345134735107
12973,68657,106.07500228859999,20.945832900899997,4.4944257736206055
12973,68658,106.07916895529999,20.945832900899997,4.667119026184082
12973,68659,106.08333562199999,20.945832900899997,4.766271114349365
12973,68660,106.0875022887,20.945832900899997,4.2977423667907715
12973,68661,106.0916689554,20.945832900899997,3.9234375953674316
12973,68662,106.0958356221,20.945832900899997,3.205806255340576
12973,68663,106.1000022888,20.945832900899997,2.7042369842529297
12973,68664,106.10416895549999,20.945832900899997,2.5890161991119385
12973,68665,106.10833562219999,20.945832900899997,2.777541160583496
12973,68666,106.11250228889999,20.945832900899997,2.5961668491363525
12973,68667,106.11666895559999,20.945832900899997,2.4911863803863525
12973,68668,106.12083562229999,20.945832900899997,2.6498303413391113
12973,68669,106.125002289,20.945832900899997,2.4592981338500977
12973,68670,106.1291689557,20.945832900899997,2.152407169342041
12973,68671,106.1333356224,20.945832900899997,2.0809803009033203
12973,68672,106.1375022891,20.945832900899997,2.3973467350006104
12973,68673,106.14166895579999,20.945832900899997,3.9128000736236572
12973,68674,106.14583562249999,20.945832900899997,5.780877590179443
12973,68675,106.15000228919999,20.945832900899997,4.395593166351318
12974,68618,105.91250228729999,20.941666234199996,11.62702751159668
12974,68619,105.91666895399999,20.941666234199996,12.056485176086426
12974,68620,105.92083562069999,20.941666234199996,9.433157920837402
12974,68621,105.92500228739999,20.941666234199996,9.924878120422363
12974,68622,105.92916895409999,20.941666234199996,13.59256362915039
12974,68623,105.9333356208,20.941666234199996,15.224635124206543
12974,68624,105.9375022875,20.941666234199996,13.146190643310547
12974,68625,105.9416689542,20.941666234199996,11.343334197998047
12974,68626,105.9458356209,20.941666234199996,10.562250137329102
12974,68627,105.95000228759999,20.941666234199996,11.736578941345215
12974,68628,105.95416895429999,20.941666234199996,11.884750366210938
12974,68629,105.95833562099999,20.941666234199996,13.661842346191406
12974,68630,105.96250228769999,20.941666234199996,15.606579780578613
12974,68631,105.96666895439999,20.941666234199996,23.71763038635254
12974,68632,105.9708356211,20.941666234199996,33.54275131225586
12974,68633,105.9750022878,20.941666234199996,34.158931732177734
12974,68634,105.9791689545,20.941666234199996,32.043060302734375
12974,68635,105.9833356212,20.941666234199996,30.050159454345703
12974,68636,105.98750228789999,20.941666234199996,21.6309814453125
12974,68637,105.99166895459999,20.941666234199996,15.355083465576172
12974,68638,105.99583562129999,20.941666234199996,11.75861930847168
12974,68639,106.00000228799999,20.941666234199996,9.971403121948242
12974,68640,106.00416895469999,20.941666234199996,8.167016983032227
12974,68641,106.0083356214,20.941666234199996,8.631272315979004
12974,68642,106.0125022881,20.941666234199996,12.056315422058105
12974,68643,106.0166689548,20.941666234199996,14.853215217590332
12974,68644,106.0208356215,20.941666234199996,14.148035049438477
12974,68645,106.02500228819999,20.941666234199996,13.057454109191895
12974,68646,106.02916895489999,20.941666234199996,13.816072463989258
12974,68647,106.03333562159999,20.941666234199996,13.437893867492676
12974,68648,106.03750228829999,20.941666234199996,12.1049165725708
12974,68649,106.04166895499999,20.941666234199996,12.939827919006348
12974,68650,106.0458356217,20.941666234199996,14.533832550048828
12974,68651,106.0500022884,20.941666234199996,14.987333297729492
12974,68652,106.0541689551,20.941666234199996,12.140861511230469
12974,68653,106.0583356218,20.941666234199996,11.23877239227295
12974,68654,106.06250228849999,20.941666234199996,10.252585411071777
12974,68655,106.06666895519999,20.941666234199996,7.487719535827637
12974,68656,106.07083562189999,20.941666234199996,5.913104057312012
12974,68657,106.07500228859999,20.941666234199996,5.552667140960693
12974,68658,106.07916895529999,20.941666234199996,6.815254211425781
12974,68659,106.08333562199999,20.941666234199996,6.173833847045898
12974,68660,106.0875022887,20.941666234199996,4.10111141204834
12974,68661,106.0916689554,20.941666234199996,3.720895290374756
12974,68662,106.0958356221,20.941666234199996,3.3155555725097656
12974,68663,106.1000022888,20.941666234199996,2.8061017990112305
12974,68664,106.10416895549999,20.941666234199996,2.857499599456787
12974,68665,106.10833562219999,20.941666234199996,3.2004919052124023
12974,68666,106.11250228889999,20.941666234199996,2.9939656257629395
12974,68667,106.11666895559999,20.941666234199996,3.083103656768799
12974,68668,106.12083562229999,20.941666234199996,3.655172348022461
12974,68669,106.125002289,20.941666234199996,3.7854387760162354
12974,68670,106.1291689557,20.941666234199996,2.853773593902588
12974,68671,106.1333356224,20.941666234199996,2.4100000858306885
12974,68672,106.1375022891,20.941666234199996,2.4603774547576904
12974,68673,106.14166895579999,20.941666234199996,4.054230213165283
12974,68674,106.14583562249999,20.941666234199996,5.7099995613098145
12974,68675,106.15000228919999,20.941666234199996,4.52431058883667
12975,68619,105.91666895399999,20.937499567499998,6.340750217437744
12975,68620,105.92083562069999,20.937499567499998,5.379000186920166
12975,68621,105.92500228739999,20.937499567499998,6.212249755859375
12975,68622,105.92916895409999,20.937499567499998,8.630000114440918
12975,68623,105.9333356208,20.937499567499998,9.407073020935059
12975,68624,105.9375022875,20.937499567499998,7.573809623718262
12975,68625,105.9416689542,20.937499567499998,7.0311360359191895
12975,68626,105.9458356209,20.937499567499998,6.8856096267700195
12975,68627,105.95000228759999,20.937499567499998,7.483094692230225
12975,68628,105.95416895429999,20.937499567499998,8.626250267028809
12975,68629,105.95833562099999,20.937499567499998,10.580810546875
12975,68630,105.96250228769999,20.937499567499998,11.599459648132324
12975,68631,105.96666895439999,20.937499567499998,16.804750442504883
12975,68632,105.9708356211,20.937499567499998,22.373170852661133
12975,68633,105.9750022878,20.937499567499998,21.815834045410156
12975,68634,105.9791689545,20.937499567499998,16.098304748535156
12975,68635,105.9833356212,20.937499567499998,16.24187469482422
12975,68636,105.98750228789999,20.937499567499998,16.36758041381836
12975,68637,105.99166895459999,20.937499567499998,11.828853607177734
12975,68638,105.99583562129999,20.937499567499998,8.575901985168457
12975,68639,106.00000228799999,20.937499567499998,7.420499801635742
12975,68640,106.00416895469999,20.937499567499998,7.064666748046875
12975,68641,106.0083356214,20.937499567499998,8.336140632629395
12975,68642,106.0125022881,20.937499567499998,11.00706958770752
12975,68643,106.0166689548,20.937499567499998,13.072142601013184
12975,68644,106.0208356215,20.937499567499998,10.748364448547363
12975,68645,106.02500228819999,20.937499567499998,9.155740737915039
12975,68646,106.02916895489999,20.937499567499998,9.808728218078613
12975,68647,106.03333562159999,20.937499567499998,9.306181907653809
12975,68648,106.03750228829999,20.937499567499998,9.169654846191406
12975,68649,106.04166895499999,20.937499567499998,11.708792686462402
12975,68650,106.0458356217,20.937499567499998,17.114654541015625
12975,68651,106.0500022884,20.937499567499998,17.92650032043457
12975,68652,106.0541689551,20.937499567499998,16.48210334777832
12975,68653,106.0583356218,20.937499567499998,17.34696388244629
12975,68654,106.06250228849999,20.937499567499998,16.108945846557617
12975,68655,106.06666895519999,20.937499567499998,11.93224048614502
12975,68656,106.07083562189999,20.937499567499998,8.962241172790527
12975,68657,106.07500228859999,20.937499567499998,7.163214683532715
12975,68658,106.07916895529999,20.937499567499998,7.133703708648682
12975,68659,106.08333562199999,20.937499567499998,6.789660453796387
12975,68660,106.0875022887,20.937499567499998,4.977969169616699
12975,68661,106.0916689554,20.937499567499998,4.146716117858887
12975,68662,106.0958356221,20.937499567499998,3.9870965480804443
12975,68663,106.1000022888,20.937499567499998,3.429166555404663
12975,68664,106.10416895549999,20.937499567499998,3.2781355381011963
12975,68665,106.10833562219999,20.937499567499998,3.717705488204956
12975,68666,106.11250228889999,20.937499567499998,3.660806179046631
12975,68667,106.11666895559999,20.937499567499998,4.099508762359619
12975,68668,106.12083562229999,20.937499567499998,5.144210338592529
12975,68669,106.125002289,20.937499567499998,5.708393096923828
12975,68670,106.1291689557,20.937499567499998,4.223888874053955
12975,68671,106.1333356224,20.937499567499998,2.990943670272827
12975,68672,106.1375022891,20.937499567499998,2.590909004211426
12975,68673,106.14166895579999,20.937499567499998,2.9681482315063477
12975,68674,106.14583562249999,20.937499567499998,3.7794642448425293
12975,68675,106.15000228919999,20.937499567499998,3.603793144226074
12976,68618,105.91250228729999,20.933332900799996,4.700250148773193
12976,68619,105.91666895399999,20.933332900799996,4.345384120941162
12976,68620,105.92083562069999,20.933332900799996,4.1670732498168945
12976,68621,105.92500228739999,20.933332900799996,4.597560405731201
12976,68622,105.92916895409999,20.933332900799996,5.995228290557861
12976,68623,105.9333356208,20.933332900799996,6.257380962371826
12976,68624,105.9375022875,20.933332900799996,5.3609299659729
12976,68625,105.9416689542,20.933332900799996,5.6723809242248535
12976,68626,105.9458356209,20.933332900799996,6.430250644683838
12976,68627,105.95000228759999,20.933332900799996,6.40000057220459
12976,68628,105.95416895429999,20.933332900799996,7.0329270362854
12976,68629,105.95833562099999,20.933332900799996,9.949474334716797
12976,68630,105.96250228769999,20.933332900799996,11.195898056030273
12976,68631,105.96666895439999,20.933332900799996,11.726170539855957
12976,68632,105.9708356211,20.933332900799996,15.795999526977539
12976,68633,105.9750022878,20.933332900799996,14.17321491241455
12976,68634,105.9791689545,20.933332900799996,10.540507316589355
12976,68635,105.9833356212,20.933332900799996,9.725483894348145
12976,68636,105.98750228789999,20.933332900799996,8.768474578857422
12976,68637,105.99166895459999,20.933332900799996,7.905593395233154
12976,68638,105.99583562129999,20.933332900799996,6.085423946380615
12976,68639,106.00000228799999,20.933332900799996,6.093965530395508
12976,68640,106.00416895469999,20.933332900799996,6.410876750946045
12976,68641,106.0083356214,20.933332900799996,7.881403923034668
12976,68642,106.0125022881,20.933332900799996,9.466500282287598
12976,68643,106.0166689548,20.933332900799996,9.249483108520508
12976,68644,106.0208356215,20.933332900799996,7.55982780456543
12976,68645,106.02500228819999,20.933332900799996,6.641428470611572
12976,68646,106.02916895489999,20.933332900799996,6.218727111816406
12976,68647,106.03333562159999,20.933332900799996,5.4535088539123535
12976,68648,106.03750228829999,20.933332900799996,6.054483413696289
12976,68649,106.04166895499999,20.933332900799996,7.768703460693359
12976,68650,106.0458356217,20.933332900799996,11.696428298950195
12976,68651,106.0500022884,20.933332900799996,15.763276100158691
12976,68652,106.0541689551,20.933332900799996,16.00448226928711
12976,68653,106.0583356218,20.933332900799996,17.389122009277344
12976,68654,106.06250228849999,20.933332900799996,16.716896057128906
12976,68655,106.06666895519999,20.933332900799996,14.487241744995117
12976,68656,106.07083562189999,20.933332900799996,12.300862312316895
12976,68657,106.07500228859999,20.933332900799996,9.510178565979004
12976,68658,106.07916895529999,20.933332900799996,7.999454975128174
12976,68659,106.08333562199999,20.933332900799996,8.072542190551758
12976,68660,106.0875022887,20.933332900799996,7.225082874298096
12976,68661,106.0916689554,20.933332900799996,7.085333347320557
12976,68662,106.0958356221,20.933332900799996,6.8527116775512695
12976,68663,106.1000022888,20.933332900799996,5.4560346603393555
12976,68664,106.10416895549999,20.933332900799996,4.830350875854492
12976,68665,106.10833562219999,20.933332900799996,4.468982696533203
12976,68666,106.11250228889999,20.933332900799996,4.667166709899902
12976,68667,106.11666895559999,20.933332900799996,5.104754447937012
12976,68668,106.12083562229999,20.933332900799996,6.1138596534729
12976,68669,106.125002289,20.933332900799996,6.433859825134277
12976,68670,106.1291689557,20.933332900799996,4.872222423553467
12976,68671,106.1333356224,20.933332900799996,3.996666431427002
12976,68672,106.1375022891,20.933332900799996,2.8628571033477783
12976,68673,106.14166895579999,20.933332900799996,3.113090991973877
12976,68674,106.14583562249999,20.933332900799996,3.4194912910461426
12976,68675,106.15000228919999,20.933332900799996,3.375
12977,68618,105.91250228729999,20.929166234099995,3.3253333568573
12977,68619,105.91666895399999,20.929166234099995,3.4187803268432617
12977,68620,105.92083562069999,20.929166234099995,3.4485714435577393
12977,68621,105.92500228739999,20.929166234099995,4.029767990112305
12977,68622,105.92916895409999,20.929166234099995,4.504091262817383
12977,68623,105.9333356208,20.929166234099995,4.416097640991211
12977,68624,105.9375022875,20.929166234099995,4.596428394317627
12977,68625,105.9416689542,20.929166234099995,5.877442359924316
12977,68626,105.9458356209,20.929166234099995,6.828333377838135
12977,68627,105.95000228759999,20.929166234099995,5.883863925933838
12977,68628,105.95416895429999,20.929166234099995,6.164390563964844
12977,68629,105.95833562099999,20.929166234099995,8.364877700805664
12977,68630,105.96250228769999,20.929166234099995,10.305582046508789
12977,68631,105.96666895439999,20.929166234099995,10.288750648498535
12977,68632,105.9708356211,20.929166234099995,12.347274780273438
12977,68633,105.9750022878,20.929166234099995,11.536393165588379
12977,68634,105.9791689545,20.929166234099995,7.045263290405273
12977,68635,105.9833356212,20.929166234099995,5.577332973480225
12977,68636,105.98750228789999,20.929166234099995,4.43220329284668
12977,68637,105.99166895459999,20.929166234099995,4.445344924926758
12977,68638,105.99583562129999,20.929166234099995,4.7377190589904785
12977,68639,106.00000228799999,20.929166234099995,5.721606731414795
12977,68640,106.00416895469999,20.929166234099995,5.818703651428223
12977,68641,106.0083356214,20.929166234099995,6.138070583343506
12977,68642,106.0125022881,20.929166234099995,6.966609954833984
12977,68643,106.0166689548,20.929166234099995,7.271578788757324
12977,68644,106.0208356215,20.929166234099995,6.688447952270508
12977,68645,106.02500228819999,20.929166234099995,5.403965473175049
12977,68646,106.02916895489999,20.929166234099995,4.860000133514404
12977,68647,106.03333562159999,20.929166234099995,4.590713977813721
12977,68648,106.03750228829999,20.929166234099995,5.020172119140625
12977,68649,106.04166895499999,20.929166234099995,5.634364128112793
12977,68650,106.0458356217,20.929166234099995,8.081071853637695
12977,68651,106.0500022884,20.929166234099995,11.244463920593262
12977,68652,106.0541689551,20.929166234099995,13.023728370666504
12977,68653,106.0583356218,20.929166234099995,16.00033950805664
12977,68654,106.06250228849999,20.929166234099995,16.972949981689453
12977,68655,106.06666895519999,20.929166234099995,16.198549270629883
12977,68656,106.07083562189999,20.929166234099995,15.014262199401855
12977,68657,106.07500228859999,20.929166234099995,13.540701866149902
12977,68658,106.07916895529999,20.929166234099995,11.122631072998047
12977,68659,106.08333562199999,20.929166234099995,11.108474731445312
12977,68660,106.0875022887,20.929166234099995,11.006033897399902
12977,68661,106.0916689554,20.929166234099995,10.37508773803711
12977,68662,106.0958356221,20.929166234099995,9.462455749511719
12977,68663,106.1000022888,20.929166234099995,6.846779823303223
12977,68664,106.10416895549999,20.929166234099995,5.830350875854492
12977,68665,106.10833562219999,20.929166234099995,5.3290910720825195
12977,68666,106.11250228889999,20.929166234099995,7.9501752853393555
12977,68667,106.11666895559999,20.929166234099995,10.29568862915039
12977,68668,106.12083562229999,20.929166234099995,7.181552410125732
12977,68669,106.125002289,20.929166234099995,5.911724090576172
12977,68670,106.1291689557,20.929166234099995,6.545614242553711
12977,68671,106.1333356224,20.929166234099995,5.053333282470703
12977,68672,106.1375022891,20.929166234099995,3.6551783084869385
12977,68673,106.14166895579999,20.929166234099995,3.3994734287261963
12977,68674,106.14583562249999,20.929166234099995,3.766779899597168
12978,68618,105.91250228729999,20.924999567399997,3.0250000953674316
12978,68619,105.91666895399999,20.924999567399997,3.2161998748779297
12978,68620,105.92083562069999,20.924999567399997,3.5321569442749023
12978,68621,105.92500228739999,20.924999567399997,4.073541641235352
12978,68622,105.92916895409999,20.924999567399997,4.468571186065674
12978,68623,105.9333356208,20.924999567399997,4.394509792327881
12978,68624,105.9375022875,20.924999567399997,4.343958377838135
12978,68625,105.9416689542,20.924999567399997,5.699374675750732
12978,68626,105.9458356209,20.924999567399997,6.6172919273376465
12978,68627,105.95000228759999,20.924999567399997,6.147254467010498
12978,68628,105.95416895429999,20.924999567399997,5.416250228881836
12978,68629,105.95833562099999,20.924999567399997,5.924489974975586
12978,68630,105.96250228769999,20.924999567399997,7.852940559387207
12978,68631,105.96666895439999,20.924999567399997,7.616428375244141
12978,68632,105.9708356211,20.924999567399997,6.920499801635742
12978,68633,105.9750022878,20.924999567399997,6.456935882568359
12978,68634,105.9791689545,20.924999567399997,4.673389434814453
12978,68635,105.9833356212,20.924999567399997,4.172033309936523
12978,68636,105.98750228789999,20.924999567399997,3.9700000286102295
12978,68637,105.99166895459999,20.924999567399997,3.7763795852661133
12978,68638,105.99583562129999,20.924999567399997,3.9963793754577637
12978,68639,106.00000228799999,20.924999567399997,4.687931060791016
12978,68640,106.00416895469999,20.924999567399997,4.774914741516113
12978,68641,106.0083356214,20.924999567399997,5.300517559051514
12978,68642,106.0125022881,20.924999567399997,5.792142391204834
12978,68643,106.0166689548,20.924999567399997,6.594209671020508
12978,68644,106.0208356215,20.924999567399997,7.414737224578857
12978,68645,106.02500228819999,20.924999567399997,7.13473653793335
12978,68646,106.02916895489999,20.924999567399997,5.117241382598877
12978,68647,106.03333562159999,20.924999567399997,4.683728218078613
12978,68648,106.03750228829999,20.924999567399997,4.642666816711426
12978,68649,106.04166895499999,20.924999567399997,4.690526008605957
12978,68650,106.0458356217,20.924999567399997,5.711428642272949
12978,68651,106.0500022884,20.924999567399997,7.862908840179443
12978,68652,106.0541689551,20.924999567399997,10.359823226928711
12978,68653,106.0583356218,20.924999567399997,14.12066650390625
12978,68654,106.06250228849999,20.924999567399997,18.565805435180664
12978,68655,106.06666895519999,20.924999567399997,18.439167022705078
12978,68656,106.07083562189999,20.924999567399997,17.320667266845703
12978,68657,106.07500228859999,20.924999567399997,16.135263442993164
12978,68658,106.07916895529999,20.924999567399997,13.928620338439941
12978,68659,106.08333562199999,20.924999567399997,12.007705688476562
12978,68660,106.0875022887,20.924999567399997,13.117069244384766
12978,68661,106.0916689554,20.924999567399997,13.33736801147461
12978,68662,106.0958356221,20.924999567399997,10.745179176330566
12978,68663,106.1000022888,20.924999567399997,6.65500020980835
12978,68664,106.10416895549999,20.924999567399997,5.301034927368164
12978,68665,106.10833562219999,20.924999567399997,5.397543430328369
12978,68666,106.11250228889999,20.924999567399997,13.354826927185059
12978,68667,106.11666895559999,20.924999567399997,15.643684387207031
12978,68668,106.12083562229999,20.924999567399997,9.883035659790039
12978,68669,106.125002289,20.924999567399997,7.231052875518799
12978,68670,106.1291689557,20.924999567399997,8.392372131347656
12978,68671,106.1333356224,20.924999567399997,8.50614070892334
12978,68672,106.1375022891,20.924999567399997,7.45339298248291
12978,68673,106.14166895579999,20.924999567399997,6.643214702606201
12978,68674,106.14583562249999,20.924999567399997,6.605437755584717
12979,68619,105.91666895399999,20.920832900699995,3.223928451538086
12979,68620,105.92083562069999,20.920832900699995,4.04836368560791
12979,68621,105.92500228739999,20.920832900699995,4.742407321929932
12979,68622,105.92916895409999,20.920832900699995,4.9019999504089355
12979,68623,105.9333356208,20.920832900699995,4.6609086990356445
12979,68624,105.9375022875,20.920832900699995,4.380178928375244
12979,68625,105.9416689542,20.920832900699995,4.831454753875732
12979,68626,105.9458356209,20.920832900699995,6.450181484222412
12979,68627,105.95000228759999,20.920832900699995,8.387272834777832
12979,68628,105.95416895429999,20.920832900699995,6.7989654541015625
12979,68629,105.95833562099999,20.920832900699995,5.928276538848877
12979,68630,105.96250228769999,20.920832900699995,6.368245601654053
12979,68631,105.96666895439999,20.920832900699995,6.564736843109131
12979,68632,105.9708356211,20.920832900699995,5.602166652679443
12979,68633,105.9750022878,20.920832900699995,5.190000057220459
12979,68634,105.9791689545,20.920832900699995,4.109482765197754
12979,68635,105.9833356212,20.920832900699995,3.867833375930786
12979,68636,105.98750228789999,20.920832900699995,3.5841667652130127
12979,68637,105.99166895459999,20.920832900699995,3.4071667194366455
12979,68638,105.99583562129999,20.920832900699995,3.2836062908172607
12979,68639,106.00000228799999,20.920832900699995,3.359515905380249
12979,68640,106.00416895469999,20.920832900699995,3.9226229190826416
12979,68641,106.0083356214,20.920832900699995,5.013276100158691
12979,68642,106.0125022881,20.920832900699995,5.359091281890869
12979,68643,106.0166689548,20.920832900699995,5.325344562530518
12979,68644,106.0208356215,20.920832900699995,8.034137725830078
12979,68645,106.02500228819999,20.920832900699995,11.106965065002441
12979,68646,106.02916895489999,20.920832900699995,11.540892601013184
12979,68647,106.03333562159999,20.920832900699995,8.623793601989746
12979,68648,106.03750228829999,20.920832900699995,5.5978684425354
12979,68649,106.04166895499999,20.920832900699995,4.693389892578125
12979,68650,106.0458356217,20.920832900699995,4.700357913970947
12979,68651,106.0500022884,20.920832900699995,5.5619635581970215
12979,68652,106.0541689551,20.920832900699995,7.132241249084473
12979,68653,106.0583356218,20.920832900699995,11.206950187683105
12979,68654,106.06250228849999,20.920832900699995,18.553869247436523
12979,68655,106.06666895519999,20.920832900699995,21.8439998626709
12979,68656,106.07083562189999,20.920832900699995,20.134920120239258
12979,68657,106.07500228859999,20.920832900699995,19.199827194213867
12979,68658,106.07916895529999,20.920832900699995,17.64948272705078
12979,68659,106.08333562199999,20.920832900699995,12.589483261108398
12979,68660,106.0875022887,20.920832900699995,11.424813270568848
12979,68661,106.0916689554,20.920832900699995,13.403999328613281
12979,68662,106.0958356221,20.920832900699995,10.89035701751709
12979,68663,106.1000022888,20.920832900699995,7.277017593383789
12979,68664,106.10416895549999,20.920832900699995,6.230350494384766
12979,68665,106.10833562219999,20.920832900699995,6.437368392944336
12979,68666,106.11250228889999,20.920832900699995,12.021695137023926
12979,68667,106.11666895559999,20.920832900699995,15.574385643005371
12979,68668,106.12083562229999,20.920832900699995,11.292364120483398
12979,68669,106.125002289,20.920832900699995,8.36929702758789
12979,68670,106.1291689557,20.920832900699995,10.090524673461914
12979,68671,106.1333356224,20.920832900699995,11.412181854248047
12979,68672,106.1375022891,20.920832900699995,11.019454956054688
12979,68673,106.14166895579999,20.920832900699995,10.243207931518555
12979,68674,106.14583562249999,20.920832900699995,9.92092514038086
12979,68675,106.15000228919999,20.920832900699995,10.537090301513672
12979,68676,106.15416895589999,20.920832900699995,10.03499984741211
12980,68619,105.91666895399999,20.916666233999997,3.5651609897613525
12980,68620,105.92083562069999,20.916666233999997,4.862203121185303
12980,68621,105.92500228739999,20.916666233999997,5.44732141494751
12980,68622,105.92916895409999,20.916666233999997,4.808276176452637
12980,68623,105.9333356208,20.916666233999997,4.308448314666748
12980,68624,105.9375022875,20.916666233999997,4.109137535095215
12980,68625,105.9416689542,20.916666233999997,4.335690021514893
12980,68626,105.9458356209,20.916666233999997,6.37431001663208
12980,68627,105.95000228759999,20.916666233999997,9.041579246520996
12980,68628,105.95416895429999,20.916666233999997,7.4278950691223145
12980,68629,105.95833562099999,20.916666233999997,5.666964530944824
12980,68630,105.96250228769999,20.916666233999997,5.111428260803223
12980,68631,105.96666895439999,20.916666233999997,5.108181476593018
12980,68632,105.9708356211,20.916666233999997,5.090175628662109
12980,68633,105.9750022878,20.916666233999997,5.161803245544434
12980,68634,105.9791689545,20.916666233999997,4.008793354034424
12980,68635,105.9833356212,20.916666233999997,3.410508871078491
12980,68636,105.98750228789999,20.916666233999997,3.217796802520752
12980,68637,105.99166895459999,20.916666233999997,3.293728828430176
12980,68638,105.99583562129999,20.916666233999997,3.3399999141693115
12980,68639,106.00000228799999,20.916666233999997,3.54172420501709
12980,68640,106.00416895469999,20.916666233999997,4.122758388519287
12980,68641,106.0083356214,20.916666233999997,4.806250095367432
12980,68642,106.0125022881,20.916666233999997,4.585789680480957
12980,68643,106.0166689548,20.916666233999997,4.102666854858398
12980,68644,106.0208356215,20.916666233999997,7.475087642669678
12980,68645,106.02500228819999,20.916666233999997,11.335344314575195
12980,68646,106.02916895489999,20.916666233999997,14.509827613830566
12980,68647,106.03333562159999,20.916666233999997,11.424426078796387
12980,68648,106.03750228829999,20.916666233999997,6.2877421379089355
12980,68649,106.04166895499999,20.916666233999997,4.846935749053955
12980,68650,106.0458356217,20.916666233999997,4.5873332023620605
12980,68651,106.0500022884,20.916666233999997,5.038421154022217
12980,68652,106.0541689551,20.916666233999997,6.7501726150512695
12980,68653,106.0583356218,20.916666233999997,12.018929481506348
12980,68654,106.06250228849999,20.916666233999997,19.322202682495117
12980,68655,106.06666895519999,20.916666233999997,26.776885986328125
12980,68656,106.07083562189999,20.916666233999997,27.6784725189209
12980,68657,106.07500228859999,20.916666233999997,21.67154884338379
12980,68658,106.07916895529999,20.916666233999997,17.915264129638672
12980,68659,106.08333562199999,20.916666233999997,14.541930198669434
12980,68660,106.0875022887,20.916666233999997,11.004807472229004
12980,68661,106.0916689554,20.916666233999997,9.588889122009277
12980,68662,106.0958356221,20.916666233999997,9.111666679382324
12980,68663,106.1000022888,20.916666233999997,7.508946895599365
12980,68664,106.10416895549999,20.916666233999997,7.5828070640563965
12980,68665,106.10833562219999,20.916666233999997,8.355439186096191
12980,68666,106.11250228889999,20.916666233999997,10.164828300476074
12980,68667,106.11666895559999,20.916666233999997,12.07915210723877
12980,68668,106.12083562229999,20.916666233999997,10.646552085876465
12980,68669,106.125002289,20.916666233999997,8.833860397338867
12980,68670,106.1291689557,20.916666233999997,10.494728088378906
12980,68671,106.1333356224,20.916666233999997,10.535283088684082
12980,68672,106.1375022891,20.916666233999997,9.814151763916016
12980,68673,106.14166895579999,20.916666233999997,8.827735900878906
12980,68674,106.14583562249999,20.916666233999997,8.781538963317871
12980,68675,106.15000228919999,20.916666233999997,7.620727062225342
12981,68618,105.91250228729999,20.912499567299996,3.9534430503845215
12981,68619,105.91666895399999,20.912499567299996,5.0958333015441895
12981,68620,105.92083562069999,20.912499567299996,6.454310417175293
12981,68621,105.92500228739999,20.912499567299996,5.588035583496094
12981,68622,105.92916895409999,20.912499567299996,4.7296552658081055
12981,68623,105.9333356208,20.912499567299996,4.0096611976623535
12981,68624,105.9375022875,20.912499567299996,3.7333333492279053
12981,68625,105.9416689542,20.912499567299996,3.8449182510375977
12981,68626,105.9458356209,20.912499567299996,5.3196611404418945
12981,68627,105.95000228759999,20.912499567299996,7.237192630767822
12981,68628,105.95416895429999,20.912499567299996,6.823453426361084
12981,68629,105.95833562099999,20.912499567299996,6.640740394592285
12981,68630,105.96250228769999,20.912499567299996,5.628103733062744
12981,68631,105.96666895439999,20.912499567299996,3.9937286376953125
12981,68632,105.9708356211,20.912499567299996,3.7738983631134033
12981,68633,105.9750022878,20.912499567299996,4.063770771026611
12981,68634,105.9791689545,20.912499567299996,3.765901803970337
12981,68635,105.9833356212,20.912499567299996,3.226440668106079
12981,68636,105.98750228789999,20.912499567299996,3.047999858856201
12981,68637,105.99166895459999,20.912499567299996,3.1562068462371826
12981,68638,105.99583562129999,20.912499567299996,3.392033815383911
12981,68639,106.00000228799999,20.912499567299996,3.9160714149475098
12981,68640,106.00416895469999,20.912499567299996,4.376428604125977
12981,68641,106.0083356214,20.912499567299996,4.600892543792725
12981,68642,106.0125022881,20.912499567299996,3.633559465408325
12981,68643,106.0166689548,20.912499567299996,3.563333034515381
12981,68644,106.0208356215,20.912499567299996,5.306552410125732
12981,68645,106.02500228819999,20.912499567299996,8.126500129699707
12981,68646,106.02916895489999,20.912499567299996,11.027166366577148
12981,68647,106.03333562159999,20.912499567299996,9.110164642333984
12981,68648,106.03750228829999,20.912499567299996,5.79887056350708
12981,68649,106.04166895499999,20.912499567299996,4.913710117340088
12981,68650,106.0458356217,20.912499567299996,4.471774101257324
12981,68651,106.0500022884,20.912499567299996,5.221966743469238
12981,68652,106.0541689551,20.912499567299996,7.496500015258789
12981,68653,106.0583356218,20.912499567299996,12.339656829833984
12981,68654,106.06250228849999,20.912499567299996,18.55499839782715
12981,68655,106.06666895519999,20.912499567299996,21.907499313354492
12981,68656,106.07083562189999,20.912499567299996,26.03827476501465
12981,68657,106.07500228859999,20.912499567299996,23.833166122436523
12981,68658,106.07916895529999,20.912499567299996,18.773792266845703
12981,68659,106.08333562199999,20.912499567299996,18.464311599731445
12981,68660,106.0875022887,20.912499567299996,14.227856636047363
12981,68661,106.0916689554,20.912499567299996,10.081296920776367
12981,68662,106.0958356221,20.912499567299996,6.918947219848633
12981,68663,106.1000022888,20.912499567299996,6.6150007247924805
12981,68664,106.10416895549999,20.912499567299996,6.451724052429199
12981,68665,106.10833562219999,20.912499567299996,7.950909614562988
12981,68666,106.11250228889999,20.912499567299996,9.170862197875977
12981,68667,106.11666895559999,20.912499567299996,8.46396541595459
12981,68668,106.12083562229999,20.912499567299996,8.160000801086426
12981,68669,106.125002289,20.912499567299996,9.01137924194336
12981,68670,106.1291689557,20.912499567299996,9.618597030639648
12981,68671,106.1333356224,20.912499567299996,7.601346492767334
12981,68672,106.1375022891,20.912499567299996,5.969244956970215
12981,68673,106.14166895579999,20.912499567299996,6.123517990112305
12982,68616,105.9041689539,20.908332900599998,4.263667106628418
12982,68617,105.9083356206,20.908332900599998,4.208333492279053
12982,68618,105.91250228729999,20.908332900599998,4.994444847106934
12982,68619,105.91666895399999,20.908332900599998,6.523442268371582
12982,68620,105.92083562069999,20.908332900599998,7.153965473175049
12982,68621,105.92500228739999,20.908332900599998,5.327414035797119
12982,68622,105.92916895409999,20.908332900599998,4.779649257659912
12982,68623,105.9333356208,20.908332900599998,4.101754665374756
12982,68624,105.9375022875,20.908332900599998,3.5866663455963135
12982,68625,105.9416689542,20.908332900599998,3.4545764923095703
12982,68626,105.9458356209,20.908332900599998,3.9499995708465576
12982,68627,105.95000228759999,20.908332900599998,4.659454822540283
12982,68628,105.95416895429999,20.908332900599998,6.209464073181152
12982,68629,105.95833562099999,20.908332900599998,7.485357761383057
12982,68630,105.96250228769999,20.908332900599998,6.293606758117676
12982,68631,105.96666895439999,20.908332900599998,4.869839191436768
12982,68632,105.9708356211,20.908332900599998,3.5284125804901123
12982,68633,105.9750022878,20.908332900599998,3.5883333683013916
12982,68634,105.9791689545,20.908332900599998,3.9394915103912354
12982,68635,105.9833356212,20.908332900599998,3.5416948795318604
12982,68636,105.98750228789999,20.908332900599998,3.291428327560425
12982,68637,105.99166895459999,20.908332900599998,4.112500190734863
12982,68638,105.99583562129999,20.908332900599998,4.800909519195557
12982,68639,106.00000228799999,20.908332900599998,5.563508033752441
12982,68640,106.00416895469999,20.908332900599998,4.6796488761901855
12982,68641,106.0083356214,20.908332900599998,3.7529306411743164
12982,68642,106.0125022881,20.908332900599998,3.873898506164551
12982,68643,106.0166689548,20.908332900599998,3.8394827842712402
12982,68644,106.0208356215,20.908332900599998,4.532280445098877
12982,68645,106.02500228819999,20.908332900599998,6.6155171394348145
12982,68646,106.02916895489999,20.908332900599998,7.785932540893555
12982,68647,106.03333562159999,20.908332900599998,6.857741832733154
12982,68648,106.03750228829999,20.908332900599998,5.67387056350708
12982,68649,106.04166895499999,20.908332900599998,4.644838333129883
12982,68650,106.0458356217,20.908332900599998,4.232187271118164
12982,68651,106.0500022884,20.908332900599998,4.938905715942383
12982,68652,106.0541689551,20.908332900599998,6.604333400726318
12982,68653,106.0583356218,20.908332900599998,8.4461669921875
12982,68654,106.06250228849999,20.908332900599998,8.41915225982666
12982,68655,106.06666895519999,20.908332900599998,9.419000625610352
12982,68656,106.07083562189999,20.908332900599998,12.591501235961914
12982,68657,106.07500228859999,20.908332900599998,18.47559356689453
12982,68658,106.07916895529999,20.908332900599998,22.570701599121094
12982,68659,106.08333562199999,20.908332900599998,24.78101921081543
12982,68660,106.0875022887,20.908332900599998,21.837894439697266
12982,68661,106.0916689554,20.908332900599998,17.755369186401367
12982,68662,106.0958356221,20.908332900599998,10.195172309875488
12982,68663,106.1000022888,20.908332900599998,7.727241039276123
12982,68664,106.10416895549999,20.908332900599998,6.006206512451172
12982,68665,106.10833562219999,20.908332900599998,7.257999897003174
12982,68666,106.11250228889999,20.908332900599998,7.994500160217285
12982,68667,106.11666895559999,20.908332900599998,6.27711820602417
12982,68668,106.12083562229999,20.908332900599998,7.581964015960693
12982,68669,106.125002289,20.908332900599998,9.266364097595215
12982,68670,106.1291689557,20.908332900599998,9.349814414978027
12982,68671,106.1333356224,20.908332900599998,6.413703441619873
12982,68672,106.1375022891,20.908332900599998,4.71145486831665
12982,68673,106.14166895579999,20.908332900599998,6.4666666984558105
12983,68615,105.9000022872,20.904166233899996,5.326833724975586
12983,68616,105.9041689539,20.904166233899996,5.028792858123779
12983,68617,105.9083356206,20.904166233899996,5.089166641235352
12983,68618,105.91250228729999,20.904166233899996,5.297868728637695
12983,68619,105.91666895399999,20.904166233899996,5.85152530670166
12983,68620,105.92083562069999,20.904166233899996,5.662033557891846
12983,68621,105.92500228739999,20.904166233899996,4.594067573547363
12983,68622,105.92916895409999,20.904166233899996,4.716842174530029
12983,68623,105.9333356208,20.904166233899996,4.005636215209961
12983,68624,105.9375022875,20.904166233899996,3.399444341659546
12983,68625,105.9416689542,20.904166233899996,3.2490382194519043
12983,68626,105.9458356209,20.904166233899996,3.431090831756592
12983,68627,105.95000228759999,20.904166233899996,3.4938597679138184
12983,68628,105.95416895429999,20.904166233899996,4.007544040679932
12983,68629,105.95833562099999,20.904166233899996,4.842320919036865
12983,68630,105.96250228769999,20.904166233899996,5.0289998054504395
12983,68631,105.96666895439999,20.904166233899996,5.845423698425293
12983,68632,105.9708356211,20.904166233899996,5.063166618347168
12983,68633,105.9750022878,20.904166233899996,4.26966667175293
12983,68634,105.9791689545,20.904166233899996,4.456552028656006
12983,68635,105.9833356212,20.904166233899996,4.918246269226074
12983,68636,105.98750228789999,20.904166233899996,4.560713768005371
12983,68637,105.99166895459999,20.904166233899996,5.072456359863281
12983,68638,105.99583562129999,20.904166233899996,6.648420333862305
12983,68639,106.00000228799999,20.904166233899996,6.083571434020996
12983,68640,106.00416895469999,20.904166233899996,4.160701751708984
12983,68641,106.0083356214,20.904166233899996,3.411071538925171
12983,68642,106.0125022881,20.904166233899996,3.8671927452087402
12983,68643,106.0166689548,20.904166233899996,3.7613797187805176
12983,68644,106.0208356215,20.904166233899996,3.8667240142822266
12983,68645,106.02500228819999,20.904166233899996,5.062241554260254
12983,68646,106.02916895489999,20.904166233899996,5.401227951049805
12983,68647,106.03333562159999,20.904166233899996,5.4463934898376465
12983,68648,106.03750228829999,20.904166233899996,6.002166748046875
12983,68649,106.04166895499999,20.904166233899996,5.32349967956543
12983,68650,106.0458356217,20.904166233899996,4.586393356323242
12983,68651,106.0500022884,20.904166233899996,5.9969353675842285
12983,68652,106.0541689551,20.904166233899996,8.158852577209473
12983,68653,106.0583356218,20.904166233899996,8.674332618713379
12983,68654,106.06250228849999,20.904166233899996,7.039310932159424
12983,68655,106.06666895519999,20.904166233899996,5.736440658569336
12983,68656,106.07083562189999,20.904166233899996,6.777272701263428
12983,68657,106.07500228859999,20.904166233899996,11.097241401672363
12983,68658,106.07916895529999,20.904166233899996,20.83754539489746
12983,68659,106.08333562199999,20.904166233899996,24.549659729003906
12983,68660,106.0875022887,20.904166233899996,22.96913719177246
12983,68661,106.0916689554,20.904166233899996,20.828750610351562
12983,68662,106.0958356221,20.904166233899996,15.598750114440918
12983,68663,106.1000022888,20.904166233899996,11.245438575744629
12983,68664,106.10416895549999,20.904166233899996,7.1896491050720215
12983,68665,106.10833562219999,20.904166233899996,7.276724338531494
12983,68666,106.11250228889999,20.904166233899996,7.137627124786377
12983,68667,106.11666895559999,20.904166233899996,5.100175857543945
12983,68668,106.12083562229999,20.904166233899996,5.8008928298950195
12983,68669,106.125002289,20.904166233899996,6.686607837677002
12983,68670,106.1291689557,20.904166233899996,6.328490734100342
12983,68671,106.1333356224,20.904166233899996,4.690363883972168
12984,68614,105.8958356205,20.8999995672,5.509167194366455
12984,68615,105.9000022872,20.8999995672,5.514655113220215
12984,68616,105.9041689539,20.8999995672,6.223859786987305
12984,68617,105.9083356206,20.8999995672,5.7335591316223145
12984,68618,105.91250228729999,20.8999995672,4.861269474029541
12984,68619,105.91666895399999,20.8999995672,5.2419352531433105
12984,68620,105.92083562069999,20.8999995672,5.328333377838135
12984,68621,105.92500228739999,20.8999995672,5.249152183532715
12984,68622,105.92916895409999,20.8999995672,5.049123287200928
12984,68623,105.9333356208,20.8999995672,3.855740547180176
12984,68624,105.9375022875,20.8999995672,3.246000289916992
12984,68625,105.9416689542,20.8999995672,3.2141506671905518
12984,68626,105.9458356209,20.8999995672,3.4145452976226807
12984,68627,105.95000228759999,20.8999995672,3.6618030071258545
12984,68628,105.95416895429999,20.8999995672,4.109016418457031
12984,68629,105.95833562099999,20.8999995672,3.968946933746338
12984,68630,105.96250228769999,20.8999995672,3.9308927059173584
12984,68631,105.96666895439999,20.8999995672,6.402203559875488
12984,68632,105.9708356211,20.8999995672,6.362711429595947
12984,68633,105.9750022878,20.8999995672,4.291016578674316
12984,68634,105.9791689545,20.8999995672,4.438499927520752
12984,68635,105.9833356212,20.8999995672,5.430877208709717
12984,68636,105.98750228789999,20.8999995672,4.915166854858398
12984,68637,105.99166895459999,20.8999995672,4.6803507804870605
12984,68638,105.99583562129999,20.8999995672,5.042500019073486
12984,68639,106.00000228799999,20.8999995672,4.427368640899658
12984,68640,106.00416895469999,20.8999995672,2.841723680496216
12984,68641,106.0083356214,20.8999995672,2.8267855644226074
12984,68642,106.0125022881,20.8999995672,3.616316080093384
12984,68643,106.0166689548,20.8999995672,3.489830493927002
12984,68644,106.0208356215,20.8999995672,3.404590129852295
12984,68645,106.02500228819999,20.8999995672,3.5914037227630615
12984,68646,106.02916895489999,20.8999995672,3.819824457168579
12984,68647,106.03333562159999,20.8999995672,4.907142639160156
12984,68648,106.03750228829999,20.8999995672,5.730781555175781
12984,68649,106.04166895499999,20.8999995672,6.485780715942383
12984,68650,106.0458356217,20.8999995672,6.029999732971191
12984,68651,106.0500022884,20.8999995672,6.892031192779541
12984,68652,106.0541689551,20.8999995672,9.449999809265137
12984,68653,106.0583356218,20.8999995672,12.256182670593262
12984,68654,106.06250228849999,20.8999995672,9.89089298248291
12984,68655,106.06666895519999,20.8999995672,7.813859462738037
12984,68656,106.07083562189999,20.8999995672,6.4825005531311035
12984,68657,106.07500228859999,20.8999995672,7.531052112579346
12984,68658,106.07916895529999,20.8999995672,14.65762710571289
12984,68659,106.08333562199999,20.8999995672,17.349660873413086
12984,68660,106.0875022887,20.8999995672,16.08035659790039
12984,68661,106.0916689554,20.8999995672,15.553034782409668
12984,68662,106.0958356221,20.8999995672,14.000893592834473
12984,68663,106.1000022888,20.8999995672,11.579827308654785
12984,68664,106.10416895549999,20.8999995672,7.7307024002075195
12984,68665,106.10833562219999,20.8999995672,4.595932483673096
12984,68666,106.11250228889999,20.8999995672,4.71999979019165
12984,68667,106.11666895559999,20.8999995672,3.7449123859405518
12984,68668,106.12083562229999,20.8999995672,3.7935595512390137
12984,68669,106.125002289,20.8999995672,4.6052632331848145
12984,68670,106.1291689557,20.8999995672,4.741886615753174
12984,68671,106.1333356224,20.8999995672,4.168333530426025
12984,68672,106.1375022891,20.8999995672,3.8383638858795166
12985,68614,105.8958356205,20.895832900499997,5.17293119430542
12985,68615,105.9000022872,20.895832900499997,4.914912700653076
12985,68616,105.9041689539,20.895832900499997,5.5286664962768555
12985,68617,105.9083356206,20.895832900499997,4.806551933288574
12985,68618,105.91250228729999,20.895832900499997,4.085968017578125
12985,68619,105.91666895399999,20.895832900499997,5.006129264831543
12985,68620,105.92083562069999,20.895832900499997,6.956000328063965
12985,68621,105.92500228739999,20.895832900499997,7.713500022888184
12985,68622,105.92916895409999,20.895832900499997,5.217966079711914
12985,68623,105.9333356208,20.895832900499997,3.9420690536499023
12985,68624,105.9375022875,20.895832900499997,3.224285840988159
12985,68625,105.9416689542,20.895832900499997,3.217358350753784
12985,68626,105.9458356209,20.895832900499997,3.292452812194824
12985,68627,105.95000228759999,20.895832900499997,3.8842854499816895
12985,68628,105.95416895429999,20.895832900499997,4.9081034660339355
12985,68629,105.95833562099999,20.895832900499997,4.714210510253906
12985,68630,105.96250228769999,20.895832900499997,4.332982540130615
12985,68631,105.96666895439999,20.895832900499997,4.597457408905029
12985,68632,105.9708356211,20.895832900499997,4.917666435241699
12985,68633,105.9750022878,20.895832900499997,6.716166019439697
12985,68634,105.9791689545,20.895832900499997,8.008644104003906
12985,68635,105.9833356212,20.895832900499997,7.075000286102295
12985,68636,105.98750228789999,20.895832900499997,6.059344291687012
12985,68637,105.99166895459999,20.895832900499997,5.421579360961914
12985,68638,105.99583562129999,20.895832900499997,3.9546427726745605
12985,68639,106.00000228799999,20.895832900499997,3.1006782054901123
12985,68640,106.00416895469999,20.895832900499997,2.827069044113159
12985,68641,106.0083356214,20.895832900499997,2.7832143306732178
12985,68642,106.0125022881,20.895832900499997,3.116000175476074
12985,68643,106.0166689548,20.895832900499997,3.292241096496582
12985,68644,106.0208356215,20.895832900499997,3.8328332901000977
12985,68645,106.02500228819999,20.895832900499997,3.8584485054016113
12985,68646,106.02916895489999,20.895832900499997,3.837758779525757
12985,68647,106.03333562159999,20.895832900499997,5.3577423095703125
12985,68648,106.03750228829999,20.895832900499997,6.223968029022217
12985,68649,106.04166895499999,20.895832900499997,7.863016128540039
12985,68650,106.0458356217,20.895832900499997,9.344688415527344
12985,68651,106.0500022884,20.895832900499997,9.85523796081543
12985,68652,106.0541689551,20.895832900499997,11.358870506286621
12985,68653,106.0583356218,20.895832900499997,14.991929054260254
12985,68654,106.06250228849999,20.895832900499997,16.377368927001953
12985,68655,106.06666895519999,20.895832900499997,15.251753807067871
12985,68656,106.07083562189999,20.895832900499997,9.612456321716309
12985,68657,106.07500228859999,20.895832900499997,6.886785984039307
12985,68658,106.07916895529999,20.895832900499997,6.840714454650879
12985,68659,106.08333562199999,20.895832900499997,7.071207046508789
12985,68660,106.0875022887,20.895832900499997,6.624912261962891
12985,68661,106.0916689554,20.895832900499997,7.958070755004883
12985,68662,106.0958356221,20.895832900499997,8.256552696228027
12985,68663,106.1000022888,20.895832900499997,7.051551342010498
12985,68664,106.10416895549999,20.895832900499997,5.4888129234313965
12985,68665,106.10833562219999,20.895832900499997,3.285862445831299
12985,68666,106.11250228889999,20.895832900499997,3.0149149894714355
12985,68667,106.11666895559999,20.895832900499997,2.972982406616211
12985,68668,106.12083562229999,20.895832900499997,3.0364911556243896
12985,68669,106.125002289,20.895832900499997,3.345555543899536
12985,68670,106.1291689557,20.895832900499997,3.978653907775879
12985,68671,106.1333356224,20.895832900499997,4.254528522491455
12985,68672,106.1375022891,20.895832900499997,4.065091133117676
12986,68615,105.9000022872,20.891666233799995,4.288571834564209
12986,68616,105.9041689539,20.891666233799995,4.331754207611084
12986,68617,105.9083356206,20.891666233799995,3.957414150238037
12986,68618,105.91250228729999,20.891666233799995,3.5099997520446777
12986,68619,105.91666895399999,20.891666233799995,3.9314756393432617
12986,68620,105.92083562069999,20.891666233799995,5.136166572570801
12986,68621,105.92500228739999,20.891666233799995,6.887757778167725
12986,68622,105.92916895409999,20.891666233799995,5.3925862312316895
12986,68623,105.9333356208,20.891666233799995,4.146333694458008
12986,68624,105.9375022875,20.891666233799995,3.2066102027893066
12986,68625,105.9416689542,20.891666233799995,3.1277780532836914
12986,68626,105.9458356209,20.891666233799995,3.123396158218384
12986,68627,105.95000228759999,20.891666233799995,4.2824530601501465
12986,68628,105.95416895429999,20.891666233799995,6.336034297943115
12986,68629,105.95833562099999,20.891666233799995,6.916071891784668
12986,68630,105.96250228769999,20.891666233799995,5.854210376739502
12986,68631,105.96666895439999,20.891666233799995,4.976440906524658
12986,68632,105.9708356211,20.891666233799995,5.2536211013793945
12986,68633,105.9750022878,20.891666233799995,10.693793296813965
12986,68634,105.9791689545,20.891666233799995,15.145535469055176
12986,68635,105.9833356212,20.891666233799995,12.928570747375488
12986,68636,105.98750228789999,20.891666233799995,7.941754341125488
12986,68637,105.99166895459999,20.891666233799995,6.579655170440674
12986,68638,105.99583562129999,20.891666233799995,4.130690097808838
12986,68639,106.00000228799999,20.891666233799995,3.253833532333374
12986,68640,106.00416895469999,20.891666233799995,2.9264285564422607
12986,68641,106.0083356214,20.891666233799995,2.826181650161743
12986,68642,106.0125022881,20.891666233799995,2.9181034564971924
12986,68643,106.0166689548,20.891666233799995,3.3394830226898193
12986,68644,106.0208356215,20.891666233799995,4.141290664672852
12986,68645,106.02500228819999,20.891666233799995,4.730499744415283
12986,68646,106.02916895489999,20.891666233799995,4.796833515167236
12986,68647,106.03333562159999,20.891666233799995,6.016557216644287
12986,68648,106.03750228829999,20.891666233799995,6.8428568840026855
12986,68649,106.04166895499999,20.891666233799995,10.865151405334473
12986,68650,106.0458356217,20.891666233799995,15.71153736114502
12986,68651,106.0500022884,20.891666233799995,14.672951698303223
12986,68652,106.0541689551,20.891666233799995,10.941802024841309
12986,68653,106.0583356218,20.891666233799995,11.785409927368164
12986,68654,106.06250228849999,20.891666233799995,16.916440963745117
12986,68655,106.06666895519999,20.891666233799995,18.261966705322266
12986,68656,106.07083562189999,20.891666233799995,12.334334373474121
12986,68657,106.07500228859999,20.891666233799995,7.387666702270508
12986,68658,106.07916895529999,20.891666233799995,4.523158073425293
12986,68659,106.08333562199999,20.891666233799995,3.984827995300293
12986,68660,106.0875022887,20.891666233799995,3.728181838989258
12986,68661,106.0916689554,20.891666233799995,3.6623213291168213
12986,68662,106.0958356221,20.891666233799995,3.591071367263794
12986,68663,106.1000022888,20.891666233799995,3.110175371170044
12986,68664,106.10416895549999,20.891666233799995,3.0117242336273193
12986,68665,106.10833562219999,20.891666233799995,2.6580700874328613
12986,68666,106.11250228889999,20.891666233799995,2.700861930847168
12986,68667,106.11666895559999,20.891666233799995,2.7972412109375
12986,68668,106.12083562229999,20.891666233799995,2.7377192974090576
12986,68669,106.125002289,20.891666233799995,2.6484215259552
12986,68670,106.1291689557,20.891666233799995,3.3794736862182617
12986,68671,106.1333356224,20.891666233799995,3.7427780628204346
12986,68672,106.1375022891,20.891666233799995,3.968181848526001
12986,68673,106.14166895579999,20.891666233799995,4.074643135070801
12987,68617,105.9083356206,20.887499567099997,4.1196489334106445
12987,68618,105.91250228729999,20.887499567099997,3.6053574085235596
12987,68619,105.91666895399999,20.887499567099997,3.412623167037964
12987,68620,105.92083562069999,20.887499567099997,4.046206951141357
12987,68621,105.92500228739999,20.887499567099997,4.976551532745361
12987,68622,105.92916895409999,20.887499567099997,5.575263977050781
12987,68623,105.9333356208,20.887499567099997,5.293620586395264
12987,68624,105.9375022875,20.887499567099997,3.979818105697632
12987,68625,105.9416689542,20.887499567099997,3.3619232177734375
12987,68626,105.9458356209,20.887499567099997,3.252075433731079
12987,68627,105.95000228759999,20.887499567099997,5.156153678894043
12987,68628,105.95416895429999,20.887499567099997,7.104464054107666
12987,68629,105.95833562099999,20.887499567099997,7.632142543792725
12987,68630,105.96250228769999,20.887499567099997,6.671753883361816
12987,68631,105.96666895439999,20.887499567099997,4.948983192443848
12987,68632,105.9708356211,20.887499567099997,5.019649028778076
12987,68633,105.9750022878,20.887499567099997,7.061724662780762
12987,68634,105.9791689545,20.887499567099997,10.319464683532715
12987,68635,105.9833356212,20.887499567099997,12.865534782409668
12987,68636,105.98750228789999,20.887499567099997,8.329245567321777
12987,68637,105.99166895459999,20.887499567099997,6.488036155700684
12987,68638,105.99583562129999,20.887499567099997,4.260172367095947
12987,68639,106.00000228799999,20.887499567099997,3.61816668510437
12987,68640,106.00416895469999,20.887499567099997,3.4733335971832275
12987,68641,106.0083356214,20.887499567099997,3.148909091949463
12987,68642,106.0125022881,20.887499567099997,2.942105531692505
12987,68643,106.0166689548,20.887499567099997,3.2689473628997803
12987,68644,106.0208356215,20.887499567099997,3.6990163326263428
12987,68645,106.02500228819999,20.887499567099997,4.859333515167236
12987,68646,106.02916895489999,20.887499567099997,5.391311168670654
12987,68647,106.03333562159999,20.887499567099997,6.376500129699707
12987,68648,106.03750228829999,20.887499567099997,7.952131271362305
12987,68649,106.04166895499999,20.887499567099997,12.290312767028809
12987,68650,106.0458356217,20.887499567099997,14.64306354522705
12987,68651,106.0500022884,20.887499567099997,13.101165771484375
12987,68652,106.0541689551,20.887499567099997,6.43250036239624
12987,68653,106.0583356218,20.887499567099997,5.570833683013916
12987,68654,106.06250228849999,20.887499567099997,8.853279113769531
12987,68655,106.06666895519999,20.887499567099997,11.239166259765625
12987,68656,106.07083562189999,20.887499567099997,9.676780700683594
12987,68657,106.07500228859999,20.887499567099997,6.539999961853027
12987,68658,106.07916895529999,20.887499567099997,3.715423822402954
12987,68659,106.08333562199999,20.887499567099997,3.3053700923919678
12987,68660,106.0875022887,20.887499567099997,3.03377366065979
12987,68661,106.0916689554,20.887499567099997,2.846785306930542
12987,68662,106.0958356221,20.887499567099997,2.775932550430298
12987,68663,106.1000022888,20.887499567099997,2.8755931854248047
12987,68664,106.10416895549999,20.887499567099997,2.749666690826416
12987,68665,106.10833562219999,20.887499567099997,2.602033853530884
12987,68666,106.11250228889999,20.887499567099997,2.6175436973571777
12987,68667,106.11666895559999,20.887499567099997,2.4126317501068115
12987,68668,106.12083562229999,20.887499567099997,2.1827118396759033
12987,68669,106.125002289,20.887499567099997,1.9864997863769531
12987,68670,106.1291689557,20.887499567099997,2.431166648864746
12987,68671,106.1333356224,20.887499567099997,3.087719678878784
12987,68672,106.1375022891,20.887499567099997,3.8363161087036133
12987,68673,106.14166895579999,20.887499567099997,3.735931873321533
12987,68674,106.14583562249999,20.887499567099997,3.431500196456909
12988,68619,105.91666895399999,20.883332900399996,3.508333921432495
12988,68620,105.92083562069999,20.883332900399996,3.1324193477630615
12988,68621,105.92500228739999,20.883332900399996,3.4104998111724854
12988,68622,105.92916895409999,20.883332900399996,4.508965969085693
12988,68623,105.9333356208,20.883332900399996,4.713393211364746
12988,68624,105.9375022875,20.883332900399996,4.2605881690979
12988,68625,105.9416689542,20.883332900399996,3.5078847408294678
12988,68626,105.9458356209,20.883332900399996,3.1732726097106934
12988,68627,105.95000228759999,20.883332900399996,3.7194230556488037
12988,68628,105.95416895429999,20.883332900399996,4.553396224975586
12988,68629,105.95833562099999,20.883332900399996,4.549622535705566
12988,68630,105.96250228769999,20.883332900399996,3.735384464263916
12988,68631,105.96666895439999,20.883332900399996,3.625
12988,68632,105.9708356211,20.883332900399996,3.564727306365967
12988,68633,105.9750022878,20.883332900399996,3.7742373943328857
12988,68634,105.9791689545,20.883332900399996,6.541017055511475
12988,68635,105.9833356212,20.883332900399996,8.02491283416748
12988,68636,105.98750228789999,20.883332900399996,7.66964864730835
12988,68637,105.99166895459999,20.883332900399996,6.4501729011535645
12988,68638,105.99583562129999,20.883332900399996,4.338983058929443
12988,68639,106.00000228799999,20.883332900399996,3.8622031211853027
12988,68640,106.00416895469999,20.883332900399996,3.946896553039551
12988,68641,106.0083356214,20.883332900399996,3.5892982482910156
12988,68642,106.0125022881,20.883332900399996,3.12786865234375
12988,68643,106.0166689548,20.883332900399996,3.1022582054138184
12988,68644,106.0208356215,20.883332900399996,3.3542377948760986
12988,68645,106.02500228819999,20.883332900399996,4.259999752044678
12988,68646,106.02916895489999,20.883332900399996,5.442166805267334
12988,68647,106.03333562159999,20.883332900399996,6.888999938964844
12988,68648,106.03750228829999,20.883332900399996,10.24084758758545
12988,68649,106.04166895499999,20.883332900399996,13.70966625213623
12988,68650,106.0458356217,20.883332900399996,13.849508285522461
12988,68651,106.0500022884,20.883332900399996,10.581167221069336
12988,68652,106.0541689551,20.883332900399996,7.028709888458252
12988,68653,106.0583356218,20.883332900399996,5.27833366394043
12988,68654,106.06250228849999,20.883332900399996,4.736609935760498
12988,68655,106.06666895519999,20.883332900399996,4.91714334487915
12988,68656,106.07083562189999,20.883332900399996,4.874666213989258
12988,68657,106.07500228859999,20.883332900399996,4.319666385650635
12988,68658,106.07916895529999,20.883332900399996,3.2132785320281982
12988,68659,106.08333562199999,20.883332900399996,2.807857036590576
12988,68660,106.0875022887,20.883332900399996,2.6305556297302246
12988,68661,106.0916689554,20.883332900399996,2.4225001335144043
12988,68662,106.0958356221,20.883332900399996,2.584310293197632
12988,68663,106.1000022888,20.883332900399996,2.717118501663208
12988,68664,106.10416895549999,20.883332900399996,2.6131033897399902
12988,68665,106.10833562219999,20.883332900399996,2.3996613025665283
12988,68666,106.11250228889999,20.883332900399996,2.5247368812561035
12988,68667,106.11666895559999,20.883332900399996,2.244655132293701
12988,68668,106.12083562229999,20.883332900399996,1.9564999341964722
12988,68669,106.125002289,20.883332900399996,1.9191802740097046
12988,68670,106.1291689557,20.883332900399996,2.2152457237243652
12988,68671,106.1333356224,20.883332900399996,2.885999917984009
12988,68672,106.1375022891,20.883332900399996,3.2103278636932373
12988,68673,106.14166895579999,20.883332900399996,3.134333372116089
12988,68674,106.14583562249999,20.883332900399996,3.4285247325897217
12989,68621,105.92500228739999,20.879166233699998,3.1471664905548096
12989,68622,105.92916895409999,20.879166233699998,3.391052484512329
12989,68623,105.9333356208,20.879166233699998,3.669821262359619
12989,68624,105.9375022875,20.879166233699998,3.781346321105957
12989,68625,105.9416689542,20.879166233699998,3.3763463497161865
12989,68626,105.9458356209,20.879166233699998,2.8418517112731934
12989,68627,105.95000228759999,20.879166233699998,2.8420000076293945
12989,68628,105.95416895429999,20.879166233699998,3.120877265930176
12989,68629,105.95833562099999,20.879166233699998,3.2825491428375244
12989,68630,105.96250228769999,20.879166233699998,3.1094231605529785
12989,68631,105.96666895439999,20.879166233699998,3.207963228225708
12989,68632,105.9708356211,20.879166233699998,3.3941071033477783
12989,68633,105.9750022878,20.879166233699998,3.149649143218994
12989,68634,105.9791689545,20.879166233699998,4.363620758056641
12989,68635,105.9833356212,20.879166233699998,5.708103656768799
12989,68636,105.98750228789999,20.879166233699998,6.8182454109191895
12989,68637,105.99166895459999,20.879166233699998,6.560172080993652
12989,68638,105.99583562129999,20.879166233699998,4.566499710083008
12989,68639,106.00000228799999,20.879166233699998,3.5167794227600098
12989,68640,106.00416895469999,20.879166233699998,3.383000135421753
12989,68641,106.0083356214,20.879166233699998,3.367457389831543
12989,68642,106.0125022881,20.879166233699998,3.2855000495910645
12989,68643,106.0166689548,20.879166233699998,3.1568334102630615
12989,68644,106.0208356215,20.879166233699998,3.5746774673461914
12989,68645,106.02500228819999,20.879166233699998,4.346832752227783
12989,68646,106.02916895489999,20.879166233699998,6.149491310119629
12989,68647,106.03333562159999,20.879166233699998,8.319655418395996
12989,68648,106.03750228829999,20.879166233699998,12.101036071777344
12989,68649,106.04166895499999,20.879166233699998,16.64655303955078
12989,68650,106.0458356217,20.879166233699998,19.75
12989,68651,106.0500022884,20.879166233699998,12.760848045349121
12989,68652,106.0541689551,20.879166233699998,7.6705002784729
12989,68653,106.0583356218,20.879166233699998,5.546034336090088
12989,68654,106.06250228849999,20.879166233699998,4.185084342956543
12989,68655,106.06666895519999,20.879166233699998,3.8268330097198486
12989,68656,106.07083562189999,20.879166233699998,3.7309834957122803
12989,68657,106.07500228859999,20.879166233699998,3.3445160388946533
12989,68658,106.07916895529999,20.879166233699998,2.8334925174713135
12989,68659,106.08333562199999,20.879166233699998,2.513666868209839
12989,68660,106.0875022887,20.879166233699998,2.475555419921875
12989,68661,106.0916689554,20.879166233699998,2.2978947162628174
12989,68662,106.0958356221,20.879166233699998,2.4532203674316406
12989,68663,106.1000022888,20.879166233699998,2.832982301712036
12989,68664,106.10416895549999,20.879166233699998,2.495178699493408
12989,68665,106.10833562219999,20.879166233699998,2.032294988632202
12989,68666,106.11250228889999,20.879166233699998,2.0983052253723145
12989,68667,106.11666895559999,20.879166233699998,2.0701754093170166
12989,68668,106.12083562229999,20.879166233699998,1.8263334035873413
12989,68669,106.125002289,20.879166233699998,1.872623085975647
12989,68670,106.1291689557,20.879166233699998,2.3720688819885254
12989,68671,106.1333356224,20.879166233699998,2.507457733154297
12989,68672,106.1375022891,20.879166233699998,2.1803393363952637
12989,68673,106.14166895579999,20.879166233699998,2.083559274673462
12990,68622,105.92916895409999,20.874999566999996,2.844074010848999
12990,68623,105.9333356208,20.874999566999996,3.008448362350464
12990,68624,105.9375022875,20.874999566999996,3.354182004928589
12990,68625,105.9416689542,20.874999566999996,3.2835185527801514
12990,68626,105.9458356209,20.874999566999996,2.872856855392456
12990,68627,105.95000228759999,20.874999566999996,2.803090810775757
12990,68628,105.95416895429999,20.874999566999996,3.15625
12990,68629,105.95833562099999,20.874999566999996,3.167647123336792
12990,68630,105.96250228769999,20.874999566999996,2.955294132232666
12990,68631,105.96666895439999,20.874999566999996,3.7033965587615967
12990,68632,105.9708356211,20.874999566999996,3.794107437133789
12990,68633,105.9750022878,20.874999566999996,3.125438690185547
12990,68634,105.9791689545,20.874999566999996,3.0908617973327637
12990,68635,105.9833356212,20.874999566999996,4.299285411834717
12990,68636,105.98750228789999,20.874999566999996,5.604464530944824
12990,68637,105.99166895459999,20.874999566999996,6.466140270233154
12990,68638,105.99583562129999,20.874999566999996,5.5510172843933105
12990,68639,106.00000228799999,20.874999566999996,4.168965816497803
12990,68640,106.00416895469999,20.874999566999996,3.4155173301696777
12990,68641,106.0083356214,20.874999566999996,3.3275861740112305
12990,68642,106.0125022881,20.874999566999996,3.2698330879211426
12990,68643,106.0166689548,20.874999566999996,3.4137704372406006
12990,68644,106.0208356215,20.874999566999996,4.548360824584961
12990,68645,106.02500228819999,20.874999566999996,4.958135604858398
12990,68646,106.02916895489999,20.874999566999996,6.467414379119873
12990,68647,106.03333562159999,20.874999566999996,9.072105407714844
12990,68648,106.03750228829999,20.874999566999996,12.843276023864746
12990,68649,106.04166895499999,20.874999566999996,17.723114013671875
12990,68650,106.0458356217,20.874999566999996,20.020998001098633
12990,68651,106.0500022884,20.874999566999996,13.74982738494873
12990,68652,106.0541689551,20.874999566999996,7.624999523162842
12990,68653,106.0583356218,20.874999566999996,5.611754417419434
12990,68654,106.06250228849999,20.874999566999996,4.386785507202148
12990,68655,106.06666895519999,20.874999566999996,3.574310302734375
12990,68656,106.07083562189999,20.874999566999996,3.174745798110962
12990,68657,106.07500228859999,20.874999566999996,2.8266665935516357
12990,68658,106.07916895529999,20.874999566999996,2.5329506397247314
12990,68659,106.08333562199999,20.874999566999996,2.4425806999206543
12990,68660,106.0875022887,20.874999566999996,2.5953574180603027
12990,68661,106.0916689554,20.874999566999996,2.628103494644165
12990,68662,106.0958356221,20.874999566999996,2.5010526180267334
12990,68663,106.1000022888,20.874999566999996,2.4382758140563965
12990,68664,106.10416895549999,20.874999566999996,2.0808331966400146
12990,68665,106.10833562219999,20.874999566999996,1.7941664457321167
12990,68666,106.11250228889999,20.874999566999996,1.7886204719543457
12990,68667,106.11666895559999,20.874999566999996,1.8287498950958252
12990,68668,106.12083562229999,20.874999566999996,1.721333384513855
12990,68669,106.125002289,20.874999566999996,2.062666893005371
12990,68670,106.1291689557,20.874999566999996,2.765932321548462
12990,68671,106.1333356224,20.874999566999996,2.4761016368865967
12990,68672,106.1375022891,20.874999566999996,1.9428069591522217
12990,68673,106.14166895579999,20.874999566999996,1.7479310035705566
12991,68623,105.9333356208,20.870832900299998,2.662931203842163
12991,68624,105.9375022875,20.870832900299998,2.878363609313965
12991,68625,105.9416689542,20.870832900299998,3.1443395614624023
12991,68626,105.9458356209,20.870832900299998,3.2607405185699463
12991,68627,105.95000228759999,20.870832900299998,3.5745456218719482
12991,68628,105.95416895429999,20.870832900299998,4.115849018096924
12991,68629,105.95833562099999,20.870832900299998,3.683799982070923
12991,68630,105.96250228769999,20.870832900299998,3.3499999046325684
12991,68631,105.96666895439999,20.870832900299998,4.275185585021973
12991,68632,105.9708356211,20.870832900299998,4.180363655090332
12991,68633,105.9750022878,20.870832900299998,3.0125863552093506
12991,68634,105.9791689545,20.870832900299998,2.8540351390838623
12991,68635,105.9833356212,20.870832900299998,3.949636220932007
12991,68636,105.98750228789999,20.870832900299998,4.668363094329834
12991,68637,105.99166895459999,20.870832900299998,5.789285182952881
12991,68638,105.99583562129999,20.870832900299998,6.082033634185791
12991,68639,106.00000228799999,20.870832900299998,4.398688316345215
12991,68640,106.00416895469999,20.870832900299998,3.4093332290649414
12991,68641,106.0083356214,20.870832900299998,3.2271666526794434
12991,68642,106.0125022881,20.870832900299998,3.627413511276245
12991,68643,106.0166689548,20.870832900299998,3.722036838531494
12991,68644,106.0208356215,20.870832900299998,5.6066670417785645
12991,68645,106.02500228819999,20.870832900299998,6.4553446769714355
12991,68646,106.02916895489999,20.870832900299998,7.163103103637695
12991,68647,106.03333562159999,20.870832900299998,8.907368659973145
12991,68648,106.03750228829999,20.870832900299998,12.315356254577637
12991,68649,106.04166895499999,20.870832900299998,14.685409545898438
12991,68650,106.0458356217,20.870832900299998,14.623333930969238
12991,68651,106.0500022884,20.870832900299998,9.889165878295898
12991,68652,106.0541689551,20.870832900299998,7.539499759674072
12991,68653,106.0583356218,20.870832900299998,5.9671430587768555
12991,68654,106.06250228849999,20.870832900299998,4.561249732971191
12991,68655,106.06666895519999,20.870832900299998,3.795454502105713
12991,68656,106.07083562189999,20.870832900299998,3.1548147201538086
12991,68657,106.07500228859999,20.870832900299998,2.8585712909698486
12991,68658,106.07916895529999,20.870832900299998,2.616833209991455
12991,68659,106.08333562199999,20.870832900299998,2.5738332271575928
12991,68660,106.0875022887,20.870832900299998,2.6922411918640137
12991,68661,106.0916689554,20.870832900299998,2.7498250007629395
12991,68662,106.0958356221,20.870832900299998,2.551578998565674
12991,68663,106.1000022888,20.870832900299998,2.1126785278320312
12991,68664,106.10416895549999,20.870832900299998,1.8491380214691162
12991,68665,106.10833562219999,20.870832900299998,1.7496551275253296
12991,68666,106.11250228889999,20.870832900299998,0.0
12991,68667,106.11666895559999,20.870832900299998,0.0
12991,68668,106.12083562229999,20.870832900299998,1.7668421268463135
12991,68669,106.125002289,20.870832900299998,2.247457504272461
12991,68670,106.1291689557,20.870832900299998,2.8508331775665283
12991,68671,106.1333356224,20.870832900299998,2.4127869606018066
12991,68672,106.1375022891,20.870832900299998,1.885689616203308
12991,68673,106.14166895579999,20.870832900299998,1.893508791923523
12992,68624,105.9375022875,20.866666233599997,2.532263994216919
12992,68625,105.9416689542,20.866666233599997,3.0638887882232666
12992,68626,105.9458356209,20.866666233599997,3.9528846740722656
12992,68627,105.95000228759999,20.866666233599997,3.995000123977661
12992,68628,105.95416895429999,20.866666233599997,4.379799842834473
12992,68629,105.95833562099999,20.866666233599997,4.298775672912598
12992,68630,105.96250228769999,20.866666233599997,4.900577068328857
12992,68631,105.96666895439999,20.866666233599997,5.723999500274658
12992,68632,105.9708356211,20.866666233599997,5.712909698486328
12992,68633,105.9750022878,20.866666233599997,4.796206951141357
12992,68634,105.9791689545,20.866666233599997,4.840517044067383
12992,68635,105.9833356212,20.866666233599997,5.3710713386535645
12992,68636,105.98750228789999,20.866666233599997,5.687090873718262
12992,68637,105.99166895459999,20.866666233599997,6.759999752044678
12992,68638,105.99583562129999,20.866666233599997,6.391500473022461
12992,68639,106.00000228799999,20.866666233599997,4.85660982131958
12992,68640,106.00416895469999,20.866666233599997,3.1624999046325684
12992,68641,106.0083356214,20.866666233599997,3.403728723526001
12992,68642,106.0125022881,20.866666233599997,4.164912223815918
12992,68643,106.0166689548,20.866666233599997,4.028679847717285
12992,68644,106.0208356215,20.866666233599997,4.9035186767578125
12992,68645,106.02500228819999,20.866666233599997,6.3436360359191895
12992,68646,106.02916895489999,20.866666233599997,7.97418212890625
12992,68647,106.03333562159999,20.866666233599997,8.362407684326172
12992,68648,106.03750228829999,20.866666233599997,10.10058879852295
12992,68649,106.04166895499999,20.866666233599997,11.02581787109375
12992,68650,106.0458356217,20.866666233599997,9.83385944366455
12992,68651,106.0500022884,20.866666233599997,7.044137954711914
12992,68652,106.0541689551,20.866666233599997,6.689152717590332
12992,68653,106.0583356218,20.866666233599997,5.334918022155762
12992,68654,106.06250228849999,20.866666233599997,4.666034698486328
12992,68655,106.06666895519999,20.866666233599997,4.1664814949035645
12992,68656,106.07083562189999,20.866666233599997,3.438039541244507
12992,68657,106.07500228859999,20.866666233599997,3.0999999046325684
12992,68658,106.07916895529999,20.866666233599997,2.871896505355835
12992,68659,106.08333562199999,20.866666233599997,2.4513792991638184
12992,68660,106.0875022887,20.866666233599997,2.3518965244293213
12992,68661,106.0916689554,20.866666233599997,2.319655418395996
12992,68662,106.0958356221,20.866666233599997,2.3167240619659424
12992,68663,106.1000022888,20.866666233599997,2.278181791305542
12992,68664,106.10416895549999,20.866666233599997,2.073859691619873
12992,68665,106.10833562219999,20.866666233599997,1.9054545164108276
12992,68666,106.11250228889999,20.866666233599997,1.8650000095367432
12992,68667,106.11666895559999,20.866666233599997,1.768908977508545
12992,68668,106.12083562229999,20.866666233599997,1.8273332118988037
12992,68669,106.125002289,20.866666233599997,2.0400002002716064
12992,68670,106.1291689557,20.866666233599997,2.128999948501587
12992,68671,106.1333356224,20.866666233599997,1.9785001277923584
12992,68672,106.1375022891,20.866666233599997,1.7583333253860474
12992,68673,106.14166895579999,20.866666233599997,1.8760656118392944
12993,68624,105.9375022875,20.862499566899995,2.4375438690185547
12993,68625,105.9416689542,20.862499566899995,3.1118180751800537
12993,68626,105.9458356209,20.862499566899995,4.142452716827393
12993,68627,105.95000228759999,20.862499566899995,3.7854716777801514
12993,68628,105.95416895429999,20.862499566899995,3.3625001907348633
12993,68629,105.95833562099999,20.862499566899995,4.4945454597473145
12993,68630,105.96250228769999,20.862499566899995,5.831272125244141
12993,68631,105.96666895439999,20.862499566899995,6.886908531188965
12993,68632,105.9708356211,20.862499566899995,6.567500591278076
12993,68633,105.9750022878,20.862499566899995,6.147272109985352
12993,68634,105.9791689545,20.862499566899995,6.001551628112793
12993,68635,105.9833356212,20.862499566899995,6.55576229095459
12993,68636,105.98750228789999,20.862499566899995,6.655862331390381
12993,68637,105.99166895459999,20.862499566899995,8.2345609664917
12993,68638,105.99583562129999,20.862499566899995,9.057241439819336
12993,68639,106.00000228799999,20.862499566899995,6.458965301513672
12993,68640,106.00416895469999,20.862499566899995,3.765892744064331
12993,68641,106.0083356214,20.862499566899995,3.509824752807617
12993,68642,106.0125022881,20.862499566899995,4.326000213623047
12993,68643,106.0166689548,20.862499566899995,4.2228569984436035
12993,68644,106.0208356215,20.862499566899995,4.967543601989746
12993,68645,106.02500228819999,20.862499566899995,7.009073257446289
12993,68646,106.02916895489999,20.862499566899995,8.596296310424805
12993,68647,106.03333562159999,20.862499566899995,7.028909206390381
12993,68648,106.03750228829999,20.862499566899995,6.474814414978027
12993,68649,106.04166895499999,20.862499566899995,6.696482181549072
12993,68650,106.0458356217,20.862499566899995,6.084237098693848
12993,68651,106.0500022884,20.862499566899995,5.699821472167969
12993,68652,106.0541689551,20.862499566899995,5.413207530975342
12993,68653,106.0583356218,20.862499566899995,4.68862771987915
12993,68654,106.06250228849999,20.862499566899995,4.427450656890869
12993,68655,106.06666895519999,20.862499566899995,4.504509925842285
12993,68656,106.07083562189999,20.862499566899995,4.120408535003662
12993,68657,106.07500228859999,20.862499566899995,3.556274652481079
12993,68658,106.07916895529999,20.862499566899995,2.996481418609619
12993,68659,106.08333562199999,20.862499566899995,2.4059648513793945
12993,68660,106.0875022887,20.862499566899995,2.2187931537628174
12993,68661,106.0916689554,20.862499566899995,2.176379442214966
12993,68662,106.0958356221,20.862499566899995,2.240000009536743
12993,68663,106.1000022888,20.862499566899995,2.3910346031188965
12993,68664,106.10416895549999,20.862499566899995,2.342711925506592
12993,68665,106.10833562219999,20.862499566899995,2.0368964672088623
12993,68666,106.11250228889999,20.862499566899995,1.9763792753219604
12993,68667,106.11666895559999,20.862499566899995,2.2566072940826416
12993,68668,106.12083562229999,20.862499566899995,2.3241376876831055
12993,68669,106.125002289,20.862499566899995,2.126896619796753
12993,68670,106.1291689557,20.862499566899995,1.8350001573562622
12993,68671,106.1333356224,20.862499566899995,1.757627248764038
12993,68672,106.1375022891,20.862499566899995,1.7276668548583984
12993,68673,106.14166895579999,20.862499566899995,1.783275842666626
12994,68624,105.9375022875,20.858332900199997,2.2972726821899414
12994,68625,105.9416689542,20.858332900199997,2.5601818561553955
12994,68626,105.9458356209,20.858332900199997,3.0592453479766846
12994,68627,105.95000228759999,20.858332900199997,2.8374547958374023
12994,68628,105.95416895429999,20.858332900199997,2.664107084274292
12994,68629,105.95833562099999,20.858332900199997,3.152857542037964
12994,68630,105.96250228769999,20.858332900199997,4.234259128570557
12994,68631,105.96666895439999,20.858332900199997,5.13962984085083
12994,68632,105.9708356211,20.858332900199997,4.727036952972412
12994,68633,105.9750022878,20.858332900199997,4.5318522453308105
12994,68634,105.9791689545,20.858332900199997,4.595926284790039
12994,68635,105.9833356212,20.858332900199997,4.129310131072998
12994,68636,105.98750228789999,20.858332900199997,3.5649123191833496
12994,68637,105.99166895459999,20.858332900199997,4.996034145355225
12994,68638,105.99583562129999,20.858332900199997,7.716908931732178
12994,68639,106.00000228799999,20.858332900199997,6.569655418395996
12994,68640,106.00416895469999,20.858332900199997,4.2575860023498535
12994,68641,106.0083356214,20.858332900199997,3.752241373062134
12994,68642,106.0125022881,20.858332900199997,4.821091175079346
12994,68643,106.0166689548,20.858332900199997,5.4585185050964355
12994,68644,106.0208356215,20.858332900199997,5.252857208251953
12994,68645,106.02500228819999,20.858332900199997,6.525892734527588
12994,68646,106.02916895489999,20.858332900199997,8.493999481201172
12994,68647,106.03333562159999,20.858332900199997,8.006296157836914
12994,68648,106.03750228829999,20.858332900199997,6.4850945472717285
12994,68649,106.04166895499999,20.858332900199997,5.75
12994,68650,106.0458356217,20.858332900199997,5.028304576873779
12994,68651,106.0500022884,20.858332900199997,4.4227776527404785
12994,68652,106.0541689551,20.858332900199997,4.0933332443237305
12994,68653,106.0583356218,20.858332900199997,3.991509199142456
12994,68654,106.06250228849999,20.858332900199997,3.777818202972412
12994,68655,106.06666895519999,20.858332900199997,4.053518295288086
12994,68656,106.07083562189999,20.858332900199997,4.143207550048828
12994,68657,106.07500228859999,20.858332900199997,3.3161540031433105
12994,68658,106.07916895529999,20.858332900199997,2.761730670928955
12994,68659,106.08333562199999,20.858332900199997,2.4179630279541016
12994,68660,106.0875022887,20.858332900199997,2.338750123977661
12994,68661,106.0916689554,20.858332900199997,2.6729092597961426
12994,68662,106.0958356221,20.858332900199997,2.8885715007781982
12994,68663,106.1000022888,20.858332900199997,2.9479312896728516
12994,68664,106.10416895549999,20.858332900199997,2.9143333435058594
12994,68665,106.10833562219999,20.858332900199997,2.5864408016204834
12994,68666,106.11250228889999,20.858332900199997,2.411428451538086
12994,68667,106.11666895559999,20.858332900199997,2.8814034461975098
12994,68668,106.12083562229999,20.858332900199997,3.376500129699707
12994,68669,106.125002289,20.858332900199997,2.6385483741760254
12994,68670,106.1291689557,20.858332900199997,1.7872132062911987
12994,68671,106.1333356224,20.858332900199997,1.7659679651260376
12994,68672,106.1375022891,20.858332900199997,1.8764997720718384
12994,68673,106.14166895579999,20.858332900199997,2.1368420124053955
12995,68624,105.9375022875,20.854166233499996,2.2474074363708496
12995,68625,105.9416689542,20.854166233499996,2.447499990463257
12995,68626,105.9458356209,20.854166233499996,2.544905662536621
12995,68627,105.95000228759999,20.854166233499996,2.4144444465637207
12995,68628,105.95416895429999,20.854166233499996,2.4866068363189697
12995,68629,105.95833562099999,20.854166233499996,2.888181686401367
12995,68630,105.96250228769999,20.854166233499996,3.4211108684539795
12995,68631,105.96666895439999,20.854166233499996,3.732264280319214
12995,68632,105.9708356211,20.854166233499996,3.396792411804199
12995,68633,105.9750022878,20.854166233499996,3.1150944232940674
12995,68634,105.9791689545,20.854166233499996,3.1394338607788086
12995,68635,105.9833356212,20.854166233499996,2.9425456523895264
12995,68636,105.98750228789999,20.854166233499996,2.724912405014038
12995,68637,105.99166895459999,20.854166233499996,3.7047371864318848
12995,68638,105.99583562129999,20.854166233499996,5.600175380706787
12995,68639,106.00000228799999,20.854166233499996,5.635437965393066
12995,68640,106.00416895469999,20.854166233499996,4.831249713897705
12995,68641,106.0083356214,20.854166233499996,4.809642791748047
12995,68642,106.0125022881,20.854166233499996,6.347142696380615
12995,68643,106.0166689548,20.854166233499996,7.676296710968018
12995,68644,106.0208356215,20.854166233499996,5.778749942779541
12995,68645,106.02500228819999,20.854166233499996,5.972727298736572
12995,68646,106.02916895489999,20.854166233499996,9.241753578186035
12995,68647,106.03333562159999,20.854166233499996,10.199454307556152
12995,68648,106.03750228829999,20.854166233499996,7.139074325561523
12995,68649,106.04166895499999,20.854166233499996,5.370384693145752
12995,68650,106.0458356217,20.854166233499996,3.839818239212036
12995,68651,106.0500022884,20.854166233499996,3.3419604301452637
12995,68652,106.0541689551,20.854166233499996,3.1192450523376465
12995,68653,106.0583356218,20.854166233499996,3.047358751296997
12995,68654,106.06250228849999,20.854166233499996,2.9967923164367676
12995,68655,106.06666895519999,20.854166233499996,3.3328301906585693
12995,68656,106.07083562189999,20.854166233499996,3.5537734031677246
12995,68657,106.07500228859999,20.854166233499996,3.071636438369751
12995,68658,106.07916895529999,20.854166233499996,2.4942104816436768
12995,68659,106.08333562199999,20.854166233499996,2.3457894325256348
12995,68660,106.0875022887,20.854166233499996,2.506551742553711
12995,68661,106.0916689554,20.854166233499996,2.914151191711426
12995,68662,106.0958356221,20.854166233499996,3.0950000286102295
12995,68663,106.1000022888,20.854166233499996,3.113888740539551
12995,68664,106.10416895549999,20.854166233499996,3.4830002784729004
12995,68665,106.10833562219999,20.854166233499996,3.6619999408721924
12995,68666,106.11250228889999,20.854166233499996,2.814666748046875
12995,68667,106.11666895559999,20.854166233499996,3.299344539642334
12995,68668,106.12083562229999,20.854166233499996,5.0625
12995,68669,106.125002289,20.854166233499996,3.7388134002685547
12995,68670,106.1291689557,20.854166233499996,2.228196859359741
12995,68671,106.1333356224,20.854166233499996,1.8496723175048828
12995,68672,106.1375022891,20.854166233499996,1.8988709449768066
12996,68623,105.9333356208,20.849999566799998,2.1451783180236816
12996,68624,105.9375022875,20.849999566799998,2.1421568393707275
12996,68625,105.9416689542,20.849999566799998,2.3175997734069824
12996,68626,105.9458356209,20.849999566799998,2.459259271621704
12996,68627,105.95000228759999,20.849999566799998,2.564363718032837
12996,68628,105.95416895429999,20.849999566799998,2.7583634853363037
12996,68629,105.95833562099999,20.849999566799998,3.0
12996,68630,105.96250228769999,20.849999566799998,3.8967857360839844
12996,68631,105.96666895439999,20.849999566799998,4.192759037017822
12996,68632,105.9708356211,20.849999566799998,3.5489284992218018
12996,68633,105.9750022878,20.849999566799998,3.1374073028564453
12996,68634,105.9791689545,20.849999566799998,3.3462960720062256
12996,68635,105.9833356212,20.849999566799998,3.4133331775665283
12996,68636,105.98750228789999,20.849999566799998,2.985499620437622
12996,68637,105.99166895459999,20.849999566799998,3.0996720790863037
12996,68638,105.99583562129999,20.849999566799998,3.7463159561157227
12996,68639,106.00000228799999,20.849999566799998,4.780178546905518
12996,68640,106.00416895469999,20.849999566799998,5.302036285400391
12996,68641,106.0083356214,20.849999566799998,6.2542853355407715
12996,68642,106.0125022881,20.849999566799998,8.451227188110352
12996,68643,106.0166689548,20.849999566799998,8.158771514892578
12996,68644,106.0208356215,20.849999566799998,6.102456569671631
12996,68645,106.02500228819999,20.849999566799998,7.143636226654053
12996,68646,106.02916895489999,20.849999566799998,8.585965156555176
12996,68647,106.03333562159999,20.849999566799998,8.01535701751709
12996,68648,106.03750228829999,20.849999566799998,5.470000267028809
12996,68649,106.04166895499999,20.849999566799998,4.254339694976807
12996,68650,106.0458356217,20.849999566799998,4.314615249633789
12996,68651,106.0500022884,20.849999566799998,3.5441999435424805
12996,68652,106.0541689551,20.849999566799998,3.3317649364471436
12996,68653,106.0583356218,20.849999566799998,4.747358322143555
12996,68654,106.06250228849999,20.849999566799998,4.387962818145752
12996,68655,106.06666895519999,20.849999566799998,3.6156604290008545
12996,68656,106.07083562189999,20.849999566799998,3.629815101623535
12996,68657,106.07500228859999,20.849999566799998,3.222727060317993
12996,68658,106.07916895529999,20.849999566799998,2.7054383754730225
12996,68659,106.08333562199999,20.849999566799998,2.320526361465454
12996,68660,106.0875022887,20.849999566799998,2.4112281799316406
12996,68661,106.0916689554,20.849999566799998,2.7467925548553467
12996,68662,106.0958356221,20.849999566799998,2.8442306518554688
12996,68663,106.1000022888,20.849999566799998,2.8024075031280518
12996,68664,106.10416895549999,20.849999566799998,4.030714511871338
12996,68665,106.10833562219999,20.849999566799998,4.694642543792725
12996,68666,106.11250228889999,20.849999566799998,3.3225862979888916
12996,68667,106.11666895559999,20.849999566799998,2.863166570663452
12996,68668,106.12083562229999,20.849999566799998,3.417586326599121
12996,68669,106.125002289,20.849999566799998,3.1129088401794434
12996,68670,106.1291689557,20.849999566799998,2.4265520572662354
12997,68621,105.92500228739999,20.845832900099996,2.740983486175537
12997,68622,105.92916895409999,20.845832900099996,2.448305130004883
12997,68623,105.9333356208,20.845832900099996,2.386206865310669
12997,68624,105.9375022875,20.845832900099996,2.5874078273773193
12997,68625,105.9416689542,20.845832900099996,2.341320753097534
12997,68626,105.9458356209,20.845832900099996,2.468392848968506
12997,68627,105.95000228759999,20.845832900099996,2.897796630859375
12997,68628,105.95416895429999,20.845832900099996,2.9014036655426025
12997,68629,105.95833562099999,20.845832900099996,2.717719316482544
12997,68630,105.96250228769999,20.845832900099996,3.661851644515991
12997,68631,105.96666895439999,20.845832900099996,4.614106178283691
12997,68632,105.9708356211,20.845832900099996,4.293214321136475
12997,68633,105.9750022878,20.845832900099996,3.7427775859832764
12997,68634,105.9791689545,20.845832900099996,4.680363655090332
12997,68635,105.9833356212,20.845832900099996,4.646491527557373
12997,68636,105.98750228789999,20.845832900099996,3.6669490337371826
12997,68637,105.99166895459999,20.845832900099996,3.0929996967315674
12997,68638,105.99583562129999,20.845832900099996,3.183448553085327
12997,68639,106.00000228799999,20.845832900099996,3.667090892791748
12997,68640,106.00416895469999,20.845832900099996,4.583090782165527
12997,68641,106.0083356214,20.845832900099996,6.874909400939941
12997,68642,106.0125022881,20.845832900099996,8.663572311401367
12997,68643,106.0166689548,20.845832900099996,6.668928623199463
12997,68644,106.0208356215,20.845832900099996,4.762908935546875
12997,68645,106.02500228819999,20.845832900099996,6.414464473724365
12997,68646,106.02916895489999,20.845832900099996,5.97315788269043
12997,68647,106.03333562159999,20.845832900099996,4.746607303619385
12997,68648,106.03750228829999,20.845832900099996,3.359152317047119
12997,68649,106.04166895499999,20.845832900099996,3.854137659072876
12997,68650,106.0458356217,20.845832900099996,4.789615631103516
12997,68651,106.0500022884,20.845832900099996,4.661922931671143
12997,68652,106.0541689551,20.845832900099996,6.091296195983887
12997,68653,106.0583356218,20.845832900099996,8.385635375976562
12997,68654,106.06250228849999,20.845832900099996,7.83075475692749
12997,68655,106.06666895519999,20.845832900099996,4.536470413208008
12997,68656,106.07083562189999,20.845832900099996,3.7164814472198486
12997,68657,106.07500228859999,20.845832900099996,3.668704032897949
12997,68658,106.07916895529999,20.845832900099996,3.1974544525146484
12997,68659,106.08333562199999,20.845832900099996,2.5398147106170654
12997,68660,106.0875022887,20.845832900099996,2.155535936355591
12997,68661,106.0916689554,20.845832900099996,2.275686264038086
12997,68662,106.0958356221,20.845832900099996,2.19150972366333
12997,68663,106.1000022888,20.845832900099996,2.1785454750061035
12997,68664,106.10416895549999,20.845832900099996,3.481635808944702
12997,68665,106.10833562219999,20.845832900099996,3.957777738571167
12997,68666,106.11250228889999,20.845832900099996,3.0346555709838867
12997,68667,106.11666895559999,20.845832900099996,2.3169493675231934
12997,68668,106.12083562229999,20.845832900099996,1.9615517854690552
12997,68669,106.125002289,20.845832900099996,1.8410909175872803
12998,68619,105.91666895399999,20.841666233399998,2.230172634124756
12998,68620,105.92083562069999,20.841666233399998,2.219827651977539
12998,68621,105.92500228739999,20.841666233399998,2.570862054824829
12998,68622,105.92916895409999,20.841666233399998,2.533571481704712
12998,68623,105.9333356208,20.841666233399998,2.3940348625183105
12998,68624,105.9375022875,20.841666233399998,2.438363552093506
12998,68625,105.9416689542,20.841666233399998,2.251499891281128
12998,68626,105.9458356209,20.841666233399998,2.460517406463623
12998,68627,105.95000228759999,20.841666233399998,2.948103189468384
12998,68628,105.95416895429999,20.841666233399998,2.7475438117980957
12998,68629,105.95833562099999,20.841666233399998,2.4116363525390625
12998,68630,105.96250228769999,20.841666233399998,2.8594343662261963
12998,68631,105.96666895439999,20.841666233399998,4.755000591278076
12998,68632,105.9708356211,20.841666233399998,6.738213539123535
12998,68633,105.9750022878,20.841666233399998,7.716607093811035
12998,68634,105.9791689545,20.841666233399998,9.376606941223145
12998,68635,105.9833356212,20.841666233399998,7.632930755615234
12998,68636,105.98750228789999,20.841666233399998,5.066333293914795
12998,68637,105.99166895459999,20.841666233399998,4.617719650268555
12998,68638,105.99583562129999,20.841666233399998,5.215555667877197
12998,68639,106.00000228799999,20.841666233399998,4.882075309753418
12998,68640,106.00416895469999,20.841666233399998,6.437592506408691
12998,68641,106.0083356214,20.841666233399998,8.814181327819824
12998,68642,106.0125022881,20.841666233399998,8.761052131652832
12998,68643,106.0166689548,20.841666233399998,5.51178503036499
12998,68644,106.0208356215,20.841666233399998,3.487999677658081
12998,68645,106.02500228819999,20.841666233399998,4.166037559509277
12998,68646,106.02916895489999,20.841666233399998,4.422222137451172
12998,68647,106.03333562159999,20.841666233399998,3.4189090728759766
12998,68648,106.03750228829999,20.841666233399998,2.885178327560425
12998,68649,106.04166895499999,20.841666233399998,3.430000066757202
12998,68650,106.0458356217,20.841666233399998,4.175356864929199
12998,68651,106.0500022884,20.841666233399998,4.673035621643066
12998,68652,106.0541689551,20.841666233399998,5.707192897796631
12998,68653,106.0583356218,20.841666233399998,6.673684120178223
12998,68654,106.06250228849999,20.841666233399998,6.3790740966796875
12998,68655,106.06666895519999,20.841666233399998,3.672545909881592
12998,68656,106.07083562189999,20.841666233399998,3.3429312705993652
12998,68657,106.07500228859999,20.841666233399998,3.6514546871185303
12998,68658,106.07916895529999,20.841666233399998,3.3472726345062256
12998,68659,106.08333562199999,20.841666233399998,2.6523637771606445
12998,68660,106.0875022887,20.841666233399998,2.2846429347991943
12998,68661,106.0916689554,20.841666233399998,2.189215660095215
12998,68662,106.0958356221,20.841666233399998,2.0104000568389893
12998,68663,106.1000022888,20.841666233399998,2.0429630279541016
12998,68664,106.10416895549999,20.841666233399998,2.259422779083252
12998,68665,106.10833562219999,20.841666233399998,2.392777681350708
12998,68666,106.11250228889999,20.841666233399998,2.079636335372925
12998,68667,106.11666895559999,20.841666233399998,1.8168963193893433
12998,68668,106.12083562229999,20.841666233399998,1.679642915725708
12998,68669,106.125002289,20.841666233399998,1.5908772945404053
12998,68670,106.1291689557,20.841666233399998,1.5124138593673706
12999,68619,105.91666895399999,20.837499566699996,1.950714349746704
12999,68620,105.92083562069999,20.837499566699996,1.9453572034835815
12999,68621,105.92500228739999,20.837499566699996,2.0364999771118164
12999,68622,105.92916895409999,20.837499566699996,2.5025861263275146
12999,68623,105.9333356208,20.837499566699996,2.415344715118408
12999,68624,105.9375022875,20.837499566699996,2.138709783554077
12999,68625,105.9416689542,20.837499566699996,2.121290445327759
12999,68626,105.9458356209,20.837499566699996,2.413275957107544
12999,68627,105.95000228759999,20.837499566699996,2.664576292037964
12999,68628,105.95416895429999,20.837499566699996,2.5614285469055176
12999,68629,105.95833562099999,20.837499566699996,2.265272855758667
12999,68630,105.96250228769999,20.837499566699996,2.484642744064331
12999,68631,105.96666895439999,20.837499566699996,3.7396609783172607
12999,68632,105.9708356211,20.837499566699996,6.212631702423096
12999,68633,105.9750022878,20.837499566699996,8.650535583496094
12999,68634,105.9791689545,20.837499566699996,10.627544403076172
12999,68635,105.9833356212,20.837499566699996,7.900339603424072
12999,68636,105.98750228789999,20.837499566699996,5.11799955368042
12999,68637,105.99166895459999,20.837499566699996,4.682982444763184
12999,68638,105.99583562129999,20.837499566699996,4.608545303344727
12999,68639,106.00000228799999,20.837499566699996,4.303019046783447
12999,68640,106.00416895469999,20.837499566699996,5.5935845375061035
12999,68641,106.0083356214,20.837499566699996,7.871886730194092
12999,68642,106.0125022881,20.837499566699996,9.259820938110352
12999,68643,106.0166689548,20.837499566699996,6.528364181518555
12999,68644,106.0208356215,20.837499566699996,3.801090955734253
12999,68645,106.02500228819999,20.837499566699996,3.892963171005249
12999,68646,106.02916895489999,20.837499566699996,4.524150848388672
12999,68647,106.03333562159999,20.837499566699996,4.601110935211182
12999,68648,106.03750228829999,20.837499566699996,3.6180360317230225
12999,68649,106.04166895499999,20.837499566699996,4.802000522613525
12999,68650,106.0458356217,20.837499566699996,8.137407302856445
12999,68651,106.0500022884,20.837499566699996,8.570377349853516
12999,68652,106.0541689551,20.837499566699996,6.754363536834717
12999,68653,106.0583356218,20.837499566699996,5.192631721496582
12999,68654,106.06250228849999,20.837499566699996,4.244909286499023
12999,68655,106.06666895519999,20.837499566699996,3.515272617340088
12999,68656,106.07083562189999,20.837499566699996,3.210555076599121
12999,68657,106.07500228859999,20.837499566699996,2.960740566253662
12999,68658,106.07916895529999,20.837499566699996,3.0399997234344482
12999,68659,106.08333562199999,20.837499566699996,2.876206874847412
12999,68660,106.0875022887,20.837499566699996,2.5071699619293213
12999,68661,106.0916689554,20.837499566699996,2.3481130599975586
12999,68662,106.0958356221,20.837499566699996,2.470188617706299
12999,68663,106.1000022888,20.837499566699996,2.4898183345794678
12999,68664,106.10416895549999,20.837499566699996,2.236250162124634
12999,68665,106.10833562219999,20.837499566699996,1.8221052885055542
12999,68666,106.11250228889999,20.837499566699996,1.6380701065063477
12999,68667,106.11666895559999,20.837499566699996,1.5451724529266357
12999,68668,106.12083562229999,20.837499566699996,1.5689655542373657
12999,68669,106.125002289,20.837499566699996,1.54263174533844
13000,68618,105.91250228729999,20.833332899999995,2.644754409790039
13000,68619,105.91666895399999,20.833332899999995,2.5729312896728516
13000,68620,105.92083562069999,20.833332899999995,2.1277048587799072
13000,68621,105.92500228739999,20.833332899999995,2.0327868461608887
13000,68622,105.92916895409999,20.833332899999995,2.4938981533050537
13000,68623,105.9333356208,20.833332899999995,2.9173216819763184
13000,68624,105.9375022875,20.833332899999995,2.560666799545288
13000,68625,105.9416689542,20.833332899999995,2.3036065101623535
13000,68626,105.9458356209,20.833332899999995,2.388421058654785
13000,68627,105.95000228759999,20.833332899999995,2.851052761077881
13000,68628,105.95416895429999,20.833332899999995,2.911428689956665
13000,68629,105.95833562099999,20.833332899999995,2.752678394317627
13000,68630,105.96250228769999,20.833332899999995,2.6642367839813232
13000,68631,105.96666895439999,20.833332899999995,3.063559055328369
13000,68632,105.9708356211,20.833332899999995,3.9042105674743652
13000,68633,105.9750022878,20.833332899999995,4.430526256561279
13000,68634,105.9791689545,20.833332899999995,5.439827919006348
13000,68635,105.9833356212,20.833332899999995,4.626440525054932
13000,68636,105.98750228789999,20.833332899999995,3.2353334426879883
13000,68637,105.99166895459999,20.833332899999995,3.0632760524749756
13000,68638,105.99583562129999,20.833332899999995,2.9953572750091553
13000,68639,106.00000228799999,20.833332899999995,2.7627272605895996
13000,68640,106.00416895469999,20.833332899999995,3.6759259700775146
13000,68641,106.0083356214,20.833332899999995,5.385739803314209
13000,68642,106.0125022881,20.833332899999995,8.406481742858887
13000,68643,106.0166689548,20.833332899999995,6.609814643859863
13000,68644,106.0208356215,20.833332899999995,4.375660419464111
13000,68645,106.02500228819999,20.833332899999995,3.8765459060668945
13000,68646,106.02916895489999,20.833332899999995,4.024038314819336
13000,68647,106.03333562159999,20.833332899999995,6.223396301269531
13000,68648,106.03750228829999,20.833332899999995,6.770943641662598
13000,68649,106.04166895499999,20.833332899999995,9.912727355957031
13000,68650,106.0458356217,20.833332899999995,12.58470630645752
13000,68651,106.0500022884,20.833332899999995,8.92884635925293
13000,68652,106.0541689551,20.833332899999995,6.093272686004639
13000,68653,106.0583356218,20.833332899999995,4.961666584014893
13000,68654,106.06250228849999,20.833332899999995,3.9588887691497803
13000,68655,106.06666895519999,20.833332899999995,3.1049089431762695
13000,68656,106.07083562189999,20.833332899999995,2.7383017539978027
13000,68657,106.07500228859999,20.833332899999995,2.5622222423553467
13000,68658,106.07916895529999,20.833332899999995,3.2094643115997314
13000,68659,106.08333562199999,20.833332899999995,3.639833688735962
13000,68660,106.0875022887,20.833332899999995,4.029999732971191
13000,68661,106.0916689554,20.833332899999995,3.3212497234344482
13000,68662,106.0958356221,20.833332899999995,3.0214545726776123
13000,68663,106.1000022888,20.833332899999995,3.0078182220458984
13000,68664,106.10416895549999,20.833332899999995,2.469137668609619
13000,68665,106.10833562219999,20.833332899999995,1.7321051359176636
13000,68666,106.11250228889999,20.833332899999995,1.5925861597061157
13000,68667,106.11666895559999,20.833332899999995,1.4962711334228516
13000,68668,106.12083562229999,20.833332899999995,1.4793219566345215
13000,68669,106.125002289,20.833332899999995,1.548474669456482
13001,68618,105.91250228729999,20.829166233299997,2.9806246757507324
13001,68619,105.91666895399999,20.829166233299997,3.2419047355651855
13001,68620,105.92083562069999,20.829166233299997,2.6983869075775146
13001,68621,105.92500228739999,20.829166233299997,2.2843332290649414
13001,68622,105.92916895409999,20.829166233299997,2.4140000343322754
13001,68623,105.9333356208,20.829166233299997,2.8798305988311768
13001,68624,105.9375022875,20.829166233299997,2.938474178314209
13001,68625,105.9416689542,20.829166233299997,2.8315253257751465
13001,68626,105.9458356209,20.829166233299997,2.923090934753418
13001,68627,105.95000228759999,20.829166233299997,3.9255552291870117
13001,68628,105.95416895429999,20.829166233299997,4.8240742683410645
13001,68629,105.95833562099999,20.829166233299997,4.6540350914001465
13001,68630,105.96250228769999,20.829166233299997,3.226140022277832
13001,68631,105.96666895439999,20.829166233299997,2.787543773651123
13001,68632,105.9708356211,20.829166233299997,2.810344934463501
13001,68633,105.9750022878,20.829166233299997,2.7870688438415527
13001,68634,105.9791689545,20.829166233299997,3.527069091796875
13001,68635,105.9833356212,20.829166233299997,3.562741994857788
13001,68636,105.98750228789999,20.829166233299997,2.8781964778900146
13001,68637,105.99166895459999,20.829166233299997,2.406315803527832
13001,68638,105.99583562129999,20.829166233299997,2.3774075508117676
13001,68639,106.00000228799999,20.829166233299997,2.443333387374878
13001,68640,106.00416895469999,20.829166233299997,3.3690741062164307
13001,68641,106.0083356214,20.829166233299997,4.8796000480651855
13001,68642,106.0125022881,20.829166233299997,6.971799850463867
13001,68643,106.0166689548,20.829166233299997,6.835686683654785
13001,68644,106.0208356215,20.829166233299997,5.136481285095215
13001,68645,106.02500228819999,20.829166233299997,3.392545461654663
13001,68646,106.02916895489999,20.829166233299997,3.4438462257385254
13001,68647,106.03333562159999,20.829166233299997,5.602962970733643
13001,68648,106.03750228829999,20.829166233299997,9.222962379455566
13001,68649,106.04166895499999,20.829166233299997,14.784445762634277
13001,68650,106.0458356217,20.829166233299997,13.056981086730957
13001,68651,106.0500022884,20.829166233299997,6.28607177734375
13001,68652,106.0541689551,20.829166233299997,4.002202987670898
13001,68653,106.0583356218,20.829166233299997,3.830545663833618
13001,68654,106.06250228849999,20.829166233299997,3.3560376167297363
13001,68655,106.06666895519999,20.829166233299997,2.7096152305603027
13001,68656,106.07083562189999,20.829166233299997,2.275848865509033
13001,68657,106.07500228859999,20.829166233299997,2.23037052154541
13001,68658,106.07916895529999,20.829166233299997,2.861320972442627
13001,68659,106.08333562199999,20.829166233299997,4.97305154800415
13001,68660,106.0875022887,20.829166233299997,6.710000038146973
13001,68661,106.0916689554,20.829166233299997,4.961667060852051
13001,68662,106.0958356221,20.829166233299997,3.1027121543884277
13001,68663,106.1000022888,20.829166233299997,2.672372579574585
13001,68664,106.10416895549999,20.829166233299997,2.179344415664673
13001,68665,106.10833562219999,20.829166233299997,1.777000069618225
13001,68666,106.11250228889999,20.829166233299997,1.7306896448135376
13001,68667,106.11666895559999,20.829166233299997,1.7496610879898071
13001,68668,106.12083562229999,20.829166233299997,1.7079999446868896
13001,68669,106.125002289,20.829166233299997,1.6646666526794434
13001,68670,106.1291689557,20.829166233299997,1.571034550666809
13002,68618,105.91250228729999,20.824999566599995,3.191718578338623
13002,68619,105.91666895399999,20.824999566599995,3.492424249649048
13002,68620,105.92083562069999,20.824999566599995,3.759047746658325
13002,68621,105.92500228739999,20.824999566599995,3.242131471633911
13002,68622,105.92916895409999,20.824999566599995,2.6447455883026123
13002,68623,105.9333356208,20.824999566599995,2.594576358795166
13002,68624,105.9375022875,20.824999566599995,3.006666660308838
13002,68625,105.9416689542,20.824999566599995,3.938666820526123
13002,68626,105.9458356209,20.824999566599995,4.957894325256348
13002,68627,105.95000228759999,20.824999566599995,4.568333148956299
13002,68628,105.95416895429999,20.824999566599995,4.32754373550415
13002,68629,105.95833562099999,20.824999566599995,4.068771839141846
13002,68630,105.96250228769999,20.824999566599995,3.2691075801849365
13002,68631,105.96666895439999,20.824999566599995,2.385516881942749
13002,68632,105.9708356211,20.824999566599995,2.365833282470703
13002,68633,105.9750022878,20.824999566599995,2.2701756954193115
13002,68634,105.9791689545,20.824999566599995,2.4969642162323
13002,68635,105.9833356212,20.824999566599995,3.301333427429199
13002,68636,105.98750228789999,20.824999566599995,3.260847330093384
13002,68637,105.99166895459999,20.824999566599995,3.02368426322937
13002,68638,105.99583562129999,20.824999566599995,2.9238181114196777
13002,68639,106.00000228799999,20.824999566599995,3.3330001831054688
13002,68640,106.00416895469999,20.824999566599995,4.345399856567383
13002,68641,106.0083356214,20.824999566599995,5.772708415985107
13002,68642,106.0125022881,20.824999566599995,6.975400447845459
13002,68643,106.0166689548,20.824999566599995,7.436153888702393
13002,68644,106.0208356215,20.824999566599995,6.284151077270508
13002,68645,106.02500228819999,20.824999566599995,3.6243395805358887
13002,68646,106.02916895489999,20.824999566599995,3.091111421585083
13002,68647,106.03333562159999,20.824999566599995,4.30696439743042
13002,68648,106.03750228829999,20.824999566599995,8.549074172973633
13002,68649,106.04166895499999,20.824999566599995,15.253584861755371
13002,68650,106.0458356217,20.824999566599995,11.851295471191406
13002,68651,106.0500022884,20.824999566599995,5.451454162597656
13002,68652,106.0541689551,20.824999566599995,3.489464282989502
13002,68653,106.0583356218,20.824999566599995,3.1361019611358643
13002,68654,106.06250228849999,20.824999566599995,2.8363161087036133
13002,68655,106.06666895519999,20.824999566599995,2.5009260177612305
13002,68656,106.07083562189999,20.824999566599995,2.1741511821746826
13002,68657,106.07500228859999,20.824999566599995,2.1524527072906494
13002,68658,106.07916895529999,20.824999566599995,2.3913209438323975
13002,68659,106.08333562199999,20.824999566599995,5.382727146148682
13002,68660,106.0875022887,20.824999566599995,8.135517120361328
13002,68661,106.0916689554,20.824999566599995,5.117796421051025
13002,68662,106.0958356221,20.824999566599995,3.6443331241607666
13002,68663,106.1000022888,20.824999566599995,2.509523630142212
13002,68664,106.10416895549999,20.824999566599995,2.0745761394500732
13002,68665,106.10833562219999,20.824999566599995,1.9984482526779175
13002,68666,106.11250228889999,20.824999566599995,2.0162711143493652
13002,68667,106.11666895559999,20.824999566599995,1.9503449201583862
13002,68668,106.12083562229999,20.824999566599995,1.8515517711639404
13002,68669,106.125002289,20.824999566599995,1.7072581052780151
13002,68670,106.1291689557,20.824999566599995,1.6531665325164795
13002,68671,106.1333356224,20.824999566599995,1.616440773010254
13003,68618,105.91250228729999,20.820832899899997,3.0881664752960205
13003,68619,105.91666895399999,20.820832899899997,3.376833438873291
13003,68620,105.92083562069999,20.820832899899997,3.9481968879699707
13003,68621,105.92500228739999,20.820832899899997,3.561967134475708
13003,68622,105.92916895409999,20.820832899899997,3.067499876022339
13003,68623,105.9333356208,20.820832899899997,3.1638598442077637
13003,68624,105.9375022875,20.820832899899997,3.6783928871154785
13003,68625,105.9416689542,20.820832899899997,5.169833183288574
13003,68626,105.9458356209,20.820832899899997,5.681694984436035
13003,68627,105.95000228759999,20.820832899899997,3.784210443496704
13003,68628,105.95416895429999,20.820832899899997,2.7699999809265137
13003,68629,105.95833562099999,20.820832899899997,2.6401784420013428
13003,68630,105.96250228769999,20.820832899899997,2.520535945892334
13003,68631,105.96666895439999,20.820832899899997,2.6579999923706055
13003,68632,105.9708356211,20.820832899899997,0.0
13003,68633,105.9750022878,20.820832899899997,2.3624072074890137
13003,68634,105.9791689545,20.820832899899997,2.516909122467041
13003,68635,105.9833356212,20.820832899899997,3.4938182830810547
13003,68636,105.98750228789999,20.820832899899997,4.39830207824707
13003,68637,105.99166895459999,20.820832899899997,4.704038619995117
13003,68638,105.99583562129999,20.820832899899997,4.314906120300293
13003,68639,106.00000228799999,20.820832899899997,4.201666831970215
13003,68640,106.00416895469999,20.820832899899997,4.343136787414551
13003,68641,106.0083356214,20.820832899899997,5.409796237945557
13003,68642,106.0125022881,20.820832899899997,6.214000701904297
13003,68643,106.0166689548,20.820832899899997,6.826415061950684
13003,68644,106.0208356215,20.820832899899997,6.2803635597229
13003,68645,106.02500228819999,20.820832899899997,3.9449996948242188
13003,68646,106.02916895489999,20.820832899899997,2.9648146629333496
13003,68647,106.03333562159999,20.820832899899997,3.361666679382324
13003,68648,106.03750228829999,20.820832899899997,5.590182304382324
13003,68649,106.04166895499999,20.820832899899997,8.289259910583496
13003,68650,106.0458356217,20.820832899899997,7.148889064788818
13003,68651,106.0500022884,20.820832899899997,4.8040385246276855
13003,68652,106.0541689551,20.820832899899997,3.3000001907348633
13003,68653,106.0583356218,20.820832899899997,3.0298216342926025
13003,68654,106.06250228849999,20.820832899899997,2.6527585983276367
13003,68655,106.06666895519999,20.820832899899997,2.358269214630127
13003,68656,106.07083562189999,20.820832899899997,2.1519229412078857
13003,68657,106.07500228859999,20.820832899899997,2.0903844833374023
13003,68658,106.07916895529999,20.820832899899997,2.174999952316284
13003,68659,106.08333562199999,20.820832899899997,4.490943431854248
13003,68660,106.0875022887,20.820832899899997,6.818545818328857
13003,68661,106.0916689554,20.820832899899997,6.287719249725342
13003,68662,106.0958356221,20.820832899899997,4.996440887451172
13003,68663,106.1000022888,20.820832899899997,3.1170969009399414
13003,68664,106.10416895549999,20.820832899899997,2.4843106269836426
13003,68665,106.10833562219999,20.820832899899997,2.3620688915252686
13003,68666,106.11250228889999,20.820832899899997,2.2485716342926025
13003,68667,106.11666895559999,20.820832899899997,2.0113208293914795
13003,68668,106.12083562229999,20.820832899899997,1.7498245239257812
13003,68669,106.125002289,20.820832899899997,1.6490163803100586
13003,68670,106.1291689557,20.820832899899997,0.0
13003,68671,106.1333356224,20.820832899899997,0.0
13003,68672,106.1375022891,20.820832899899997,1.684166669845581
13004,68618,105.91250228729999,20.816666233199996,2.8245160579681396
13004,68619,105.91666895399999,20.816666233199996,3.232372760772705
13004,68620,105.92083562069999,20.816666233199996,3.9208476543426514
13004,68621,105.92500228739999,20.816666233199996,3.3433899879455566
13004,68622,105.92916895409999,20.816666233199996,3.2645764350891113
13004,68623,105.9333356208,20.816666233199996,4.091964244842529
13004,68624,105.9375022875,20.816666233199996,4.468571186065674
13004,68625,105.9416689542,20.816666233199996,4.020967483520508
13004,68626,105.9458356209,20.816666233199996,4.052294731140137
13004,68627,105.95000228759999,20.816666233199996,3.311833381652832
13004,68628,105.95416895429999,20.816666233199996,2.571000099182129
13004,68629,105.95833562099999,20.816666233199996,2.316101551055908
13004,68630,105.96250228769999,20.816666233199996,2.3936362266540527
13004,68631,105.96666895439999,20.816666233199996,2.625185012817383
13004,68632,105.9708356211,20.816666233199996,0.0
13004,68633,105.9750022878,20.816666233199996,2.533454418182373
13004,68634,105.9791689545,20.816666233199996,2.5682144165039062
13004,68635,105.9833356212,20.816666233199996,3.270754814147949
13004,68636,105.98750228789999,20.816666233199996,4.1819610595703125
13004,68637,105.99166895459999,20.816666233199996,4.4110002517700195
13004,68638,105.99583562129999,20.816666233199996,3.3876471519470215
13004,68639,106.00000228799999,20.816666233199996,2.4440817832946777
13004,68640,106.00416895469999,20.816666233199996,2.4462263584136963
13004,68641,106.0083356214,20.816666233199996,2.7519640922546387
13004,68642,106.0125022881,20.816666233199996,3.0694546699523926
13004,68643,106.0166689548,20.816666233199996,4.151960849761963
13004,68644,106.0208356215,20.816666233199996,5.473799228668213
13004,68645,106.02500228819999,20.816666233199996,3.9403700828552246
13004,68646,106.02916895489999,20.816666233199996,2.793962240219116
13004,68647,106.03333562159999,20.816666233199996,2.5674543380737305
13004,68648,106.03750228829999,20.816666233199996,3.349817991256714
13004,68649,106.04166895499999,20.816666233199996,4.020181655883789
13004,68650,106.0458356217,20.816666233199996,4.70679235458374
13004,68651,106.0500022884,20.816666233199996,4.043396472930908
13004,68652,106.0541689551,20.816666233199996,3.822641611099243
13004,68653,106.0583356218,20.816666233199996,3.635964870452881
13004,68654,106.06250228849999,20.816666233199996,3.2880356311798096
13004,68655,106.06666895519999,20.816666233199996,2.73537015914917
13004,68656,106.07083562189999,20.816666233199996,2.440784215927124
13004,68657,106.07500228859999,20.816666233199996,2.113888740539551
13004,68658,106.07916895529999,20.816666233199996,2.1351852416992188
13004,68659,106.08333562199999,20.816666233199996,3.270925998687744
13004,68660,106.0875022887,20.816666233199996,5.472069263458252
13004,68661,106.0916689554,20.816666233199996,7.188035011291504
13004,68662,106.0958356221,20.816666233199996,5.193621635437012
13004,68663,106.1000022888,20.816666233199996,3.26033353805542
13004,68664,106.10416895549999,20.816666233199996,2.7094826698303223
13004,68665,106.10833562219999,20.816666233199996,2.4444828033447266
13004,68666,106.11250228889999,20.816666233199996,2.1407017707824707
13004,68667,106.11666895559999,20.816666233199996,1.897499918937683
13004,68668,106.12083562229999,20.816666233199996,1.5426785945892334
13004,68669,106.125002289,20.816666233199996,1.6293102502822876
13004,68670,106.1291689557,20.816666233199996,0.0
13004,68671,106.1333356224,20.816666233199996,0.0
13004,68672,106.1375022891,20.816666233199996,1.5313115119934082
13005,68619,105.91666895399999,20.812499566499998,3.353749990463257
13005,68620,105.92083562069999,20.812499566499998,4.026034832000732
13005,68621,105.92500228739999,20.812499566499998,3.438965320587158
13005,68622,105.92916895409999,20.812499566499998,3.45862078666687
13005,68623,105.9333356208,20.812499566499998,3.744999885559082
13005,68624,105.9375022875,20.812499566499998,3.9612278938293457
13005,68625,105.9416689542,20.812499566499998,3.167902946472168
13005,68626,105.9458356209,20.812499566499998,2.8311474323272705
13005,68627,105.95000228759999,20.812499566499998,3.004920482635498
13005,68628,105.95416895429999,20.812499566499998,2.6893651485443115
13005,68629,105.95833562099999,20.812499566499998,2.1521666049957275
13005,68630,105.96250228769999,20.812499566499998,2.080172300338745
13005,68631,105.96666895439999,20.812499566499998,2.296785831451416
13005,68632,105.9708356211,20.812499566499998,2.377413749694824
13005,68633,105.9750022878,20.812499566499998,2.6749119758605957
13005,68634,105.9791689545,20.812499566499998,2.872631311416626
13005,68635,105.9833356212,20.812499566499998,2.4905261993408203
13005,68636,105.98750228789999,20.812499566499998,2.341379404067993
13005,68637,105.99166895459999,20.812499566499998,2.316981077194214
13005,68638,105.99583562129999,20.812499566499998,2.102727174758911
13005,68639,106.00000228799999,20.812499566499998,1.8335849046707153
13005,68640,106.00416895469999,20.812499566499998,1.8338888883590698
13005,68641,106.0083356214,20.812499566499998,2.0112500190734863
13005,68642,106.0125022881,20.812499566499998,2.3692727088928223
13005,68643,106.0166689548,20.812499566499998,3.4513206481933594
13005,68644,106.0208356215,20.812499566499998,4.775282859802246
13005,68645,106.02500228819999,20.812499566499998,4.909811496734619
13005,68646,106.02916895489999,20.812499566499998,3.5450000762939453
13005,68647,106.03333562159999,20.812499566499998,3.140000343322754
13005,68648,106.03750228829999,20.812499566499998,2.374807834625244
13005,68649,106.04166895499999,20.812499566499998,2.4637255668640137
13005,68650,106.0458356217,20.812499566499998,3.299999713897705
13005,68651,106.0500022884,20.812499566499998,4.40830135345459
13005,68652,106.0541689551,20.812499566499998,5.043137550354004
13005,68653,106.0583356218,20.812499566499998,6.933091163635254
13005,68654,106.06250228849999,20.812499566499998,5.217818260192871
13005,68655,106.06666895519999,20.812499566499998,3.450000286102295
13005,68656,106.07083562189999,20.812499566499998,2.860370397567749
13005,68657,106.07500228859999,20.812499566499998,2.3098113536834717
13005,68658,106.07916895529999,20.812499566499998,2.403207540512085
13005,68659,106.08333562199999,20.812499566499998,3.479818105697632
13005,68660,106.0875022887,20.812499566499998,5.575999736785889
13005,68661,106.0916689554,20.812499566499998,6.20423698425293
13005,68662,106.0958356221,20.812499566499998,4.2098212242126465
13005,68663,106.1000022888,20.812499566499998,3.327166795730591
13005,68664,106.10416895549999,20.812499566499998,2.6501669883728027
13005,68665,106.10833562219999,20.812499566499998,2.2125422954559326
13005,68666,106.11250228889999,20.812499566499998,1.784999966621399
13005,68667,106.11666895559999,20.812499566499998,1.6387720108032227
13005,68668,106.12083562229999,20.812499566499998,1.7643860578536987
13005,68669,106.125002289,20.812499566499998,1.8081666231155396
13005,68670,106.1291689557,20.812499566499998,0.0
13005,68671,106.1333356224,20.812499566499998,1.6706780195236206
13005,68672,106.1375022891,20.812499566499998,1.5745902061462402
13006,68619,105.91666895399999,20.808332899799996,2.9488136768341064
13006,68620,105.92083562069999,20.808332899799996,3.426140546798706
13006,68621,105.92500228739999,20.808332899799996,3.181206703186035
13006,68622,105.92916895409999,20.808332899799996,2.8954384326934814
13006,68623,105.9333356208,20.808332899799996,2.7832202911376953
13006,68624,105.9375022875,20.808332899799996,2.9050848484039307
13006,68625,105.9416689542,20.808332899799996,2.575901746749878
13006,68626,105.9458356209,20.808332899799996,2.185781240463257
13006,68627,105.95000228759999,20.808332899799996,2.2973437309265137
13006,68628,105.95416895429999,20.808332899799996,2.437460422515869
13006,68629,105.95833562099999,20.808332899799996,2.23966646194458
13006,68630,105.96250228769999,20.808332899799996,2.0191667079925537
13006,68631,105.96666895439999,20.808332899799996,2.041475534439087
13006,68632,105.9708356211,20.808332899799996,2.2733867168426514
13006,68633,105.9750022878,20.808332899799996,2.3077964782714844
13006,68634,105.9791689545,20.808332899799996,2.234482765197754
13006,68635,105.9833356212,20.808332899799996,2.037966012954712
13006,68636,105.98750228789999,20.808332899799996,2.1784746646881104
13006,68637,105.99166895459999,20.808332899799996,2.2912960052490234
13006,68638,105.99583562129999,20.808332899799996,1.931697964668274
13006,68639,106.00000228799999,20.808332899799996,1.61214280128479
13006,68640,106.00416895469999,20.808332899799996,1.5654717683792114
13006,68641,106.0083356214,20.808332899799996,1.611754298210144
13006,68642,106.0125022881,20.808332899799996,1.852222204208374
13006,68643,106.0166689548,20.808332899799996,2.6499998569488525
13006,68644,106.0208356215,20.808332899799996,4.028035640716553
13006,68645,106.02500228819999,20.808332899799996,4.218947410583496
13006,68646,106.02916895489999,20.808332899799996,4.577272891998291
13006,68647,106.03333562159999,20.808332899799996,4.255892753601074
13006,68648,106.03750228829999,20.808332899799996,3.0353846549987793
13006,68649,106.04166895499999,20.808332899799996,2.5563459396362305
13006,68650,106.0458356217,20.808332899799996,2.637307643890381
13006,68651,106.0500022884,20.808332899799996,3.9319610595703125
13006,68652,106.0541689551,20.808332899799996,6.6194000244140625
13006,68653,106.0583356218,20.808332899799996,9.026154518127441
13006,68654,106.06250228849999,20.808332899799996,7.807735443115234
13006,68655,106.06666895519999,20.808332899799996,4.045660495758057
13006,68656,106.07083562189999,20.808332899799996,3.19563627243042
13006,68657,106.07500228859999,20.808332899799996,2.72428560256958
13006,68658,106.07916895529999,20.808332899799996,2.803889036178589
13006,68659,106.08333562199999,20.808332899799996,3.187678813934326
13006,68660,106.0875022887,20.808332899799996,3.238793134689331
13006,68661,106.0916689554,20.808332899799996,3.3966100215911865
13006,68662,106.0958356221,20.808332899799996,2.6970174312591553
13006,68663,106.1000022888,20.808332899799996,2.823559522628784
13006,68664,106.10416895549999,20.808332899799996,2.41796612739563
13006,68665,106.10833562219999,20.808332899799996,1.9359650611877441
13006,68666,106.11250228889999,20.808332899799996,1.5965001583099365
13006,68667,106.11666895559999,20.808332899799996,1.5432759523391724
13006,68668,106.12083562229999,20.808332899799996,1.4732204675674438
13006,68669,106.125002289,20.808332899799996,1.4636666774749756
13006,68670,106.1291689557,20.808332899799996,1.60169517993927
13007,68619,105.91666895399999,20.804166233099995,2.692807197570801
13007,68620,105.92083562069999,20.804166233099995,2.770339012145996
13007,68621,105.92500228739999,20.804166233099995,3.048275947570801
13007,68622,105.92916895409999,20.804166233099995,2.4789655208587646
13007,68623,105.9333356208,20.804166233099995,2.6274573802948
13007,68624,105.9375022875,20.804166233099995,2.5389997959136963
13007,68625,105.9416689542,20.804166233099995,2.204754114151001
13007,68626,105.9458356209,20.804166233099995,2.0269839763641357
13007,68627,105.95000228759999,20.804166233099995,1.9540324211120605
13007,68628,105.95416895429999,20.804166233099995,2.014754295349121
13007,68629,105.95833562099999,20.804166233099995,2.0794999599456787
13007,68630,105.96250228769999,20.804166233099995,2.1625425815582275
13007,68631,105.96666895439999,20.804166233099995,2.251833438873291
13007,68632,105.9708356211,20.804166233099995,2.322580575942993
13007,68633,105.9750022878,20.804166233099995,1.9752459526062012
13007,68634,105.9791689545,20.804166233099995,1.6018644571304321
13007,68635,105.9833356212,20.804166233099995,1.6800000667572021
13007,68636,105.98750228789999,20.804166233099995,2.0853447914123535
13007,68637,105.99166895459999,20.804166233099995,2.3907549381256104
13007,68638,105.99583562129999,20.804166233099995,2.0854716300964355
13007,68639,106.00000228799999,20.804166233099995,1.5725421905517578
13007,68640,106.00416895469999,20.804166233099995,0.0
13007,68641,106.0083356214,20.804166233099995,1.5986205339431763
13007,68642,106.0125022881,20.804166233099995,1.8208926916122437
13007,68643,106.0166689548,20.804166233099995,2.1231577396392822
13007,68644,106.0208356215,20.804166233099995,2.496551752090454
13007,68645,106.02500228819999,20.804166233099995,2.7482759952545166
13007,68646,106.02916895489999,20.804166233099995,3.478750228881836
13007,68647,106.03333562159999,20.804166233099995,4.259999752044678
13007,68648,106.03750228829999,20.804166233099995,4.015961647033691
13007,68649,106.04166895499999,20.804166233099995,3.1566662788391113
13007,68650,106.0458356217,20.804166233099995,2.7642593383789062
13007,68651,106.0500022884,20.804166233099995,2.8532726764678955
13007,68652,106.0541689551,20.804166233099995,4.25313663482666
13007,68653,106.0583356218,20.804166233099995,6.944037914276123
13007,68654,106.06250228849999,20.804166233099995,8.923654556274414
13007,68655,106.06666895519999,20.804166233099995,7.71843147277832
13007,68656,106.07083562189999,20.804166233099995,4.4407548904418945
13007,68657,106.07500228859999,20.804166233099995,3.3994336128234863
13007,68658,106.07916895529999,20.804166233099995,2.6892592906951904
13007,68659,106.08333562199999,20.804166233099995,2.4918181896209717
13007,68660,106.0875022887,20.804166233099995,2.307368755340576
13007,68661,106.0916689554,20.804166233099995,2.244821310043335
13007,68662,106.0958356221,20.804166233099995,2.1607272624969482
13007,68663,106.1000022888,20.804166233099995,2.2470176219940186
13007,68664,106.10416895549999,20.804166233099995,1.9213333129882812
13007,68665,106.10833562219999,20.804166233099995,1.5796610116958618
13007,68666,106.11250228889999,20.804166233099995,1.5091665983200073
13007,68667,106.11666895559999,20.804166233099995,1.5543333292007446
13007,68668,106.12083562229999,20.804166233099995,1.5560317039489746
13007,68669,106.125002289,20.804166233099995,1.3676562309265137
13007,68670,106.1291689557,20.804166233099995,1.5103123188018799
13007,68671,106.1333356224,20.804166233099995,1.7631250619888306
13008,68620,105.92083562069999,20.799999566399997,2.6578571796417236
13008,68621,105.92500228739999,20.799999566399997,3.0566070079803467
13008,68622,105.92916895409999,20.799999566399997,2.9303574562072754
13008,68623,105.9333356208,20.799999566399997,2.9187722206115723
13008,68624,105.9375022875,20.799999566399997,2.357931137084961
13008,68625,105.9416689542,20.799999566399997,1.9617241621017456
13008,68626,105.9458356209,20.799999566399997,1.847666621208191
13008,68627,105.95000228759999,20.799999566399997,1.8462295532226562
13008,68628,105.95416895429999,20.799999566399997,1.8461666107177734
13008,68629,105.95833562099999,20.799999566399997,1.9516665935516357
13008,68630,105.96250228769999,20.799999566399997,2.12416672706604
13008,68631,105.96666895439999,20.799999566399997,2.130000114440918
13008,68632,105.9708356211,20.799999566399997,1.9671427011489868
13008,68633,105.9750022878,20.799999566399997,1.884814977645874
13008,68634,105.9791689545,20.799999566399997,1.8190908432006836
13008,68635,105.9833356212,20.799999566399997,1.8270176649093628
13008,68636,105.98750228789999,20.799999566399997,2.145263195037842
13008,68637,105.99166895459999,20.799999566399997,2.2570910453796387
13008,68638,105.99583562129999,20.799999566399997,1.9291073083877563
13008,68639,106.00000228799999,20.799999566399997,1.5020338296890259
13008,68640,106.00416895469999,20.799999566399997,0.0
13008,68641,106.0083356214,20.799999566399997,1.4441379308700562
13008,68642,106.0125022881,20.799999566399997,1.5201694965362549
13008,68643,106.0166689548,20.799999566399997,1.475614070892334
13008,68644,106.0208356215,20.799999566399997,1.4910715818405151
13008,68645,106.02500228819999,20.799999566399997,1.5463157892227173
13008,68646,106.02916895489999,20.799999566399997,1.707241415977478
13008,68647,106.03333562159999,20.799999566399997,2.64862060546875
13008,68648,106.03750228829999,20.799999566399997,3.293818235397339
13008,68649,106.04166895499999,20.799999566399997,4.113396644592285
13008,68650,106.0458356217,20.799999566399997,3.5910909175872803
13008,68651,106.0500022884,20.799999566399997,2.9172723293304443
13008,68652,106.0541689551,20.799999566399997,3.2962262630462646
13008,68653,106.0583356218,20.799999566399997,5.079818248748779
13008,68654,106.06250228849999,20.799999566399997,8.704510688781738
13008,68655,106.06666895519999,20.799999566399997,8.954706192016602
13008,68656,106.07083562189999,20.799999566399997,5.00499963760376
13008,68657,106.07500228859999,20.799999566399997,3.809999942779541
13008,68658,106.07916895529999,20.799999566399997,2.5561537742614746
13008,68659,106.08333562199999,20.799999566399997,2.1347169876098633
13008,68660,106.0875022887,20.799999566399997,1.881454586982727
13008,68661,106.0916689554,20.799999566399997,1.8451851606369019
13008,68662,106.0958356221,20.799999566399997,1.9260377883911133
13008,68663,106.1000022888,20.799999566399997,2.081017017364502
13008,68664,106.10416895549999,20.799999566399997,1.8231148719787598
13008,68665,106.10833562219999,20.799999566399997,1.608983039855957
13008,68666,106.11250228889999,20.799999566399997,1.5034425258636475
13008,68667,106.11666895559999,20.799999566399997,1.4290475845336914
13008,68668,106.12083562229999,20.799999566399997,1.4220895767211914
13008,68669,106.125002289,20.799999566399997,1.3324999809265137
13008,68670,106.1291689557,20.799999566399997,1.3376121520996094
13008,68671,106.1333356224,20.799999566399997,1.6379687786102295
13008,68672,106.1375022891,20.799999566399997,1.9364515542984009
13009,68620,105.92083562069999,20.795832899699995,2.66910719871521
13009,68621,105.92500228739999,20.795832899699995,2.6874072551727295
13009,68622,105.92916895409999,20.795832899699995,2.933703660964966
13009,68623,105.9333356208,20.795832899699995,2.846545457839966
13009,68624,105.9375022875,20.795832899699995,2.0110909938812256
13009,68625,105.9416689542,20.795832899699995,1.749817967414856
13009,68626,105.9458356209,20.795832899699995,1.6699999570846558
13009,68627,105.95000228759999,20.795832899699995,1.7750000953674316
13009,68628,105.95416895429999,20.795832899699995,1.8318644762039185
13009,68629,105.95833562099999,20.795832899699995,2.0584211349487305
13009,68630,105.96250228769999,20.795832899699995,1.9944827556610107
13009,68631,105.96666895439999,20.795832899699995,1.77610182762146
13009,68632,105.9708356211,20.795832899699995,1.6676270961761475
13009,68633,105.9750022878,20.795832899699995,1.8824561834335327
13009,68634,105.9791689545,20.795832899699995,2.0420000553131104
13009,68635,105.9833356212,20.795832899699995,1.8805357217788696
13009,68636,105.98750228789999,20.795832899699995,2.0822222232818604
13009,68637,105.99166895459999,20.795832899699995,2.07150936126709
13009,68638,105.99583562129999,20.795832899699995,1.7170908451080322
13009,68639,106.00000228799999,20.795832899699995,1.4707143306732178
13009,68640,106.00416895469999,20.795832899699995,0.0
13009,68641,106.0083356214,20.795832899699995,0.0
13009,68642,106.0125022881,20.795832899699995,0.0
13009,68643,106.0166689548,20.795832899699995,0.0
13009,68644,106.0208356215,20.795832899699995,0.0
13009,68645,106.02500228819999,20.795832899699995,1.482631802558899
13009,68646,106.02916895489999,20.795832899699995,1.5996551513671875
13009,68647,106.03333562159999,20.795832899699995,2.1736364364624023
13009,68648,106.03750228829999,20.795832899699995,3.195636034011841
13009,68649,106.04166895499999,20.795832899699995,4.403454303741455
13009,68650,106.0458356217,20.795832899699995,4.063018798828125
13009,68651,106.0500022884,20.795832899699995,3.153200149536133
13009,68652,106.0541689551,20.795832899699995,3.29058837890625
13009,68653,106.0583356218,20.795832899699995,4.013518333435059
13009,68654,106.06250228849999,20.795832899699995,7.058628082275391
13009,68655,106.06666895519999,20.795832899699995,7.039422988891602
13009,68656,106.07083562189999,20.795832899699995,4.718928813934326
13009,68657,106.07500228859999,20.795832899699995,3.972036838531494
13009,68658,106.07916895529999,20.795832899699995,2.7183637619018555
13009,68659,106.08333562199999,20.795832899699995,2.1980769634246826
13009,68660,106.0875022887,20.795832899699995,1.8332074880599976
13009,68661,106.0916689554,20.795832899699995,0.0
13009,68662,106.0958356221,20.795832899699995,1.7394644021987915
13009,68663,106.1000022888,20.795832899699995,2.003833293914795
13009,68664,106.10416895549999,20.795832899699995,2.067187547683716
13009,68665,106.10833562219999,20.795832899699995,2.7825398445129395
13009,68666,106.11250228889999,20.795832899699995,2.498225688934326
13009,68667,106.11666895559999,20.795832899699995,1.4576189517974854
13009,68668,106.12083562229999,20.795832899699995,1.4044616222381592
13009,68669,106.125002289,20.795832899699995,0.0
13009,68670,106.1291689557,20.795832899699995,1.2102985382080078
13009,68671,106.1333356224,20.795832899699995,1.390769124031067
13009,68672,106.1375022891,20.795832899699995,2.01285719871521
13009,68673,106.14166895579999,20.795832899699995,2.129016399383545
13010,68621,105.92500228739999,20.791666232999997,2.8535850048065186
13010,68622,105.92916895409999,20.791666232999997,2.8794338703155518
13010,68623,105.9333356208,20.791666232999997,2.6391072273254395
13010,68624,105.9375022875,20.791666232999997,2.127321481704712
13010,68625,105.9416689542,20.791666232999997,1.9672220945358276
13010,68626,105.9458356209,20.791666232999997,1.8933333158493042
13010,68627,105.95000228759999,20.791666232999997,2.1382758617401123
13010,68628,105.95416895429999,20.791666232999997,2.244655132293701
13010,68629,105.95833562099999,20.791666232999997,2.2066073417663574
13010,68630,105.96250228769999,20.791666232999997,1.9199999570846558
13010,68631,105.96666895439999,20.791666232999997,1.659482717514038
13010,68632,105.9708356211,20.791666232999997,1.5893332958221436
13010,68633,105.9750022878,20.791666232999997,1.586949110031128
13010,68634,105.9791689545,20.791666232999997,1.6422806978225708
13010,68635,105.9833356212,20.791666232999997,1.7883636951446533
13010,68636,105.98750228789999,20.791666232999997,2.0878846645355225
13010,68637,105.99166895459999,20.791666232999997,2.348431348800659
13010,68638,105.99583562129999,20.791666232999997,1.8991072177886963
13010,68639,106.00000228799999,20.791666232999997,1.5249998569488525
13010,68640,106.00416895469999,20.791666232999997,0.0
13010,68641,106.0083356214,20.791666232999997,0.0
13010,68642,106.0125022881,20.791666232999997,0.0
13010,68643,106.0166689548,20.791666232999997,1.4025861024856567
13010,68644,106.0208356215,20.791666232999997,1.424285650253296
13010,68645,106.02500228819999,20.791666232999997,1.5203704833984375
13010,68646,106.02916895489999,20.791666232999997,1.5685714483261108
13010,68647,106.03333562159999,20.791666232999997,2.1084907054901123
13010,68648,106.03750228829999,20.791666232999997,2.990363359451294
13010,68649,106.04166895499999,20.791666232999997,4.079123020172119
13010,68650,106.0458356217,20.791666232999997,4.003454685211182
13010,68651,106.0500022884,20.791666232999997,3.854074239730835
13010,68652,106.0541689551,20.791666232999997,4.524444580078125
13010,68653,106.0583356218,20.791666232999997,5.0818867683410645
13010,68654,106.06250228849999,20.791666232999997,9.097735404968262
13010,68655,106.06666895519999,20.791666232999997,8.70018196105957
13010,68656,106.07083562189999,20.791666232999997,5.627288341522217
13010,68657,106.07500228859999,20.791666232999997,3.7971670627593994
13010,68658,106.07916895529999,20.791666232999997,2.6862070560455322
13010,68659,106.08333562199999,20.791666232999997,2.1327273845672607
13010,68660,106.0875022887,20.791666232999997,1.952908992767334
13010,68661,106.0916689554,20.791666232999997,1.8701887130737305
13010,68662,106.0958356221,20.791666232999997,1.8315790891647339
13010,68663,106.1000022888,20.791666232999997,1.7759649753570557
13010,68664,106.10416895549999,20.791666232999997,1.8496774435043335
13010,68665,106.10833562219999,20.791666232999997,2.04819655418396
13010,68666,106.11250228889999,20.791666232999997,1.9299999475479126
13010,68667,106.11666895559999,20.791666232999997,1.5812498331069946
13010,68668,106.12083562229999,20.791666232999997,1.399375081062317
13010,68669,106.125002289,20.791666232999997,0.0
13010,68670,106.1291689557,20.791666232999997,1.2316129207611084
13010,68671,106.1333356224,20.791666232999997,1.4514516592025757
13010,68672,106.1375022891,20.791666232999997,1.9885483980178833
13010,68673,106.14166895579999,20.791666232999997,2.0047619342803955
13011,68622,105.92916895409999,20.787499566299996,2.9936363697052
13011,68623,105.9333356208,20.787499566299996,2.6024560928344727
13011,68624,105.9375022875,20.787499566299996,2.2427587509155273
13011,68625,105.9416689542,20.787499566299996,2.216545343399048
13011,68626,105.9458356209,20.787499566299996,2.2964913845062256
13011,68627,105.95000228759999,20.787499566299996,2.378103494644165
13011,68628,105.95416895429999,20.787499566299996,2.496896743774414
13011,68629,105.95833562099999,20.787499566299996,2.4263157844543457
13011,68630,105.96250228769999,20.787499566299996,2.1528334617614746
13011,68631,105.96666895439999,20.787499566299996,1.9641667604446411
13011,68632,105.9708356211,20.787499566299996,1.912542462348938
13011,68633,105.9750022878,20.787499566299996,1.809152603149414
13011,68634,105.9791689545,20.787499566299996,1.774827480316162
13011,68635,105.9833356212,20.787499566299996,1.9436841011047363
13011,68636,105.98750228789999,20.787499566299996,2.2614033222198486
13011,68637,105.99166895459999,20.787499566299996,2.400909185409546
13011,68638,105.99583562129999,20.787499566299996,1.848928451538086
13011,68639,106.00000228799999,20.787499566299996,1.5547271966934204
13011,68640,106.00416895469999,20.787499566299996,1.395094394683838
13011,68641,106.0083356214,20.787499566299996,0.0
13011,68642,106.0125022881,20.787499566299996,1.3490742444992065
13011,68643,106.0166689548,20.787499566299996,1.5101817846298218
13011,68644,106.0208356215,20.787499566299996,1.7451852560043335
13011,68645,106.02500228819999,20.787499566299996,2.321730852127075
13011,68646,106.02916895489999,20.787499566299996,2.1464152336120605
13011,68647,106.03333562159999,20.787499566299996,2.07403826713562
13011,68648,106.03750228829999,20.787499566299996,3.0300002098083496
13011,68649,106.04166895499999,20.787499566299996,3.672105312347412
13011,68650,106.0458356217,20.787499566299996,3.346607208251953
13011,68651,106.0500022884,20.787499566299996,3.3764913082122803
13011,68652,106.0541689551,20.787499566299996,4.577413558959961
13011,68653,106.0583356218,20.787499566299996,5.684259414672852
13011,68654,106.06250228849999,20.787499566299996,9.681754112243652
13011,68655,106.06666895519999,20.787499566299996,8.561525344848633
13011,68656,106.07083562189999,20.787499566299996,5.9704999923706055
13011,68657,106.07500228859999,20.787499566299996,3.6521666049957275
13011,68658,106.07916895529999,20.787499566299996,2.619166612625122
13011,68659,106.08333562199999,20.787499566299996,2.190000057220459
13011,68660,106.0875022887,20.787499566299996,2.17879319190979
13011,68661,106.0916689554,20.787499566299996,2.346545457839966
13011,68662,106.0958356221,20.787499566299996,2.2482757568359375
13011,68663,106.1000022888,20.787499566299996,1.8710343837738037
13011,68664,106.10416895549999,20.787499566299996,1.7736507654190063
13011,68665,106.10833562219999,20.787499566299996,2.041290521621704
13011,68666,106.11250228889999,20.787499566299996,2.3779032230377197
13011,68667,106.11666895559999,20.787499566299996,2.0500001907348633
13011,68668,106.12083562229999,20.787499566299996,1.5174241065979004
13011,68669,106.125002289,20.787499566299996,1.3967692852020264
13011,68670,106.1291689557,20.787499566299996,1.2674603462219238
13011,68671,106.1333356224,20.787499566299996,1.5834425687789917
13011,68672,106.1375022891,20.787499566299996,1.7940000295639038
13011,68673,106.14166895579999,20.787499566299996,1.6703449487686157
13011,68674,106.14583562249999,20.787499566299996,1.4786440134048462
13012,68625,105.9416689542,20.783332899599998,2.276724100112915
13012,68626,105.9458356209,20.783332899599998,2.3322806358337402
13012,68627,105.95000228759999,20.783332899599998,2.169482707977295
13012,68628,105.95416895429999,20.783332899599998,2.043684482574463
13012,68629,105.95833562099999,20.783332899599998,2.1864285469055176
13012,68630,105.96250228769999,20.783332899599998,2.072499990463257
13012,68631,105.96666895439999,20.783332899599998,2.0714516639709473
13012,68632,105.9708356211,20.783332899599998,2.2757372856140137
13012,68633,105.9750022878,20.783332899599998,2.2986884117126465
13012,68634,105.9791689545,20.783332899599998,2.2875864505767822
13012,68635,105.9833356212,20.783332899599998,2.2496490478515625
13012,68636,105.98750228789999,20.783332899599998,2.2439284324645996
13012,68637,105.99166895459999,20.783332899599998,2.2918519973754883
13012,68638,105.99583562129999,20.783332899599998,1.9040000438690186
13012,68639,106.00000228799999,20.783332899599998,1.5907018184661865
13012,68640,106.00416895469999,20.783332899599998,1.4781818389892578
13012,68641,106.0083356214,20.783332899599998,0.0
13012,68642,106.0125022881,20.783332899599998,1.3724074363708496
13012,68643,106.0166689548,20.783332899599998,1.6929090023040771
13012,68644,106.0208356215,20.783332899599998,2.165370464324951
13012,68645,106.02500228819999,20.783332899599998,3.2201883792877197
13012,68646,106.02916895489999,20.783332899599998,2.780909299850464
13012,68647,106.03333562159999,20.783332899599998,2.1833930015563965
13012,68648,106.03750228829999,20.783332899599998,2.999464273452759
13012,68649,106.04166895499999,20.783332899599998,3.3822803497314453
13012,68650,106.0458356217,20.783332899599998,2.85813570022583
13012,68651,106.0500022884,20.783332899599998,2.8562068939208984
13012,68652,106.0541689551,20.783332899599998,3.6832144260406494
13012,68653,106.0583356218,20.783332899599998,4.955344200134277
13012,68654,106.06250228849999,20.783332899599998,5.47796630859375
13012,68655,106.06666895519999,20.783332899599998,5.369832992553711
13012,68656,106.07083562189999,20.783332899599998,4.375932216644287
13012,68657,106.07500228859999,20.783332899599998,2.759838819503784
13012,68658,106.07916895529999,20.783332899599998,2.5053226947784424
13012,68659,106.08333562199999,20.783332899599998,2.0390164852142334
13012,68660,106.0875022887,20.783332899599998,2.184833288192749
13012,68661,106.0916689554,20.783332899599998,2.6085715293884277
13012,68662,106.0958356221,20.783332899599998,2.357544183731079
13012,68663,106.1000022888,20.783332899599998,1.9529998302459717
13012,68664,106.10416895549999,20.783332899599998,1.5871875286102295
13012,68665,106.10833562219999,20.783332899599998,1.6601563692092896
13012,68666,106.11250228889999,20.783332899599998,2.396562337875366
13012,68667,106.11666895559999,20.783332899599998,2.262500047683716
13012,68668,106.12083562229999,20.783332899599998,1.6461905241012573
13012,68669,106.125002289,20.783332899599998,1.5032787322998047
13012,68670,106.1291689557,20.783332899599998,1.4017744064331055
13012,68671,106.1333356224,20.783332899599998,1.7455737590789795
13012,68672,106.1375022891,20.783332899599998,1.7814284563064575
13012,68673,106.14166895579999,20.783332899599998,1.3678332567214966
13012,68674,106.14583562249999,20.783332899599998,1.2852457761764526
13012,68675,106.15000228919999,20.783332899599998,1.265246033668518
13012,68678,106.1625022893,20.783332899599998,1.4867240190505981
13012,68679,106.166668956,20.783332899599998,1.6867241859436035
13013,68630,105.96250228769999,20.779166232899996,1.8489474058151245
13013,68631,105.96666895439999,20.779166232899996,1.8264912366867065
13013,68632,105.9708356211,20.779166232899996,2.088545560836792
13013,68633,105.9750022878,20.779166232899996,2.235370397567749
13013,68634,105.9791689545,20.779166232899996,2.190192222595215
13013,68635,105.9833356212,20.779166232899996,1.998000144958496
13013,68636,105.98750228789999,20.779166232899996,2.1517856121063232
13013,68637,105.99166895459999,20.779166232899996,2.424736738204956
13013,68638,105.99583562129999,20.779166232899996,2.5091073513031006
13013,68639,106.00000228799999,20.779166232899996,1.9773213863372803
13013,68640,106.00416895469999,20.779166232899996,1.5537039041519165
13013,68641,106.0083356214,20.779166232899996,1.4130909442901611
13013,68642,106.0125022881,20.779166232899996,1.4453704357147217
13013,68643,106.0166689548,20.779166232899996,1.6203771829605103
13013,68644,106.0208356215,20.779166232899996,2.118269205093384
13013,68645,106.02500228819999,20.779166232899996,3.012352705001831
13013,68646,106.02916895489999,20.779166232899996,2.3550941944122314
13013,68647,106.03333562159999,20.779166232899996,2.0962069034576416
13013,68648,106.03750228829999,20.779166232899996,2.7401816844940186
13013,68649,106.04166895499999,20.779166232899996,2.9405453205108643
13013,68650,106.0458356217,20.779166232899996,2.6886210441589355
13013,68651,106.0500022884,20.779166232899996,2.8677191734313965
13013,68652,106.0541689551,20.779166232899996,2.8071186542510986
13013,68653,106.0583356218,20.779166232899996,2.9000000953674316
13013,68654,106.06250228849999,20.779166232899996,3.175645351409912
13013,68655,106.06666895519999,20.779166232899996,4.327096939086914
13013,68656,106.07083562189999,20.779166232899996,4.015762805938721
13013,68657,106.07500228859999,20.779166232899996,2.9206557273864746
13013,68658,106.07916895529999,20.779166232899996,2.6023330688476562
13013,68659,106.08333562199999,20.779166232899996,2.0806450843811035
13013,68660,106.0875022887,20.779166232899996,2.1082258224487305
13013,68661,106.0916689554,20.779166232899996,2.228813648223877
13013,68662,106.0958356221,20.779166232899996,1.8909837007522583
13013,68663,106.1000022888,20.779166232899996,1.7082258462905884
13013,68664,106.10416895549999,20.779166232899996,1.4801537990570068
13013,68665,106.10833562219999,20.779166232899996,1.6559675931930542
13013,68666,106.11250228889999,20.779166232899996,2.3375861644744873
13013,68667,106.11666895559999,20.779166232899996,2.181525468826294
13013,68668,106.12083562229999,20.779166232899996,1.748305082321167
13013,68669,106.125002289,20.779166232899996,1.446885108947754
13013,68670,106.1291689557,20.779166232899996,1.484262228012085
13013,68671,106.1333356224,20.779166232899996,1.89067804813385
13013,68672,106.1375022891,20.779166232899996,1.9803390502929688
13013,68673,106.14166895579999,20.779166232899996,1.5581356287002563
13013,68674,106.14583562249999,20.779166232899996,1.4609999656677246
13013,68675,106.15000228919999,20.779166232899996,1.261612892150879
13013,68676,106.15416895589999,20.779166232899996,1.183000087738037
13013,68677,106.15833562259999,20.779166232899996,1.2528812885284424
13013,68678,106.1625022893,20.779166232899996,1.679473638534546
13013,68679,106.166668956,20.779166232899996,1.8110169172286987
13013,68680,106.1708356227,20.779166232899996,1.9437288045883179
13014,68631,105.96666895439999,20.774999566199998,1.543157935142517
13014,68632,105.9708356211,20.774999566199998,1.609090805053711
13014,68633,105.9750022878,20.774999566199998,1.7705553770065308
13014,68634,105.9791689545,20.774999566199998,1.788039207458496
13014,68635,105.9833356212,20.774999566199998,1.7981818914413452
13014,68636,105.98750228789999,20.774999566199998,2.0070910453796387
13014,68637,105.99166895459999,20.774999566199998,2.7249999046325684
13014,68638,105.99583562129999,20.774999566199998,3.0277583599090576
13014,68639,106.00000228799999,20.774999566199998,2.5401666164398193
13014,68640,106.00416895469999,20.774999566199998,1.929464340209961
13014,68641,106.0083356214,20.774999566199998,1.5724529027938843
13014,68642,106.0125022881,20.774999566199998,1.4671698808670044
13014,68643,106.0166689548,20.774999566199998,1.3631372451782227
13014,68644,106.0208356215,20.774999566199998,1.5487037897109985
13014,68645,106.02500228819999,20.774999566199998,2.039799928665161
13014,68646,106.02916895489999,20.774999566199998,1.931764841079712
13014,68647,106.03333562159999,20.774999566199998,1.7139997482299805
13014,68648,106.03750228829999,20.774999566199998,2.041851758956909
13014,68649,106.04166895499999,20.774999566199998,2.1113462448120117
13014,68650,106.0458356217,20.774999566199998,2.230754852294922
13014,68651,106.0500022884,20.774999566199998,3.18999981880188
13014,68652,106.0541689551,20.774999566199998,3.445166826248169
13014,68653,106.0583356218,20.774999566199998,3.155322551727295
13014,68654,106.06250228849999,20.774999566199998,3.021613359451294
13014,68655,106.06666895519999,20.774999566199998,5.358437538146973
13014,68656,106.07083562189999,20.774999566199998,5.101110935211182
13014,68657,106.07500228859999,20.774999566199998,2.92033314704895
13014,68658,106.07916895529999,20.774999566199998,2.5308334827423096
13014,68659,106.08333562199999,20.774999566199998,2.1186442375183105
13014,68660,106.0875022887,20.774999566199998,2.0079309940338135
13014,68661,106.0916689554,20.774999566199998,2.0747458934783936
13014,68662,106.0958356221,20.774999566199998,1.7132787704467773
13014,68663,106.1000022888,20.774999566199998,1.5712308883666992
13014,68664,106.10416895549999,20.774999566199998,1.5367742776870728
13014,68665,106.10833562219999,20.774999566199998,1.72349214553833
13014,68666,106.11250228889999,20.774999566199998,2.0876667499542236
13014,68667,106.11666895559999,20.774999566199998,2.0221667289733887
13014,68668,106.12083562229999,20.774999566199998,1.6459321975708008
13014,68669,106.125002289,20.774999566199998,1.370322585105896
13014,68670,106.1291689557,20.774999566199998,1.393770456314087
13014,68671,106.1333356224,20.774999566199998,1.7753334045410156
13014,68672,106.1375022891,20.774999566199998,1.914262294769287
13014,68673,106.14166895579999,20.774999566199998,1.930322527885437
13014,68674,106.14583562249999,20.774999566199998,1.704444408416748
13014,68675,106.15000228919999,20.774999566199998,1.4601587057113647
13014,68676,106.15416895589999,20.774999566199998,1.2214285135269165
13014,68677,106.15833562259999,20.774999566199998,1.2401667833328247
13014,68678,106.1625022893,20.774999566199998,1.484838604927063
13014,68679,106.166668956,20.774999566199998,1.6743547916412354
13014,68680,106.1708356227,20.774999566199998,1.7072880268096924
13014,68681,106.1750022894,20.774999566199998,1.7194916009902954
13015,68632,105.9708356211,20.770832899499997,1.512830138206482
13015,68633,105.9750022878,20.770832899499997,1.6232692003250122
13015,68634,105.9791689545,20.770832899499997,1.6746001243591309
13015,68635,105.9833356212,20.770832899499997,1.8089090585708618
13015,68636,105.98750228789999,20.770832899499997,2.0563158988952637
13015,68637,105.99166895459999,20.770832899499997,2.6030356884002686
13015,68638,105.99583562129999,20.770832899499997,3.1903510093688965
13015,68639,106.00000228799999,20.770832899499997,2.7680702209472656
13015,68640,106.00416895469999,20.770832899499997,2.0848214626312256
13015,68641,106.0083356214,20.770832899499997,1.6707693338394165
13015,68642,106.0125022881,20.770832899499997,0.0
13015,68643,106.0166689548,20.770832899499997,0.0
13015,68644,106.0208356215,20.770832899499997,1.5182691812515259
13015,68645,106.02500228819999,20.770832899499997,1.5973076820373535
13015,68646,106.02916895489999,20.770832899499997,1.5096077919006348
13015,68647,106.03333562159999,20.770832899499997,1.4776922464370728
13015,68648,106.03750228829999,20.770832899499997,1.5267924070358276
13015,68649,106.04166895499999,20.770832899499997,1.6041818857192993
13015,68650,106.0458356217,20.770832899499997,1.8935185670852661
13015,68651,106.0500022884,20.770832899499997,3.895357131958008
13015,68652,106.0541689551,20.770832899499997,4.7746429443359375
13015,68653,106.0583356218,20.770832899499997,3.5399999618530273
13015,68654,106.06250228849999,20.770832899499997,3.6818645000457764
13015,68655,106.06666895519999,20.770832899499997,3.965484142303467
13015,68656,106.07083562189999,20.770832899499997,4.273442268371582
13015,68657,106.07500228859999,20.770832899499997,3.7516393661499023
13015,68658,106.07916895529999,20.770832899499997,2.4551613330841064
13015,68659,106.08333562199999,20.770832899499997,2.0158064365386963
13015,68660,106.0875022887,20.770832899499997,1.7991806268692017
13015,68661,106.0916689554,20.770832899499997,1.7584482431411743
13015,68662,106.0958356221,20.770832899499997,1.7461291551589966
13015,68663,106.1000022888,20.770832899499997,2.003384590148926
13015,68664,106.10416895549999,20.770832899499997,2.0254688262939453
13015,68665,106.10833562219999,20.770832899499997,2.0896875858306885
13015,68666,106.11250228889999,20.770832899499997,2.2121872901916504
13015,68667,106.11666895559999,20.770832899499997,2.0398359298706055
13015,68668,106.12083562229999,20.770832899499997,1.6029508113861084
13015,68669,106.125002289,20.770832899499997,1.2716130018234253
13015,68670,106.1291689557,20.770832899499997,1.2109678983688354
13015,68671,106.1333356224,20.770832899499997,1.2253226041793823
13015,68672,106.1375022891,20.770832899499997,1.587541103363037
13015,68673,106.14166895579999,20.770832899499997,1.7767741680145264
13015,68674,106.14583562249999,20.770832899499997,1.6822222471237183
13015,68675,106.15000228919999,20.770832899499997,1.3850820064544678
13015,68676,106.15416895589999,20.770832899499997,1.2277048826217651
13015,68677,106.15833562259999,20.770832899499997,1.1601612567901611
13015,68678,106.1625022893,20.770832899499997,1.214098334312439
13015,68679,106.166668956,20.770832899499997,1.5958064794540405
13015,68680,106.1708356227,20.770832899499997,1.8578335046768188
13015,68681,106.1750022894,20.770832899499997,1.5051666498184204
13016,68632,105.9708356211,20.766666232799995,1.5028300285339355
13016,68633,105.9750022878,20.766666232799995,1.607962965965271
13016,68634,105.9791689545,20.766666232799995,1.8166667222976685
13016,68635,105.9833356212,20.766666232799995,2.0381665229797363
13016,68636,105.98750228789999,20.766666232799995,2.4831032752990723
13016,68637,105.99166895459999,20.766666232799995,2.578620672225952
13016,68638,105.99583562129999,20.766666232799995,2.4556894302368164
13016,68639,106.00000228799999,20.766666232799995,2.0582144260406494
13016,68640,106.00416895469999,20.766666232799995,1.7083929777145386
13016,68641,106.0083356214,20.766666232799995,1.509272813796997
13016,68642,106.0125022881,20.766666232799995,0.0
13016,68643,106.0166689548,20.766666232799995,1.3696296215057373
13016,68644,106.0208356215,20.766666232799995,1.5677778720855713
13016,68645,106.02500228819999,20.766666232799995,1.6651922464370728
13016,68646,106.02916895489999,20.766666232799995,1.505357027053833
13016,68647,106.03333562159999,20.766666232799995,1.4314544200897217
13016,68648,106.03750228829999,20.766666232799995,1.4324073791503906
13016,68649,106.04166895499999,20.766666232799995,0.0
13016,68650,106.0458356217,20.766666232799995,1.733214259147644
13016,68651,106.0500022884,20.766666232799995,3.7010908126831055
13016,68652,106.0541689551,20.766666232799995,4.956111431121826
13016,68653,106.0583356218,20.766666232799995,3.634737014770508
13016,68654,106.06250228849999,20.766666232799995,2.977931022644043
13016,68655,106.06666895519999,20.766666232799995,2.9951725006103516
13016,68656,106.07083562189999,20.766666232799995,4.204833030700684
13016,68657,106.07500228859999,20.766666232799995,4.721475601196289
13016,68658,106.07916895529999,20.766666232799995,2.7592060565948486
13016,68659,106.08333562199999,20.766666232799995,2.1736507415771484
13016,68660,106.0875022887,20.766666232799995,1.7180328369140625
13016,68661,106.0916689554,20.766666232799995,0.0
13016,68662,106.0958356221,20.766666232799995,1.6755738258361816
13016,68663,106.1000022888,20.766666232799995,2.2417187690734863
13016,68664,106.10416895549999,20.766666232799995,2.420476198196411
13016,68665,106.10833562219999,20.766666232799995,2.678889036178589
13016,68666,106.11250228889999,20.766666232799995,2.8250792026519775
13016,68667,106.11666895559999,20.766666232799995,2.3961288928985596
13016,68668,106.12083562229999,20.766666232799995,1.8390475511550903
13016,68669,106.125002289,20.766666232799995,1.3771185874938965
13016,68670,106.1291689557,20.766666232799995,1.2091524600982666
13016,68671,106.1333356224,20.766666232799995,1.1859647035598755
13016,68672,106.1375022891,20.766666232799995,1.2908620834350586
13016,68673,106.14166895579999,20.766666232799995,1.5538595914840698
13016,68674,106.14583562249999,20.766666232799995,1.6155171394348145
13016,68675,106.15000228919999,20.766666232799995,1.38377046585083
13016,68676,106.15416895589999,20.766666232799995,1.222930908203125
13016,68677,106.15833562259999,20.766666232799995,0.0
13016,68678,106.1625022893,20.766666232799995,1.1469839811325073
13016,68679,106.166668956,20.766666232799995,1.701803207397461
13016,68680,106.1708356227,20.766666232799995,1.860819697380066
13016,68681,106.1750022894,20.766666232799995,1.450819730758667
13017,68632,105.9708356211,20.762499566099997,1.507358431816101
13017,68633,105.9750022878,20.762499566099997,1.8405455350875854
13017,68634,105.9791689545,20.762499566099997,2.1056602001190186
13017,68635,105.9833356212,20.762499566099997,2.2845611572265625
13017,68636,105.98750228789999,20.762499566099997,2.7141377925872803
13017,68637,105.99166895459999,20.762499566099997,2.396250009536743
13017,68638,105.99583562129999,20.762499566099997,1.9564909934997559
13017,68639,106.00000228799999,20.762499566099997,1.8315092325210571
13017,68640,106.00416895469999,20.762499566099997,1.5476787090301514
13017,68641,106.0083356214,20.762499566099997,1.4075926542282104
13017,68642,106.0125022881,20.762499566099997,1.4792307615280151
13017,68643,106.0166689548,20.762499566099997,1.5169813632965088
13017,68644,106.0208356215,20.762499566099997,1.746545433998108
13017,68645,106.02500228819999,20.762499566099997,1.8567273616790771
13017,68646,106.02916895489999,20.762499566099997,1.6861404180526733
13017,68647,106.03333562159999,20.762499566099997,1.5408772230148315
13017,68648,106.03750228829999,20.762499566099997,1.6582456827163696
13017,68649,106.04166895499999,20.762499566099997,1.7255356311798096
13017,68650,106.0458356217,20.762499566099997,1.7632759809494019
13017,68651,106.0500022884,20.762499566099997,3.214210271835327
13017,68652,106.0541689551,20.762499566099997,3.998771905899048
13017,68653,106.0583356218,20.762499566099997,3.2691071033477783
13017,68654,106.06250228849999,20.762499566099997,2.191833257675171
13017,68655,106.06666895519999,20.762499566099997,2.3501639366149902
13017,68656,106.07083562189999,20.762499566099997,3.56135630607605
13017,68657,106.07500228859999,20.762499566099997,4.521864414215088
13017,68658,106.07916895529999,20.762499566099997,3.1627116203308105
13017,68659,106.08333562199999,20.762499566099997,2.2464616298675537
13017,68660,106.0875022887,20.762499566099997,1.8195236921310425
13017,68661,106.0916689554,20.762499566099997,1.600967526435852
13017,68662,106.0958356221,20.762499566099997,1.5876561403274536
13017,68663,106.1000022888,20.762499566099997,1.5906349420547485
13017,68664,106.10416895549999,20.762499566099997,1.6619353294372559
13017,68665,106.10833562219999,20.762499566099997,1.9550000429153442
13017,68666,106.11250228889999,20.762499566099997,2.5909676551818848
13017,68667,106.11666895559999,20.762499566099997,2.3523335456848145
13017,68668,106.12083562229999,20.762499566099997,1.7645763158798218
13017,68669,106.125002289,20.762499566099997,1.3971667289733887
13017,68670,106.1291689557,20.762499566099997,1.337540864944458
13017,68671,106.1333356224,20.762499566099997,1.3833898305892944
13017,68672,106.1375022891,20.762499566099997,1.4487498998641968
13017,68673,106.14166895579999,20.762499566099997,1.5070909261703491
13017,68674,106.14583562249999,20.762499566099997,1.6100001335144043
13017,68675,106.15000228919999,20.762499566099997,1.513770580291748
13017,68676,106.15416895589999,20.762499566099997,1.2643547058105469
13017,68677,106.15833562259999,20.762499566099997,1.2075806856155396
13017,68678,106.1625022893,20.762499566099997,1.2113114595413208
13017,68679,106.166668956,20.762499566099997,1.3831744194030762
13017,68680,106.1708356227,20.762499566099997,1.6143547296524048
13017,68681,106.1750022894,20.762499566099997,1.5196665525436401
13017,68682,106.17916895609999,20.762499566099997,1.3717544078826904
13017,68683,106.18333562279999,20.762499566099997,1.3641667366027832
13017,68684,106.18750228949999,20.762499566099997,1.4027419090270996
13017,68685,106.19166895619999,20.762499566099997,1.3900001049041748
13018,68632,105.9708356211,20.758332899399996,1.748518466949463
13018,68633,105.9750022878,20.758332899399996,1.7714545726776123
13018,68634,105.9791689545,20.758332899399996,1.9510908126831055
13018,68635,105.9833356212,20.758332899399996,2.276792526245117
13018,68636,105.98750228789999,20.758332899399996,2.474259376525879
13018,68637,105.99166895459999,20.758332899399996,2.2590742111206055
13018,68638,105.99583562129999,20.758332899399996,1.8845614194869995
13018,68639,106.00000228799999,20.758332899399996,1.8886792659759521
13018,68640,106.00416895469999,20.758332899399996,1.5703636407852173
13018,68641,106.0083356214,20.758332899399996,1.3709092140197754
13018,68642,106.0125022881,20.758332899399996,1.7564151287078857
13018,68643,106.0166689548,20.758332899399996,1.9218518733978271
13018,68644,106.0208356215,20.758332899399996,1.983076810836792
13018,68645,106.02500228819999,20.758332899399996,2.049999952316284
13018,68646,106.02916895489999,20.758332899399996,1.8501754999160767
13018,68647,106.03333562159999,20.758332899399996,1.7328813076019287
13018,68648,106.03750228829999,20.758332899399996,1.8294734954833984
13018,68649,106.04166895499999,20.758332899399996,1.9631578922271729
13018,68650,106.0458356217,20.758332899399996,1.8710345029830933
13018,68651,106.0500022884,20.758332899399996,2.243833303451538
13018,68652,106.0541689551,20.758332899399996,3.4668328762054443
13018,68653,106.0583356218,20.758332899399996,3.240328311920166
13018,68654,106.06250228849999,20.758332899399996,2.2888710498809814
13018,68655,106.06666895519999,20.758332899399996,2.574918270111084
13018,68656,106.07083562189999,20.758332899399996,4.03145170211792
13018,68657,106.07500228859999,20.758332899399996,4.483015537261963
13018,68658,106.07916895529999,20.758332899399996,4.093709945678711
13018,68659,106.08333562199999,20.758332899399996,2.6428332328796387
13018,68660,106.0875022887,20.758332899399996,2.028888702392578
13018,68661,106.0916689554,20.758332899399996,1.7067186832427979
13018,68662,106.0958356221,20.758332899399996,1.6389394998550415
13018,68663,106.1000022888,20.758332899399996,1.495872974395752
13018,68664,106.10416895549999,20.758332899399996,1.4560317993164062
13018,68665,106.10833562219999,20.758332899399996,1.6338708400726318
13018,68666,106.11250228889999,20.758332899399996,2.0683605670928955
13018,68667,106.11666895559999,20.758332899399996,2.011639356613159
13018,68668,106.12083562229999,20.758332899399996,1.4911291599273682
13018,68669,106.125002289,20.758332899399996,1.3414063453674316
13018,68670,106.1291689557,20.758332899399996,1.7930644750595093
13018,68671,106.1333356224,20.758332899399996,2.5006778240203857
13018,68672,106.1375022891,20.758332899399996,2.1894915103912354
13018,68673,106.14166895579999,20.758332899399996,1.911551594734192
13018,68674,106.14583562249999,20.758332899399996,1.6461665630340576
13018,68675,106.15000228919999,20.758332899399996,1.5434426069259644
13018,68676,106.15416895589999,20.758332899399996,1.380312442779541
13018,68677,106.15833562259999,20.758332899399996,1.2880643606185913
13018,68678,106.1625022893,20.758332899399996,1.2731746435165405
13018,68679,106.166668956,20.758332899399996,1.3183605670928955
13018,68680,106.1708356227,20.758332899399996,1.4686205387115479
13018,68681,106.1750022894,20.758332899399996,1.437166690826416
13018,68682,106.17916895609999,20.758332899399996,1.3243861198425293
13018,68683,106.18333562279999,20.758332899399996,1.2325423955917358
13018,68684,106.18750228949999,20.758332899399996,1.2527869939804077
13018,68685,106.19166895619999,20.758332899399996,1.4446666240692139
13018,68686,106.19583562289999,20.758332899399996,1.5984745025634766
13019,68632,105.9708356211,20.754166232699998,2.0181820392608643
13019,68633,105.9750022878,20.754166232699998,2.171428680419922
13019,68634,105.9791689545,20.754166232699998,2.1494643688201904
13019,68635,105.9833356212,20.754166232699998,2.34226393699646
13019,68636,105.98750228789999,20.754166232699998,0.0
13019,68637,105.99166895459999,20.754166232699998,2.3451786041259766
13019,68638,105.99583562129999,20.754166232699998,1.8598332405090332
13019,68639,106.00000228799999,20.754166232699998,1.7410169839859009
13019,68640,106.00416895469999,20.754166232699998,1.5647368431091309
13019,68641,106.0083356214,20.754166232699998,1.470178484916687
13019,68642,106.0125022881,20.754166232699998,1.7333928346633911
13019,68643,106.0166689548,20.754166232699998,1.9615095853805542
13019,68644,106.0208356215,20.754166232699998,1.8594231605529785
13019,68645,106.02500228819999,20.754166232699998,1.8188234567642212
13019,68646,106.02916895489999,20.754166232699998,1.65666663646698
13019,68647,106.03333562159999,20.754166232699998,1.7308772802352905
13019,68648,106.03750228829999,20.754166232699998,1.8263157606124878
13019,68649,106.04166895499999,20.754166232699998,1.9317543506622314
13019,68650,106.0458356217,20.754166232699998,1.9758490324020386
13019,68651,106.0500022884,20.754166232699998,2.325166940689087
13019,68652,106.0541689551,20.754166232699998,4.258125305175781
13019,68653,106.0583356218,20.754166232699998,4.1551513671875
13019,68654,106.06250228849999,20.754166232699998,2.919682502746582
13019,68655,106.06666895519999,20.754166232699998,3.283278703689575
13019,68656,106.07083562189999,20.754166232699998,4.121905326843262
13019,68657,106.07500228859999,20.754166232699998,5.790492057800293
13019,68658,106.07916895529999,20.754166232699998,8.431588172912598
13019,68659,106.08333562199999,20.754166232699998,7.311110973358154
13019,68660,106.0875022887,20.754166232699998,2.786508083343506
13019,68661,106.0916689554,20.754166232699998,2.0026559829711914
13019,68662,106.0958356221,20.754166232699998,1.7943750619888306
13019,68663,106.1000022888,20.754166232699998,1.5671428442001343
13019,68664,106.10416895549999,20.754166232699998,1.530806541442871
13019,68665,106.10833562219999,20.754166232699998,1.7093441486358643
13019,68666,106.11250228889999,20.754166232699998,2.178889036178589
13019,68667,106.11666895559999,20.754166232699998,2.1145763397216797
13019,68668,106.12083562229999,20.754166232699998,1.6480644941329956
13019,68669,106.125002289,20.754166232699998,1.5363932847976685
13019,68670,106.1291689557,20.754166232699998,1.9583332538604736
13019,68671,106.1333356224,20.754166232699998,2.72147536277771
13019,68672,106.1375022891,20.754166232699998,2.6432785987854004
13019,68673,106.14166895579999,20.754166232699998,1.9043549299240112
13019,68674,106.14583562249999,20.754166232699998,1.674354910850525
13019,68675,106.15000228919999,20.754166232699998,1.4411110877990723
13019,68676,106.15416895589999,20.754166232699998,1.3024998903274536
13019,68677,106.15833562259999,20.754166232699998,1.2206451892852783
13019,68678,106.1625022893,20.754166232699998,1.2201588153839111
13019,68679,106.166668956,20.754166232699998,1.190983533859253
13019,68680,106.1708356227,20.754166232699998,1.256271243095398
13019,68681,106.1750022894,20.754166232699998,1.187000036239624
13019,68682,106.17916895609999,20.754166232699998,1.2231147289276123
13019,68683,106.18333562279999,20.754166232699998,0.0
13019,68684,106.18750228949999,20.754166232699998,1.169531226158142
13019,68685,106.19166895619999,20.754166232699998,1.329836130142212
13019,68686,106.19583562289999,20.754166232699998,1.736440896987915
13019,68687,106.2000022896,20.754166232699998,2.277966022491455
13020,68632,105.9708356211,20.749999565999996,2.091607093811035
13020,68633,105.9750022878,20.749999565999996,2.768571615219116
13020,68634,105.9791689545,20.749999565999996,2.655892848968506
13020,68635,105.9833356212,20.749999565999996,2.4083333015441895
13020,68636,105.98750228789999,20.749999565999996,2.53964900970459
13020,68637,105.99166895459999,20.749999565999996,2.489464282989502
13020,68638,105.99583562129999,20.749999565999996,2.010344982147217
13020,68639,106.00000228799999,20.749999565999996,1.735084891319275
13020,68640,106.00416895469999,20.749999565999996,1.5343103408813477
13020,68641,106.0083356214,20.749999565999996,1.6168421506881714
13020,68642,106.0125022881,20.749999565999996,1.8074575662612915
13020,68643,106.0166689548,20.749999565999996,1.809999942779541
13020,68644,106.0208356215,20.749999565999996,1.5978572368621826
13020,68645,106.02500228819999,20.749999565999996,1.4898147583007812
13020,68646,106.02916895489999,20.749999565999996,1.4449090957641602
13020,68647,106.03333562159999,20.749999565999996,1.5772414207458496
13020,68648,106.03750228829999,20.749999565999996,1.6294827461242676
13020,68649,106.04166895499999,20.749999565999996,1.6807018518447876
13020,68650,106.0458356217,20.749999565999996,1.8353447914123535
13020,68651,106.0500022884,20.749999565999996,2.195666790008545
13020,68652,106.0541689551,20.749999565999996,4.306983947753906
13020,68653,106.0583356218,20.749999565999996,4.986176490783691
13020,68654,106.06250228849999,20.749999565999996,3.754999876022339
13020,68655,106.06666895519999,20.749999565999996,4.217666149139404
13020,68656,106.07083562189999,20.749999565999996,5.479344367980957
13020,68657,106.07500228859999,20.749999565999996,9.050491333007812
13020,68658,106.07916895529999,20.749999565999996,12.026984214782715
13020,68659,106.08333562199999,20.749999565999996,11.003998756408691
13020,68660,106.0875022887,20.749999565999996,6.375155925750732
13020,68661,106.0916689554,20.749999565999996,2.751875162124634
13020,68662,106.0958356221,20.749999565999996,2.1562294960021973
13020,68663,106.1000022888,20.749999565999996,1.979660987854004
13020,68664,106.10416895549999,20.749999565999996,1.8869999647140503
13020,68665,106.10833562219999,20.749999565999996,1.8985483646392822
13020,68666,106.11250228889999,20.749999565999996,2.2395312786102295
13020,68667,106.11666895559999,20.749999565999996,2.1591804027557373
13020,68668,106.12083562229999,20.749999565999996,2.00083327293396
13020,68669,106.125002289,20.749999565999996,1.9395161867141724
13020,68670,106.1291689557,20.749999565999996,1.9113333225250244
13020,68671,106.1333356224,20.749999565999996,1.8834998607635498
13020,68672,106.1375022891,20.749999565999996,1.8429032564163208
13020,68673,106.14166895579999,20.749999565999996,1.570983648300171
13020,68674,106.14583562249999,20.749999565999996,1.4824615716934204
13020,68675,106.15000228919999,20.749999565999996,1.350156307220459
13020,68676,106.15416895589999,20.749999565999996,1.2336922883987427
13020,68677,106.15833562259999,20.749999565999996,1.3366668224334717
13020,68678,106.1625022893,20.749999565999996,1.4367188215255737
13020,68679,106.166668956,20.749999565999996,1.4614752531051636
13020,68680,106.1708356227,20.749999565999996,1.3613334894180298
13020,68681,106.1750022894,20.749999565999996,1.2608333826065063
13020,68682,106.17916895609999,20.749999565999996,1.1933332681655884
13020,68683,106.18333562279999,20.749999565999996,1.2543103694915771
13020,68684,106.18750228949999,20.749999565999996,1.3668333292007446
13020,68685,106.19166895619999,20.749999565999996,1.7371666431427002
13020,68686,106.19583562289999,20.749999565999996,2.2951722145080566
13020,68687,106.2000022896,20.749999565999996,2.2874138355255127
13020,68688,106.2041689563,20.749999565999996,2.1642372608184814
13020,68689,106.208335623,20.749999565999996,2.0636208057403564
13020,68690,106.2125022897,20.749999565999996,1.8210170269012451
13021,68632,105.9708356211,20.745832899299998,2.014561414718628
13021,68633,105.9750022878,20.745832899299998,2.699298620223999
13021,68634,105.9791689545,20.745832899299998,2.5603392124176025
13021,68635,105.9833356212,20.745832899299998,2.2825000286102295
13021,68636,105.98750228789999,20.745832899299998,2.1901819705963135
13021,68637,105.99166895459999,20.745832899299998,2.0096492767333984
13021,68638,105.99583562129999,20.745832899299998,1.645689606666565
13021,68639,106.00000228799999,20.745832899299998,1.534193515777588
13021,68640,106.00416895469999,20.745832899299998,1.3735088109970093
13021,68641,106.0083356214,20.745832899299998,1.5681482553482056
13021,68642,106.0125022881,20.745832899299998,1.7941819429397583
13021,68643,106.0166689548,20.745832899299998,1.6896429061889648
13021,68644,106.0208356215,20.745832899299998,1.4489091634750366
13021,68645,106.02500228819999,20.745832899299998,0.0
13021,68646,106.02916895489999,20.745832899299998,1.3455173969268799
13021,68647,106.03333562159999,20.745832899299998,1.4469491243362427
13021,68648,106.03750228829999,20.745832899299998,1.5272130966186523
13021,68649,106.04166895499999,20.745832899299998,1.465000033378601
13021,68650,106.0458356217,20.745832899299998,1.627666711807251
13021,68651,106.0500022884,20.745832899299998,1.8890324831008911
13021,68652,106.0541689551,20.745832899299998,3.3692429065704346
13021,68653,106.0583356218,20.745832899299998,4.514307498931885
13021,68654,106.06250228849999,20.745832899299998,4.396562099456787
13021,68655,106.06666895519999,20.745832899299998,3.9930646419525146
13021,68656,106.07083562189999,20.745832899299998,6.18222188949585
13021,68657,106.07500228859999,20.745832899299998,8.540645599365234
13021,68658,106.07916895529999,20.745832899299998,9.835556030273438
13021,68659,106.08333562199999,20.745832899299998,8.015872955322266
13021,68660,106.0875022887,20.745832899299998,4.448905944824219
13021,68661,106.0916689554,20.745832899299998,2.8974244594573975
13021,68662,106.0958356221,20.745832899299998,2.4092063903808594
13021,68663,106.1000022888,20.745832899299998,2.25433349609375
13021,68664,106.10416895549999,20.745832899299998,2.3550000190734863
13021,68665,106.10833562219999,20.745832899299998,2.4632785320281982
13021,68666,106.11250228889999,20.745832899299998,2.4021310806274414
13021,68667,106.11666895559999,20.745832899299998,2.0909838676452637
13021,68668,106.12083562229999,20.745832899299998,1.970508337020874
13021,68669,106.125002289,20.745832899299998,1.9183052778244019
13021,68670,106.1291689557,20.745832899299998,1.8476271629333496
13021,68671,106.1333356224,20.745832899299998,1.6050000190734863
13021,68672,106.1375022891,20.745832899299998,1.432063341140747
13021,68673,106.14166895579999,20.745832899299998,1.3564517498016357
13021,68674,106.14583562249999,20.745832899299998,1.2895160913467407
13021,68675,106.15000228919999,20.745832899299998,1.1575000286102295
13021,68676,106.15416895589999,20.745832899299998,1.189365029335022
13021,68677,106.15833562259999,20.745832899299998,1.335230827331543
13021,68678,106.1625022893,20.745832899299998,1.589692234992981
13021,68679,106.166668956,20.745832899299998,1.6701538562774658
13021,68680,106.1708356227,20.745832899299998,1.5193750858306885
13021,68681,106.1750022894,20.745832899299998,1.4108333587646484
13021,68682,106.17916895609999,20.745832899299998,1.433000087738037
13021,68683,106.18333562279999,20.745832899299998,1.5828813314437866
13021,68684,106.18750228949999,20.745832899299998,1.8063156604766846
13021,68685,106.19166895619999,20.745832899299998,1.9338595867156982
13021,68686,106.19583562289999,20.745832899299998,1.9452632665634155
13021,68687,106.2000022896,20.745832899299998,1.7466667890548706
13021,68688,106.2041689563,20.745832899299998,1.559830665588379
13021,68689,106.208335623,20.745832899299998,1.5860000848770142
13021,68690,106.2125022897,20.745832899299998,1.5022581815719604
13021,68691,106.21666895639999,20.745832899299998,1.4938981533050537
13022,68632,105.9708356211,20.741666232599997,1.8905454874038696
13022,68633,105.9750022878,20.741666232599997,2.296842098236084
13022,68634,105.9791689545,20.741666232599997,2.2861905097961426
13022,68635,105.9833356212,20.741666232599997,2.1601667404174805
13022,68636,105.98750228789999,20.741666232599997,1.7429823875427246
13022,68637,105.99166895459999,20.741666232599997,1.6021052598953247
13022,68638,105.99583562129999,20.741666232599997,1.6732759475708008
13022,68639,106.00000228799999,20.741666232599997,1.4471666812896729
13022,68640,106.00416895469999,20.741666232599997,0.0
13022,68641,106.0083356214,20.741666232599997,1.3410526514053345
13022,68642,106.0125022881,20.741666232599997,1.4205173254013062
13022,68643,106.0166689548,20.741666232599997,1.4833333492279053
13022,68644,106.0208356215,20.741666232599997,1.4548214673995972
13022,68645,106.02500228819999,20.741666232599997,0.0
13022,68646,106.02916895489999,20.741666232599997,0.0
13022,68647,106.03333562159999,20.741666232599997,0.0
13022,68648,106.03750228829999,20.741666232599997,0.0
13022,68649,106.04166895499999,20.741666232599997,1.447930932044983
13022,68650,106.0458356217,20.741666232599997,1.6419355869293213
13022,68651,106.0500022884,20.741666232599997,1.9332307577133179
13022,68652,106.0541689551,20.741666232599997,2.968254327774048
13022,68653,106.0583356218,20.741666232599997,5.098955154418945
13022,68654,106.06250228849999,20.741666232599997,5.597794532775879
13022,68655,106.06666895519999,20.741666232599997,3.5601563453674316
13022,68656,106.07083562189999,20.741666232599997,3.6131746768951416
13022,68657,106.07500228859999,20.741666232599997,4.029999732971191
13022,68658,106.07916895529999,20.741666232599997,4.4009833335876465
13022,68659,106.08333562199999,20.741666232599997,4.403492450714111
13022,68660,106.0875022887,20.741666232599997,3.1915624141693115
13022,68661,106.0916689554,20.741666232599997,2.705605983734131
13022,68662,106.0958356221,20.741666232599997,2.5801587104797363
13022,68663,106.1000022888,20.741666232599997,2.9615256786346436
13022,68664,106.10416895549999,20.741666232599997,2.988135576248169
13022,68665,106.10833562219999,20.741666232599997,2.532033920288086
13022,68666,106.11250228889999,20.741666232599997,2.289830446243286
13022,68667,106.11666895559999,20.741666232599997,2.0931577682495117
13022,68668,106.12083562229999,20.741666232599997,1.8923214673995972
13022,68669,106.125002289,20.741666232599997,1.707962989807129
13022,68670,106.1291689557,20.741666232599997,1.6237499713897705
13022,68671,106.1333356224,20.741666232599997,1.492321252822876
13022,68672,106.1375022891,20.741666232599997,1.3741378784179688
13022,68673,106.14166895579999,20.741666232599997,1.3210170269012451
13022,68674,106.14583562249999,20.741666232599997,0.0
13022,68675,106.15000228919999,20.741666232599997,0.0
13022,68676,106.15416895589999,20.741666232599997,1.1924999952316284
13022,68677,106.15833562259999,20.741666232599997,1.3345314264297485
13022,68678,106.1625022893,20.741666232599997,1.5973438024520874
13022,68679,106.166668956,20.741666232599997,1.6377272605895996
13022,68680,106.1708356227,20.741666232599997,1.8332308530807495
13022,68681,106.1750022894,20.741666232599997,1.809999942779541
13022,68682,106.17916895609999,20.741666232599997,2.0295238494873047
13022,68683,106.18333562279999,20.741666232599997,2.4958336353302
13022,68684,106.18750228949999,20.741666232599997,2.33396577835083
13022,68685,106.19166895619999,20.741666232599997,1.9758929014205933
13022,68686,106.19583562289999,20.741666232599997,1.5844998359680176
13022,68687,106.2000022896,20.741666232599997,1.4467213153839111
13022,68688,106.2041689563,20.741666232599997,1.319677472114563
13022,68689,106.208335623,20.741666232599997,1.324754238128662
13022,68690,106.2125022897,20.741666232599997,1.316666603088379
13022,68691,106.21666895639999,20.741666232599997,1.466551661491394
13023,68632,105.9708356211,20.737499565899995,1.6807273626327515
13023,68633,105.9750022878,20.737499565899995,1.9430508613586426
13023,68634,105.9791689545,20.737499565899995,2.2683870792388916
13023,68635,105.9833356212,20.737499565899995,2.2154998779296875
13023,68636,105.98750228789999,20.737499565899995,1.798965573310852
13023,68637,105.99166895459999,20.737499565899995,1.6894826889038086
13023,68638,105.99583562129999,20.737499565899995,1.6829310655593872
13023,68639,106.00000228799999,20.737499565899995,1.4776666164398193
13023,68640,106.00416895469999,20.737499565899995,1.3262499570846558
13023,68641,106.0083356214,20.737499565899995,0.0
13023,68642,106.0125022881,20.737499565899995,0.0
13023,68643,106.0166689548,20.737499565899995,0.0
13023,68644,106.0208356215,20.737499565899995,0.0
13023,68645,106.02500228819999,20.737499565899995,0.0
13023,68646,106.02916895489999,20.737499565899995,0.0
13023,68647,106.03333562159999,20.737499565899995,0.0
13023,68648,106.03750228829999,20.737499565899995,1.5680354833602905
13023,68649,106.04166895499999,20.737499565899995,1.588070273399353
13023,68650,106.0458356217,20.737499565899995,1.8133333921432495
13023,68651,106.0500022884,20.737499565899995,2.4137704372406006
13023,68652,106.0541689551,20.737499565899995,3.600677967071533
13023,68653,106.0583356218,20.737499565899995,7.303650856018066
13023,68654,106.06250228849999,20.737499565899995,6.520000457763672
13023,68655,106.06666895519999,20.737499565899995,3.6990768909454346
13023,68656,106.07083562189999,20.737499565899995,3.1814284324645996
13023,68657,106.07500228859999,20.737499565899995,2.7816131114959717
13023,68658,106.07916895529999,20.737499565899995,3.223442792892456
13023,68659,106.08333562199999,20.737499565899995,3.708688259124756
13023,68660,106.0875022887,20.737499565899995,2.8660318851470947
13023,68661,106.0916689554,20.737499565899995,2.4139060974121094
13023,68662,106.0958356221,20.737499565899995,2.5829031467437744
13023,68663,106.1000022888,20.737499565899995,4.040499687194824
13023,68664,106.10416895549999,20.737499565899995,3.751147747039795
13023,68665,106.10833562219999,20.737499565899995,2.1684999465942383
13023,68666,106.11250228889999,20.737499565899995,1.934833288192749
13023,68667,106.11666895559999,20.737499565899995,1.9036842584609985
13023,68668,106.12083562229999,20.737499565899995,1.6569643020629883
13023,68669,106.125002289,20.737499565899995,1.5392593145370483
13023,68670,106.1291689557,20.737499565899995,1.5047273635864258
13023,68671,106.1333356224,20.737499565899995,1.5778948068618774
13023,68672,106.1375022891,20.737499565899995,1.587091088294983
13023,68673,106.14166895579999,20.737499565899995,1.4940351247787476
13023,68674,106.14583562249999,20.737499565899995,1.2994999885559082
13023,68675,106.15000228919999,20.737499565899995,1.1860343217849731
13023,68676,106.15416895589999,20.737499565899995,1.2300000190734863
13023,68677,106.15833562259999,20.737499565899995,1.5638985633850098
13023,68678,106.1625022893,20.737499565899995,1.758889079093933
13023,68679,106.166668956,20.737499565899995,1.8476563692092896
13023,68680,106.1708356227,20.737499565899995,2.271846294403076
13023,68681,106.1750022894,20.737499565899995,3.788888692855835
13023,68682,106.17916895609999,20.737499565899995,4.282656669616699
13023,68683,106.18333562279999,20.737499565899995,3.545161008834839
13023,68684,106.18750228949999,20.737499565899995,2.7098302841186523
13023,68685,106.19166895619999,20.737499565899995,1.9410170316696167
13023,68686,106.19583562289999,20.737499565899995,1.6193650960922241
13023,68687,106.2000022896,20.737499565899995,1.5971429347991943
13023,68688,106.2041689563,20.737499565899995,1.5215871334075928
13023,68689,106.208335623,20.737499565899995,1.370476245880127
13023,68690,106.2125022897,20.737499565899995,1.3428125381469727
13023,68691,106.21666895639999,20.737499565899995,1.3927417993545532
13024,68632,105.9708356211,20.733332899199997,1.608245611190796
13024,68633,105.9750022878,20.733332899199997,1.9298274517059326
13024,68634,105.9791689545,20.733332899199997,2.5256898403167725
13024,68635,105.9833356212,20.733332899199997,2.9705262184143066
13024,68636,105.98750228789999,20.733332899199997,2.70694899559021
13024,68637,105.99166895459999,20.733332899199997,2.383448362350464
13024,68638,105.99583562129999,20.733332899199997,2.1453447341918945
13024,68639,106.00000228799999,20.733332899199997,1.5668420791625977
13024,68640,106.00416895469999,20.733332899199997,1.4398212432861328
13024,68641,106.0083356214,20.733332899199997,1.4207547903060913
13024,68642,106.0125022881,20.733332899199997,1.4854717254638672
13024,68643,106.0166689548,20.733332899199997,1.5305557250976562
13024,68644,106.0208356215,20.733332899199997,0.0
13024,68645,106.02500228819999,20.733332899199997,0.0
13024,68646,106.02916895489999,20.733332899199997,0.0
13024,68647,106.03333562159999,20.733332899199997,1.4950876235961914
13024,68648,106.03750228829999,20.733332899199997,0.0
13024,68649,106.04166895499999,20.733332899199997,0.0
13024,68650,106.0458356217,20.733332899199997,1.8703333139419556
13024,68651,106.0500022884,20.733332899199997,2.8668417930603027
13024,68652,106.0541689551,20.733332899199997,5.1963791847229
13024,68653,106.0583356218,20.733332899199997,9.880001068115234
13024,68654,106.06250228849999,20.733332899199997,8.653548240661621
13024,68655,106.06666895519999,20.733332899199997,4.684067726135254
13024,68656,106.07083562189999,20.733332899199997,2.879999876022339
13024,68657,106.07500228859999,20.733332899199997,2.4896552562713623
13024,68658,106.07916895529999,20.733332899199997,3.297368288040161
13024,68659,106.08333562199999,20.733332899199997,4.043750286102295
13024,68660,106.0875022887,20.733332899199997,2.8376667499542236
13024,68661,106.0916689554,20.733332899199997,2.0745160579681396
13024,68662,106.0958356221,20.733332899199997,2.190833568572998
13024,68663,106.1000022888,20.733332899199997,2.797377109527588
13024,68664,106.10416895549999,20.733332899199997,2.7759015560150146
13024,68665,106.10833562219999,20.733332899199997,1.7938982248306274
13024,68666,106.11250228889999,20.733332899199997,1.7547539472579956
13024,68667,106.11666895559999,20.733332899199997,1.6617543697357178
13024,68668,106.12083562229999,20.733332899199997,1.5369491577148438
13024,68669,106.125002289,20.733332899199997,1.53254234790802
13024,68670,106.1291689557,20.733332899199997,1.6532142162322998
13024,68671,106.1333356224,20.733332899199997,1.9519298076629639
13024,68672,106.1375022891,20.733332899199997,1.9068963527679443
13024,68673,106.14166895579999,20.733332899199997,1.9357625246047974
13024,68674,106.14583562249999,20.733332899199997,1.8734999895095825
13024,68675,106.15000228919999,20.733332899199997,1.5013333559036255
13024,68676,106.15416895589999,20.733332899199997,1.483559250831604
13024,68677,106.15833562259999,20.733332899199997,1.9568965435028076
13024,68678,106.1625022893,20.733332899199997,2.177258014678955
13024,68679,106.166668956,20.733332899199997,2.528125286102295
13024,68680,106.1708356227,20.733332899199997,3.422903299331665
13024,68681,106.1750022894,20.733332899199997,6.15419340133667
13024,68682,106.17916895609999,20.733332899199997,6.8329691886901855
13024,68683,106.18333562279999,20.733332899199997,4.179999828338623
13024,68684,106.18750228949999,20.733332899199997,2.506333351135254
13024,68685,106.19166895619999,20.733332899199997,1.8949179649353027
13024,68686,106.19583562289999,20.733332899199997,1.8125805854797363
13024,68687,106.2000022896,20.733332899199997,1.8519047498703003
13024,68688,106.2041689563,20.733332899199997,1.8046773672103882
13024,68689,106.208335623,20.733332899199997,1.566290259361267
13024,68690,106.2125022897,20.733332899199997,1.3848438262939453
13024,68691,106.21666895639999,20.733332899199997,1.365079402923584
13025,68631,105.96666895439999,20.729166232499995,1.8508474826812744
13025,68632,105.9708356211,20.729166232499995,1.647499918937683
13025,68633,105.9750022878,20.729166232499995,1.7886440753936768
13025,68634,105.9791689545,20.729166232499995,2.555345058441162
13025,68635,105.9833356212,20.729166232499995,3.046440839767456
13025,68636,105.98750228789999,20.729166232499995,3.0850002765655518
13025,68637,105.99166895459999,20.729166232499995,2.9375
13025,68638,105.99583562129999,20.729166232499995,2.870000123977661
13025,68639,106.00000228799999,20.729166232499995,2.0718181133270264
13025,68640,106.00416895469999,20.729166232499995,1.852908968925476
13025,68641,106.0083356214,20.729166232499995,1.7301923036575317
13025,68642,106.0125022881,20.729166232499995,1.6930768489837646
13025,68643,106.0166689548,20.729166232499995,1.5887717008590698
13025,68644,106.0208356215,20.729166232499995,1.4037095308303833
13025,68645,106.02500228819999,20.729166232499995,1.3483332395553589
13025,68646,106.02916895489999,20.729166232499995,0.0
13025,68647,106.03333562159999,20.729166232499995,1.5043333768844604
13025,68648,106.03750228829999,20.729166232499995,1.6213793754577637
13025,68649,106.04166895499999,20.729166232499995,1.644137978553772
13025,68650,106.0458356217,20.729166232499995,1.9429824352264404
13025,68651,106.0500022884,20.729166232499995,3.0718183517456055
13025,68652,106.0541689551,20.729166232499995,4.626315593719482
13025,68653,106.0583356218,20.729166232499995,7.224999904632568
13025,68654,106.06250228849999,20.729166232499995,6.2027587890625
13025,68655,106.06666895519999,20.729166232499995,4.299655437469482
13025,68656,106.07083562189999,20.729166232499995,2.625
13025,68657,106.07500228859999,20.729166232499995,2.229180335998535
13025,68658,106.07916895529999,20.729166232499995,3.2013113498687744
13025,68659,106.08333562199999,20.729166232499995,3.892500400543213
13025,68660,106.0875022887,20.729166232499995,2.6620967388153076
13025,68661,106.0916689554,20.729166232499995,1.7823808193206787
13025,68662,106.0958356221,20.729166232499995,1.697903037071228
13025,68663,106.1000022888,20.729166232499995,1.6064516305923462
13025,68664,106.10416895549999,20.729166232499995,1.530983567237854
13025,68665,106.10833562219999,20.729166232499995,1.6222033500671387
13025,68666,106.11250228889999,20.729166232499995,1.6524193286895752
13025,68667,106.11666895559999,20.729166232499995,1.5284208059310913
13025,68668,106.12083562229999,20.729166232499995,0.0
13025,68669,106.125002289,20.729166232499995,1.466507911682129
13025,68670,106.1291689557,20.729166232499995,1.8852629661560059
13025,68671,106.1333356224,20.729166232499995,2.437321424484253
13025,68672,106.1375022891,20.729166232499995,2.551896572113037
13025,68673,106.14166895579999,20.729166232499995,2.5208473205566406
13025,68674,106.14583562249999,20.729166232499995,2.4757626056671143
13025,68675,106.15000228919999,20.729166232499995,1.9244999885559082
13025,68676,106.15416895589999,20.729166232499995,1.8015000820159912
13025,68677,106.15833562259999,20.729166232499995,2.2269489765167236
13025,68678,106.1625022893,20.729166232499995,2.4954235553741455
13025,68679,106.166668956,20.729166232499995,2.884838819503784
13025,68680,106.1708356227,20.729166232499995,4.231290340423584
13025,68681,106.1750022894,20.729166232499995,6.974838733673096
13025,68682,106.17916895609999,20.729166232499995,8.10559368133545
13025,68683,106.18333562279999,20.729166232499995,5.245333194732666
13025,68684,106.18750228949999,20.729166232499995,2.8995234966278076
13025,68685,106.19166895619999,20.729166232499995,2.275937557220459
13025,68686,106.19583562289999,20.729166232499995,1.9237096309661865
13025,68687,106.2000022896,20.729166232499995,1.8091936111450195
13025,68688,106.2041689563,20.729166232499995,1.7498438358306885
13025,68689,106.208335623,20.729166232499995,1.555238127708435
13026,68631,105.96666895439999,20.724999565799997,1.807719349861145
13026,68632,105.9708356211,20.724999565799997,1.471379280090332
13026,68633,105.9750022878,20.724999565799997,1.5511666536331177
13026,68634,105.9791689545,20.724999565799997,1.914655327796936
13026,68635,105.9833356212,20.724999565799997,2.3434998989105225
13026,68636,105.98750228789999,20.724999565799997,2.5266664028167725
13026,68637,105.99166895459999,20.724999565799997,2.79245924949646
13026,68638,105.99583562129999,20.724999565799997,3.1144068241119385
13026,68639,106.00000228799999,20.724999565799997,2.9839999675750732
13026,68640,106.00416895469999,20.724999565799997,2.8672728538513184
13026,68641,106.0083356214,20.724999565799997,2.6311323642730713
13026,68642,106.0125022881,20.724999565799997,2.0605554580688477
13026,68643,106.0166689548,20.724999565799997,1.7703571319580078
13026,68644,106.0208356215,20.724999565799997,1.7634482383728027
13026,68645,106.02500228819999,20.724999565799997,1.710714340209961
13026,68646,106.02916895489999,20.724999565799997,1.6645615100860596
13026,68647,106.03333562159999,20.724999565799997,1.650701642036438
13026,68648,106.03750228829999,20.724999565799997,1.7812068462371826
13026,68649,106.04166895499999,20.724999565799997,2.178070306777954
13026,68650,106.0458356217,20.724999565799997,3.700847625732422
13026,68651,106.0500022884,20.724999565799997,7.55877161026001
13026,68652,106.0541689551,20.724999565799997,7.48140287399292
13026,68653,106.0583356218,20.724999565799997,5.324561595916748
13026,68654,106.06250228849999,20.724999565799997,3.4659998416900635
13026,68655,106.06666895519999,20.724999565799997,2.793728828430176
13026,68656,106.07083562189999,20.724999565799997,2.1554996967315674
13026,68657,106.07500228859999,20.724999565799997,1.943871021270752
13026,68658,106.07916895529999,20.724999565799997,2.875079393386841
13026,68659,106.08333562199999,20.724999565799997,3.6215624809265137
13026,68660,106.0875022887,20.724999565799997,2.8625760078430176
13026,68661,106.0916689554,20.724999565799997,1.7945313453674316
13026,68662,106.0958356221,20.724999565799997,1.6591804027557373
13026,68663,106.1000022888,20.724999565799997,1.6330000162124634
13026,68664,106.10416895549999,20.724999565799997,1.6083334684371948
13026,68665,106.10833562219999,20.724999565799997,1.619516134262085
13026,68666,106.11250228889999,20.724999565799997,1.6319671869277954
13026,68667,106.11666895559999,20.724999565799997,1.4554386138916016
13026,68668,106.12083562229999,20.724999565799997,0.0
13026,68669,106.125002289,20.724999565799997,1.4416664838790894
13026,68670,106.1291689557,20.724999565799997,1.7629823684692383
13026,68671,106.1333356224,20.724999565799997,2.1659648418426514
13026,68672,106.1375022891,20.724999565799997,2.2869644165039062
13026,68673,106.14166895579999,20.724999565799997,2.299138069152832
13026,68674,106.14583562249999,20.724999565799997,2.453157901763916
13026,68675,106.15000228919999,20.724999565799997,2.25249981880188
13026,68676,106.15416895589999,20.724999565799997,2.0714282989501953
13026,68677,106.15833562259999,20.724999565799997,2.440983533859253
13026,68678,106.1625022893,20.724999565799997,2.9106557369232178
13026,68679,106.166668956,20.724999565799997,3.16741943359375
13026,68680,106.1708356227,20.724999565799997,3.369666814804077
13026,68681,106.1750022894,20.724999565799997,4.359152793884277
13026,68682,106.17916895609999,20.724999565799997,6.074166774749756
13026,68683,106.18333562279999,20.724999565799997,5.19016695022583
13026,68684,106.18750228949999,20.724999565799997,3.484515905380249
13026,68685,106.19166895619999,20.724999565799997,2.5386881828308105
13026,68686,106.19583562289999,20.724999565799997,2.0188333988189697
13026,68687,106.2000022896,20.724999565799997,1.740476131439209
13026,68688,106.2041689563,20.724999565799997,1.5730767250061035
13026,68689,106.208335623,20.724999565799997,1.421746015548706
13026,68690,106.2125022897,20.724999565799997,1.4054689407348633
13026,68691,106.21666895639999,20.724999565799997,1.5578124523162842
13026,68735,106.4000022912,20.724999565799997,2.540158748626709
13026,68736,106.4041689579,20.724999565799997,2.1120967864990234
13027,68631,105.96666895439999,20.720832899099996,1.7400001287460327
13027,68632,105.9708356211,20.720832899099996,1.4523729085922241
13027,68633,105.9750022878,20.720832899099996,1.399666666984558
13027,68634,105.9791689545,20.720832899099996,1.493114709854126
13027,68635,105.9833356212,20.720832899099996,1.8019671440124512
13027,68636,105.98750228789999,20.720832899099996,2.0542376041412354
13027,68637,105.99166895459999,20.720832899099996,2.1515517234802246
13027,68638,105.99583562129999,20.720832899099996,2.3505170345306396
13027,68639,106.00000228799999,20.720832899099996,2.681551694869995
13027,68640,106.00416895469999,20.720832899099996,2.9969642162323
13027,68641,106.0083356214,20.720832899099996,2.7819230556488037
13027,68642,106.0125022881,20.720832899099996,2.3622641563415527
13027,68643,106.0166689548,20.720832899099996,2.3979246616363525
13027,68644,106.0208356215,20.720832899099996,2.611091136932373
13027,68645,106.02500228819999,20.720832899099996,2.5957694053649902
13027,68646,106.02916895489999,20.720832899099996,2.4912502765655518
13027,68647,106.03333562159999,20.720832899099996,2.503518581390381
13027,68648,106.03750228829999,20.720832899099996,2.511333465576172
13027,68649,106.04166895499999,20.720832899099996,3.508666753768921
13027,68650,106.0458356217,20.720832899099996,6.195085048675537
13027,68651,106.0500022884,20.720832899099996,11.201333999633789
13027,68652,106.0541689551,20.720832899099996,9.653220176696777
13027,68653,106.0583356218,20.720832899099996,4.730983734130859
13027,68654,106.06250228849999,20.720832899099996,3.0813560485839844
13027,68655,106.06666895519999,20.720832899099996,2.571016788482666
13027,68656,106.07083562189999,20.720832899099996,2.1589999198913574
13027,68657,106.07500228859999,20.720832899099996,1.9920635223388672
13027,68658,106.07916895529999,20.720832899099996,2.940983533859253
13027,68659,106.08333562199999,20.720832899099996,3.9092063903808594
13027,68660,106.0875022887,20.720832899099996,2.9312307834625244
13027,68661,106.0916689554,20.720832899099996,1.8646774291992188
13027,68662,106.0958356221,20.720832899099996,1.8212902545928955
13027,68663,106.1000022888,20.720832899099996,1.8505171537399292
13027,68664,106.10416895549999,20.720832899099996,1.8321667909622192
13027,68665,106.10833562219999,20.720832899099996,1.7033898830413818
13027,68666,106.11250228889999,20.720832899099996,1.5992858409881592
13027,68667,106.11666895559999,20.720832899099996,1.4666070938110352
13027,68668,106.12083562229999,20.720832899099996,1.407321572303772
13027,68669,106.125002289,20.720832899099996,1.446250081062317
13027,68670,106.1291689557,20.720832899099996,1.5185714960098267
13027,68671,106.1333356224,20.720832899099996,1.5689475536346436
13027,68672,106.1375022891,20.720832899099996,1.6165516376495361
13027,68673,106.14166895579999,20.720832899099996,1.7947368621826172
13027,68674,106.14583562249999,20.720832899099996,2.426034450531006
13027,68675,106.15000228919999,20.720832899099996,2.6549997329711914
13027,68676,106.15416895589999,20.720832899099996,2.6295385360717773
13027,68677,106.15833562259999,20.720832899099996,2.8299996852874756
13027,68678,106.1625022893,20.720832899099996,3.0406556129455566
13027,68679,106.166668956,20.720832899099996,2.758225917816162
13027,68680,106.1708356227,20.720832899099996,2.200166940689087
13027,68681,106.1750022894,20.720832899099996,2.0228333473205566
13027,68682,106.17916895609999,20.720832899099996,2.4955739974975586
13027,68683,106.18333562279999,20.720832899099996,3.511333465576172
13027,68684,106.18750228949999,20.720832899099996,3.2799999713897705
13027,68685,106.19166895619999,20.720832899099996,2.452500104904175
13027,68686,106.19583562289999,20.720832899099996,1.9664998054504395
13027,68687,106.2000022896,20.720832899099996,1.78781259059906
13027,68688,106.2041689563,20.720832899099996,1.6127692461013794
13027,68689,106.208335623,20.720832899099996,0.0
13027,68690,106.2125022897,20.720832899099996,1.4816129207611084
13027,68691,106.21666895639999,20.720832899099996,1.6753227710723877
13027,68692,106.22083562309999,20.720832899099996,2.0388708114624023
13027,68734,106.3958356245,20.720832899099996,2.3264615535736084
13027,68735,106.4000022912,20.720832899099996,2.3569231033325195
13027,68736,106.4041689579,20.720832899099996,1.8901537656784058
13027,68737,106.40833562459999,20.720832899099996,1.6534374952316284
13028,68632,105.9708356211,20.716666232399998,1.5496610403060913
13028,68633,105.9750022878,20.716666232399998,1.4205085039138794
13028,68634,105.9791689545,20.716666232399998,1.3701637983322144
13028,68635,105.9833356212,20.716666232399998,1.5406453609466553
13028,68636,105.98750228789999,20.716666232399998,1.7689472436904907
13028,68637,105.99166895459999,20.716666232399998,1.8283333778381348
13028,68638,105.99583562129999,20.716666232399998,1.9137500524520874
13028,68639,106.00000228799999,20.716666232399998,2.095592975616455
13028,68640,106.00416895469999,20.716666232399998,2.2971930503845215
13028,68641,106.0083356214,20.716666232399998,2.309056520462036
13028,68642,106.0125022881,20.716666232399998,2.2661819458007812
13028,68643,106.0166689548,20.716666232399998,2.7148213386535645
13028,68644,106.0208356215,20.716666232399998,3.1770174503326416
13028,68645,106.02500228819999,20.716666232399998,2.975370407104492
13028,68646,106.02916895489999,20.716666232399998,2.690000295639038
13028,68647,106.03333562159999,20.716666232399998,2.5238711833953857
13028,68648,106.03750228829999,20.716666232399998,2.963749885559082
13028,68649,106.04166895499999,20.716666232399998,4.0970001220703125
13028,68650,106.0458356217,20.716666232399998,5.50333309173584
13028,68651,106.0500022884,20.716666232399998,7.37624979019165
13028,68652,106.0541689551,20.716666232399998,6.989180564880371
13028,68653,106.0583356218,20.716666232399998,4.778709888458252
13028,68654,106.06250228849999,20.716666232399998,3.2091805934906006
13028,68655,106.06666895519999,20.716666232399998,2.6739344596862793
13028,68656,106.07083562189999,20.716666232399998,2.3573334217071533
13028,68657,106.07500228859999,20.716666232399998,2.304032325744629
13028,68658,106.07916895529999,20.716666232399998,2.932666778564453
13028,68659,106.08333562199999,20.716666232399998,4.109499931335449
13028,68660,106.0875022887,20.716666232399998,3.4185712337493896
13028,68661,106.0916689554,20.716666232399998,2.3291525840759277
13028,68662,106.0958356221,20.716666232399998,2.0775861740112305
13028,68663,106.1000022888,20.716666232399998,1.942758321762085
13028,68664,106.10416895549999,20.716666232399998,1.7258620262145996
13028,68665,106.10833562219999,20.716666232399998,1.5808773040771484
13028,68666,106.11250228889999,20.716666232399998,1.593518614768982
13028,68667,106.11666895559999,20.716666232399998,1.640535593032837
13028,68668,106.12083562229999,20.716666232399998,1.7074545621871948
13028,68669,106.125002289,20.716666232399998,1.7057409286499023
13028,68670,106.1291689557,20.716666232399998,1.5271427631378174
13028,68671,106.1333356224,20.716666232399998,1.3229824304580688
13028,68672,106.1375022891,20.716666232399998,1.474482774734497
13028,68673,106.14166895579999,20.716666232399998,1.9864407777786255
13028,68674,106.14583562249999,20.716666232399998,2.7693333625793457
13028,68675,106.15000228919999,20.716666232399998,3.093709945678711
13028,68676,106.15416895589999,20.716666232399998,3.186363697052002
13028,68677,106.15833562259999,20.716666232399998,3.24923038482666
13028,68678,106.1625022893,20.716666232399998,2.933166742324829
13028,68679,106.166668956,20.716666232399998,2.13677978515625
13028,68680,106.1708356227,20.716666232399998,1.716999888420105
13028,68681,106.1750022894,20.716666232399998,1.9253332614898682
13028,68682,106.17916895609999,20.716666232399998,1.9358062744140625
13028,68683,106.18333562279999,20.716666232399998,2.373333215713501
13028,68684,106.18750228949999,20.716666232399998,3.056825637817383
13028,68685,106.19166895619999,20.716666232399998,2.7761292457580566
13028,68686,106.19583562289999,20.716666232399998,2.4533870220184326
13028,68687,106.2000022896,20.716666232399998,1.9798386096954346
13028,68688,106.2041689563,20.716666232399998,1.583968162536621
13028,68689,106.208335623,20.716666232399998,1.452096700668335
13028,68690,106.2125022897,20.716666232399998,1.4501639604568481
13028,68691,106.21666895639999,20.716666232399998,1.7291667461395264
13028,68692,106.22083562309999,20.716666232399998,1.8762903213500977
13028,68733,106.3916689578,20.716666232399998,2.0116922855377197
13028,68734,106.3958356245,20.716666232399998,2.2650771141052246
13028,68735,106.4000022912,20.716666232399998,2.4622726440429688
13028,68736,106.4041689579,20.716666232399998,2.0816922187805176
13028,68737,106.40833562459999,20.716666232399998,1.7382538318634033
13028,68738,106.41250229129999,20.716666232399998,0.0
13028,68739,106.41666895799999,20.716666232399998,1.4752380847930908
13029,68632,105.9708356211,20.712499565699996,1.8807015419006348
13029,68633,105.9750022878,20.712499565699996,1.5017544031143188
13029,68634,105.9791689545,20.712499565699996,1.4048274755477905
13029,68635,105.9833356212,20.712499565699996,1.4631668329238892
13029,68636,105.98750228789999,20.712499565699996,1.5524998903274536
13029,68637,105.99166895459999,20.712499565699996,1.6189831495285034
13029,68638,105.99583562129999,20.712499565699996,1.6469491720199585
13029,68639,106.00000228799999,20.712499565699996,1.7561019659042358
13029,68640,106.00416895469999,20.712499565699996,1.9253448247909546
13029,68641,106.0083356214,20.712499565699996,2.005000114440918
13029,68642,106.0125022881,20.712499565699996,2.169464349746704
13029,68643,106.0166689548,20.712499565699996,3.016545534133911
13029,68644,106.0208356215,20.712499565699996,3.1998212337493896
13029,68645,106.02500228819999,20.712499565699996,2.448363780975342
13029,68646,106.02916895489999,20.712499565699996,2.288421154022217
13029,68647,106.03333562159999,20.712499565699996,2.1759376525878906
13029,68648,106.03750228829999,20.712499565699996,2.298461437225342
13029,68649,106.04166895499999,20.712499565699996,2.896718740463257
13029,68650,106.0458356217,20.712499565699996,3.7416131496429443
13029,68651,106.0500022884,20.712499565699996,5.110634803771973
13029,68652,106.0541689551,20.712499565699996,6.192742347717285
13029,68653,106.0583356218,20.712499565699996,5.397258281707764
13029,68654,106.06250228849999,20.712499565699996,3.5920968055725098
13029,68655,106.06666895519999,20.712499565699996,3.118852376937866
13029,68656,106.07083562189999,20.712499565699996,3.1252541542053223
13029,68657,106.07500228859999,20.712499565699996,2.8862712383270264
13029,68658,106.07916895529999,20.712499565699996,2.9610345363616943
13029,68659,106.08333562199999,20.712499565699996,3.450338840484619
13029,68660,106.0875022887,20.712499565699996,3.2952542304992676
13029,68661,106.0916689554,20.712499565699996,2.2023730278015137
13029,68662,106.0958356221,20.712499565699996,2.033620595932007
13029,68663,106.1000022888,20.712499565699996,1.8027420043945312
13029,68664,106.10416895549999,20.712499565699996,1.653275966644287
13029,68665,106.10833562219999,20.712499565699996,1.6551786661148071
13029,68666,106.11250228889999,20.712499565699996,1.7971699237823486
13029,68667,106.11666895559999,20.712499565699996,1.9738181829452515
13029,68668,106.12083562229999,20.712499565699996,2.0042855739593506
13029,68669,106.125002289,20.712499565699996,1.9963634014129639
13029,68670,106.1291689557,20.712499565699996,1.7865456342697144
13029,68671,106.1333356224,20.712499565699996,1.751724123954773
13029,68672,106.1375022891,20.712499565699996,1.8601665496826172
13029,68673,106.14166895579999,20.712499565699996,2.5662713050842285
13029,68674,106.14583562249999,20.712499565699996,3.205901622772217
13029,68675,106.15000228919999,20.712499565699996,3.3569490909576416
13029,68676,106.15416895589999,20.712499565699996,3.00803279876709
13029,68677,106.15833562259999,20.712499565699996,2.5964515209198
13029,68678,106.1625022893,20.712499565699996,2.377166748046875
13029,68679,106.166668956,20.712499565699996,1.8922414779663086
13029,68680,106.1708356227,20.712499565699996,2.1506664752960205
13029,68681,106.1750022894,20.712499565699996,2.240833282470703
13029,68682,106.17916895609999,20.712499565699996,1.8175808191299438
13029,68683,106.18333562279999,20.712499565699996,1.8732309341430664
13029,68684,106.18750228949999,20.712499565699996,2.865077018737793
13029,68685,106.19166895619999,20.712499565699996,3.2154688835144043
13029,68686,106.19583562289999,20.712499565699996,3.282153844833374
13029,68687,106.2000022896,20.712499565699996,2.6334376335144043
13029,68688,106.2041689563,20.712499565699996,1.9677778482437134
13029,68689,106.208335623,20.712499565699996,1.5037288665771484
13029,68690,106.2125022897,20.712499565699996,1.5618032217025757
13029,68691,106.21666895639999,20.712499565699996,2.033278703689575
13029,68692,106.22083562309999,20.712499565699996,1.9837498664855957
13029,68731,106.38333562439999,20.712499565699996,1.59333336353302
13029,68732,106.38750229109999,20.712499565699996,1.642727255821228
13029,68733,106.3916689578,20.712499565699996,1.8946969509124756
13029,68734,106.3958356245,20.712499565699996,2.4846153259277344
13029,68735,106.4000022912,20.712499565699996,2.6751515865325928
13029,68736,106.4041689579,20.712499565699996,2.0859375
13029,68737,106.40833562459999,20.712499565699996,1.5885714292526245
13029,68738,106.41250229129999,20.712499565699996,1.45634925365448
13030,68632,105.9708356211,20.708332898999995,2.1490566730499268
13030,68633,105.9750022878,20.708332898999995,1.7213209867477417
13030,68634,105.9791689545,20.708332898999995,1.4812281131744385
13030,68635,105.9833356212,20.708332898999995,1.4368852376937866
13030,68636,105.98750228789999,20.708332898999995,0.0
13030,68637,105.99166895459999,20.708332898999995,1.5753332376480103
13030,68638,105.99583562129999,20.708332898999995,1.6205084323883057
13030,68639,106.00000228799999,20.708332898999995,1.582413911819458
13030,68640,106.00416895469999,20.708332898999995,1.5051666498184204
13030,68641,106.0083356214,20.708332898999995,1.5159322023391724
13030,68642,106.0125022881,20.708332898999995,1.7073214054107666
13030,68643,106.0166689548,20.708332898999995,2.269444704055786
13030,68644,106.0208356215,20.708332898999995,2.604727268218994
13030,68645,106.02500228819999,20.708332898999995,2.9754385948181152
13030,68646,106.02916895489999,20.708332898999995,3.007413864135742
13030,68647,106.03333562159999,20.708332898999995,3.008852481842041
13030,68648,106.03750228829999,20.708332898999995,2.876721143722534
13030,68649,106.04166895499999,20.708332898999995,2.586290121078491
13030,68650,106.0458356217,20.708332898999995,2.9435484409332275
13030,68651,106.0500022884,20.708332898999995,4.665666580200195
13030,68652,106.0541689551,20.708332898999995,8.045965194702148
13030,68653,106.0583356218,20.708332898999995,8.054826736450195
13030,68654,106.06250228849999,20.708332898999995,5.37666654586792
13030,68655,106.06666895519999,20.708332898999995,3.856166362762451
13030,68656,106.07083562189999,20.708332898999995,3.727719306945801
13030,68657,106.07500228859999,20.708332898999995,3.207192897796631
13030,68658,106.07916895529999,20.708332898999995,2.7582144737243652
13030,68659,106.08333562199999,20.708332898999995,3.3469998836517334
13030,68660,106.0875022887,20.708332898999995,3.007999897003174
13030,68661,106.0916689554,20.708332898999995,2.0036208629608154
13030,68662,106.0958356221,20.708332898999995,1.9198334217071533
13030,68663,106.1000022888,20.708332898999995,1.7703279256820679
13030,68664,106.10416895549999,20.708332898999995,1.7082759141921997
13030,68665,106.10833562219999,20.708332898999995,1.8212069272994995
13030,68666,106.11250228889999,20.708332898999995,2.2487499713897705
13030,68667,106.11666895559999,20.708332898999995,2.5756139755249023
13030,68668,106.12083562229999,20.708332898999995,2.749285936355591
13030,68669,106.125002289,20.708332898999995,2.608868360519409
13030,68670,106.1291689557,20.708332898999995,2.484210729598999
13030,68671,106.1333356224,20.708332898999995,3.357666492462158
13030,68672,106.1375022891,20.708332898999995,3.894589900970459
13030,68673,106.14166895579999,20.708332898999995,3.2991669178009033
13030,68674,106.14583562249999,20.708332898999995,2.455806255340576
13030,68675,106.15000228919999,20.708332898999995,2.3401589393615723
13030,68676,106.15416895589999,20.708332898999995,2.0109522342681885
13030,68677,106.15833562259999,20.708332898999995,2.0478687286376953
13030,68678,106.1625022893,20.708332898999995,2.117903232574463
13030,68679,106.166668956,20.708332898999995,1.9626230001449585
13030,68680,106.1708356227,20.708332898999995,2.3120968341827393
13030,68681,106.1750022894,20.708332898999995,2.3719356060028076
13030,68682,106.17916895609999,20.708332898999995,1.9352381229400635
13030,68683,106.18333562279999,20.708332898999995,2.0276191234588623
13030,68684,106.18750228949999,20.708332898999995,2.8466153144836426
13030,68685,106.19166895619999,20.708332898999995,3.13454532623291
13030,68686,106.19583562289999,20.708332898999995,3.257030963897705
13030,68687,106.2000022896,20.708332898999995,3.0472726821899414
13030,68688,106.2041689563,20.708332898999995,2.513124942779541
13030,68689,106.208335623,20.708332898999995,1.783934473991394
13030,68690,106.2125022897,20.708332898999995,1.7569355964660645
13030,68691,106.21666895639999,20.708332898999995,1.8376922607421875
13030,68692,106.22083562309999,20.708332898999995,1.7934328317642212
13030,68693,106.22500228979999,20.708332898999995,1.6824615001678467
13030,68707,106.2833356236,20.708332898999995,1.5709524154663086
13030,68708,106.2875022903,20.708332898999995,1.6214516162872314
13030,68709,106.291668957,20.708332898999995,1.9595081806182861
13030,68719,106.33333562399999,20.708332898999995,1.2175806760787964
13030,68720,106.33750229069999,20.708332898999995,1.1750819683074951
13030,68721,106.34166895739999,20.708332898999995,1.2107936143875122
13030,68728,106.37083562429999,20.708332898999995,0.0
13030,68729,106.37500229099999,20.708332898999995,0.0
13030,68730,106.37916895769999,20.708332898999995,1.2274627685546875
13030,68731,106.38333562439999,20.708332898999995,1.278181791305542
13030,68732,106.38750229109999,20.708332898999995,1.3795454502105713
13030,68733,106.3916689578,20.708332898999995,1.8647761344909668
13030,68734,106.3958356245,20.708332898999995,2.650923252105713
13030,68735,106.4000022912,20.708332898999995,2.4721875190734863
13030,68736,106.4041689579,20.708332898999995,1.8862903118133545
13030,68737,106.40833562459999,20.708332898999995,1.5147618055343628
13030,68738,106.41250229129999,20.708332898999995,1.5447540283203125
13031,68633,105.9750022878,20.704166232299997,1.8282757997512817
13031,68634,105.9791689545,20.704166232299997,1.6339285373687744
13031,68635,105.9833356212,20.704166232299997,1.5263793468475342
13031,68636,105.98750228789999,20.704166232299997,1.4498181343078613
13031,68637,105.99166895459999,20.704166232299997,1.5343105792999268
13031,68638,105.99583562129999,20.704166232299997,1.6147369146347046
13031,68639,106.00000228799999,20.704166232299997,1.489473581314087
13031,68640,106.00416895469999,20.704166232299997,1.4256666898727417
13031,68641,106.0083356214,20.704166232299997,0.0
13031,68642,106.0125022881,20.704166232299997,1.5137704610824585
13031,68643,106.0166689548,20.704166232299997,1.8820340633392334
13031,68644,106.0208356215,20.704166232299997,2.3161017894744873
13031,68645,106.02500228819999,20.704166232299997,3.041475534439087
13031,68646,106.02916895489999,20.704166232299997,3.5986440181732178
13031,68647,106.03333562159999,20.704166232299997,3.977540969848633
13031,68648,106.03750228829999,20.704166232299997,3.5809834003448486
13031,68649,106.04166895499999,20.704166232299997,3.470491647720337
13031,68650,106.0458356217,20.704166232299997,3.422294855117798
13031,68651,106.0500022884,20.704166232299997,4.110169410705566
13031,68652,106.0541689551,20.704166232299997,8.576665878295898
13031,68653,106.0583356218,20.704166232299997,10.866491317749023
13031,68654,106.06250228849999,20.704166232299997,7.334561347961426
13031,68655,106.06666895519999,20.704166232299997,4.519491195678711
13031,68656,106.07083562189999,20.704166232299997,3.9143335819244385
13031,68657,106.07500228859999,20.704166232299997,3.3273770809173584
13031,68658,106.07916895529999,20.704166232299997,3.040893077850342
13031,68659,106.08333562199999,20.704166232299997,4.084137916564941
13031,68660,106.0875022887,20.704166232299997,3.453157663345337
13031,68661,106.0916689554,20.704166232299997,2.308771848678589
13031,68662,106.0958356221,20.704166232299997,2.0415518283843994
13031,68663,106.1000022888,20.704166232299997,1.9496550559997559
13031,68664,106.10416895549999,20.704166232299997,1.9514033794403076
13031,68665,106.10833562219999,20.704166232299997,2.058070182800293
13031,68666,106.11250228889999,20.704166232299997,2.927241325378418
13031,68667,106.11666895559999,20.704166232299997,4.460862159729004
13031,68668,106.12083562229999,20.704166232299997,5.747017860412598
13031,68669,106.125002289,20.704166232299997,5.092592716217041
13031,68670,106.1291689557,20.704166232299997,4.015084266662598
13031,68671,106.1333356224,20.704166232299997,3.7250816822052
13031,68672,106.1375022891,20.704166232299997,3.849152088165283
13031,68673,106.14166895579999,20.704166232299997,2.3794915676116943
13031,68674,106.14583562249999,20.704166232299997,1.9511862993240356
13031,68675,106.15000228919999,20.704166232299997,1.726666808128357
13031,68676,106.15416895589999,20.704166232299997,1.5853124856948853
13031,68677,106.15833562259999,20.704166232299997,1.595483660697937
13031,68678,106.1625022893,20.704166232299997,2.3614284992218018
13031,68679,106.166668956,20.704166232299997,2.530461549758911
13031,68680,106.1708356227,20.704166232299997,2.1773438453674316
13031,68681,106.1750022894,20.704166232299997,2.1926984786987305
13031,68682,106.17916895609999,20.704166232299997,2.0266127586364746
13031,68683,106.18333562279999,20.704166232299997,2.31253981590271
13031,68684,106.18750228949999,20.704166232299997,2.9212498664855957
13031,68685,106.19166895619999,20.704166232299997,3.170468807220459
13031,68686,106.19583562289999,20.704166232299997,2.956923246383667
13031,68687,106.2000022896,20.704166232299997,2.2403078079223633
13031,68688,106.2041689563,20.704166232299997,2.17718768119812
13031,68689,106.208335623,20.704166232299997,2.2886664867401123
13031,68690,106.2125022897,20.704166232299997,2.1288137435913086
13031,68691,106.21666895639999,20.704166232299997,1.850327968597412
13031,68692,106.22083562309999,20.704166232299997,1.6230158805847168
13031,68693,106.22500228979999,20.704166232299997,1.478253960609436
13031,68694,106.22916895649999,20.704166232299997,1.4031147956848145
13031,68707,106.2833356236,20.704166232299997,1.664354920387268
13031,68708,106.2875022903,20.704166232299997,1.587540864944458
13031,68709,106.291668957,20.704166232299997,1.6570000648498535
13031,68718,106.3291689573,20.704166232299997,1.1698411703109741
13031,68719,106.33333562399999,20.704166232299997,1.1340678930282593
13031,68720,106.33750229069999,20.704166232299997,0.0
13031,68721,106.34166895739999,20.704166232299997,0.0
13031,68727,106.3666689576,20.704166232299997,1.2211291790008545
13031,68728,106.37083562429999,20.704166232299997,1.3269355297088623
13031,68729,106.37500229099999,20.704166232299997,1.3569698333740234
13031,68730,106.37916895769999,20.704166232299997,1.208437442779541
13031,68731,106.38333562439999,20.704166232299997,1.2932308912277222
13031,68732,106.38750229109999,20.704166232299997,1.6375386714935303
13031,68733,106.3916689578,20.704166232299997,1.9861539602279663
13031,68734,106.3958356245,20.704166232299997,1.9695311784744263
13031,68735,106.4000022912,20.704166232299997,1.5850000381469727
13031,68736,106.4041689579,20.704166232299997,1.4275410175323486
13031,68737,106.40833562459999,20.704166232299997,1.4286885261535645
13032,68633,105.9750022878,20.699999565599995,2.511754274368286
13032,68634,105.9791689545,20.699999565599995,1.965000033378601
13032,68644,106.0208356215,20.699999565599995,1.8324137926101685
13032,68645,106.02500228819999,20.699999565599995,2.594590187072754
13032,68646,106.02916895489999,20.699999565599995,3.553833484649658
13032,68647,106.03333562159999,20.699999565599995,3.8582756519317627
13032,68648,106.03750228829999,20.699999565599995,3.8598275184631348
13032,68649,106.04166895499999,20.699999565599995,4.234261989593506
13032,68650,106.0458356217,20.699999565599995,3.970634937286377
13032,68651,106.0500022884,20.699999565599995,3.5663938522338867
13032,68652,106.0541689551,20.699999565599995,5.464032173156738
13032,68653,106.0583356218,20.699999565599995,8.972881317138672
13032,68654,106.06250228849999,20.699999565599995,7.018750190734863
13032,68655,106.06666895519999,20.699999565599995,4.221606731414795
13032,68656,106.07083562189999,20.699999565599995,3.537903308868408
13032,68657,106.07500228859999,20.699999565599995,3.2160656452178955
13032,68658,106.07916895529999,20.699999565599995,2.948500156402588
13032,68659,106.08333562199999,20.699999565599995,4.507193088531494
13032,68660,106.0875022887,20.699999565599995,4.375357151031494
13032,68661,106.0916689554,20.699999565599995,2.9101755619049072
13032,68662,106.0958356221,20.699999565599995,2.3752543926239014
13032,68663,106.1000022888,20.699999565599995,2.2125422954559326
13032,68664,106.10416895549999,20.699999565599995,2.308793067932129
13032,68665,106.10833562219999,20.699999565599995,3.1853573322296143
13032,68666,106.11250228889999,20.699999565599995,7.603393077850342
13032,68667,106.11666895559999,20.699999565599995,10.17982292175293
13032,68668,106.12083562229999,20.699999565599995,9.948363304138184
13032,68669,106.125002289,20.699999565599995,6.385178565979004
13032,68670,106.1291689557,20.699999565599995,3.996333599090576
13032,68671,106.1333356224,20.699999565599995,2.6924588680267334
13032,68672,106.1375022891,20.699999565599995,2.2648332118988037
13032,68673,106.14166895579999,20.699999565599995,1.8008196353912354
13032,68674,106.14583562249999,20.699999565599995,1.5891802310943604
13032,68675,106.15000228919999,20.699999565599995,1.4963933229446411
13032,68676,106.15416895589999,20.699999565599995,1.4861903190612793
13032,68677,106.15833562259999,20.699999565599995,1.5585936307907104
13032,68678,106.1625022893,20.699999565599995,2.1912500858306885
13032,68679,106.166668956,20.699999565599995,2.2699999809265137
13032,68680,106.1708356227,20.699999565599995,1.869672179222107
13032,68681,106.1750022894,20.699999565599995,1.9326562881469727
13032,68682,106.17916895609999,20.699999565599995,1.9792063236236572
13032,68683,106.18333562279999,20.699999565599995,2.0155386924743652
13032,68684,106.18750228949999,20.699999565599995,2.0989062786102295
13032,68685,106.19166895619999,20.699999565599995,2.1990163326263428
13032,68686,106.19583562289999,20.699999565599995,2.22428560256958
13032,68687,106.2000022896,20.699999565599995,1.560163974761963
13032,68688,106.2041689563,20.699999565599995,1.820847511291504
13032,68689,106.208335623,20.699999565599995,2.435762643814087
13032,68690,106.2125022897,20.699999565599995,2.847543716430664
13032,68691,106.21666895639999,20.699999565599995,2.977288246154785
13032,68692,106.22083562309999,20.699999565599995,1.9455931186676025
13032,68693,106.22500228979999,20.699999565599995,1.6031577587127686
13032,68694,106.22916895649999,20.699999565599995,1.4177587032318115
13032,68695,106.23333562319999,20.699999565599995,1.4110000133514404
13032,68696,106.2375022899,20.699999565599995,1.5850794315338135
13032,68700,106.2541689567,20.699999565599995,2.567258358001709
13032,68701,106.25833562339999,20.699999565599995,2.5514752864837646
13032,68702,106.26250229009999,20.699999565599995,2.6425423622131348
13032,68703,106.26666895679999,20.699999565599995,2.1940321922302246
13032,68709,106.291668957,20.699999565599995,1.5512903928756714
13032,68717,106.3250022906,20.699999565599995,1.3603174686431885
13032,68718,106.3291689573,20.699999565599995,1.233559250831604
13032,68719,106.33333562399999,20.699999565599995,1.2654386758804321
13032,68720,106.33750229069999,20.699999565599995,1.3367795944213867
13032,68721,106.34166895739999,20.699999565599995,1.2789474725723267
13032,68722,106.34583562409999,20.699999565599995,1.3182456493377686
13032,68723,106.35000229079999,20.699999565599995,1.9691379070281982
13032,68724,106.3541689575,20.699999565599995,2.2906668186187744
13032,68725,106.3583356242,20.699999565599995,1.7090164422988892
13032,68726,106.3625022909,20.699999565599995,1.2381666898727417
13032,68727,106.3666689576,20.699999565599995,1.1337705850601196
13032,68728,106.37083562429999,20.699999565599995,1.1815872192382812
13032,68729,106.37500229099999,20.699999565599995,1.291428565979004
13032,68730,106.37916895769999,20.699999565599995,1.448281168937683
13032,68731,106.38333562439999,20.699999565599995,2.096774101257324
13032,68732,106.38750229109999,20.699999565599995,2.7465078830718994
13032,68733,106.3916689578,20.699999565599995,2.8048436641693115
13032,68734,106.3958356245,20.699999565599995,2.253384590148926
13032,68735,106.4000022912,20.699999565599995,1.5127418041229248
13032,68736,106.4041689579,20.699999565599995,1.3212902545928955
13033,68645,106.02500228819999,20.695832898899997,2.235806465148926
13033,68646,106.02916895489999,20.695832898899997,3.3323729038238525
13033,68647,106.03333562159999,20.695832898899997,4.055789470672607
13033,68648,106.03750228829999,20.695832898899997,3.900847911834717
13033,68649,106.04166895499999,20.695832898899997,3.810861825942993
13033,68650,106.0458356217,20.695832898899997,3.5390164852142334
13033,68651,106.0500022884,20.695832898899997,3.0972132682800293
13033,68652,106.0541689551,20.695832898899997,4.490161418914795
13033,68653,106.0583356218,20.695832898899997,7.099180221557617
13033,68654,106.06250228849999,20.695832898899997,6.513389587402344
13033,68655,106.06666895519999,20.695832898899997,3.870983600616455
13033,68656,106.07083562189999,20.695832898899997,3.2776665687561035
13033,68657,106.07500228859999,20.695832898899997,3.0442373752593994
13033,68658,106.07916895529999,20.695832898899997,2.9160654544830322
13033,68659,106.08333562199999,20.695832898899997,3.7622809410095215
13033,68660,106.0875022887,20.695832898899997,4.427856922149658
13033,68661,106.0916689554,20.695832898899997,3.628448247909546
13033,68662,106.0958356221,20.695832898899997,2.828852653503418
13033,68663,106.1000022888,20.695832898899997,2.7247540950775146
13033,68664,106.10416895549999,20.695832898899997,3.223275661468506
13033,68665,106.10833562219999,20.695832898899997,4.597457408905029
13033,68666,106.11250228889999,20.695832898899997,8.518070220947266
13033,68667,106.11666895559999,20.695832898899997,11.489999771118164
13033,68668,106.12083562229999,20.695832898899997,8.525177955627441
13033,68669,106.125002289,20.695832898899997,4.7324137687683105
13033,68670,106.1291689557,20.695832898899997,2.89275860786438
13033,68671,106.1333356224,20.695832898899997,2.5323333740234375
13033,68672,106.1375022891,20.695832898899997,2.256500005722046
13033,68673,106.14166895579999,20.695832898899997,1.8708620071411133
13033,68674,106.14583562249999,20.695832898899997,1.7112278938293457
13033,68675,106.15000228919999,20.695832898899997,1.5564519166946411
13033,68676,106.15416895589999,20.695832898899997,1.668461561203003
13033,68677,106.15833562259999,20.695832898899997,1.7820637226104736
13033,68678,106.1625022893,20.695832898899997,1.9650768041610718
13033,68679,106.166668956,20.695832898899997,1.887903094291687
13033,68680,106.1708356227,20.695832898899997,1.7224195003509521
13033,68681,106.1750022894,20.695832898899997,1.8250819444656372
13033,68682,106.17916895609999,20.695832898899997,2.033125162124634
13033,68683,106.18333562279999,20.695832898899997,2.0672130584716797
13033,68684,106.18750228949999,20.695832898899997,2.060678005218506
13033,68685,106.19166895619999,20.695832898899997,1.558448076248169
13033,68686,106.19583562289999,20.695832898899997,1.4101694822311401
13033,68687,106.2000022896,20.695832898899997,1.2840983867645264
13033,68688,106.2041689563,20.695832898899997,1.4805171489715576
13033,68689,106.208335623,20.695832898899997,1.7259650230407715
13033,68690,106.2125022897,20.695832898899997,2.4276785850524902
13033,68691,106.21666895639999,20.695832898899997,2.8515000343322754
13033,68692,106.22083562309999,20.695832898899997,2.5468332767486572
13033,68693,106.22500228979999,20.695832898899997,1.9149090051651
13033,68694,106.22916895649999,20.695832898899997,1.4985713958740234
13033,68695,106.23333562319999,20.695832898899997,1.497118592262268
13033,68696,106.2375022899,20.695832898899997,1.620666742324829
13033,68697,106.2416689566,20.695832898899997,1.9457143545150757
13033,68699,106.25000229,20.695832898899997,2.4889655113220215
13033,68700,106.2541689567,20.695832898899997,2.5740678310394287
13033,68701,106.25833562339999,20.695832898899997,2.722459077835083
13033,68702,106.26250229009999,20.695832898899997,2.946333169937134
13033,68703,106.26666895679999,20.695832898899997,2.5879664421081543
13033,68704,106.27083562349999,20.695832898899997,1.9298335313796997
13033,68709,106.291668957,20.695832898899997,0.0
13033,68715,106.3166689572,20.695832898899997,1.649672269821167
13033,68716,106.3208356239,20.695832898899997,1.6703280210494995
13033,68717,106.3250022906,20.695832898899997,1.6148386001586914
13033,68718,106.3291689573,20.695832898899997,1.5445613861083984
13033,68719,106.33333562399999,20.695832898899997,2.010526180267334
13033,68720,106.33750229069999,20.695832898899997,2.332068920135498
13033,68721,106.34166895739999,20.695832898899997,2.2018966674804688
13033,68722,106.34583562409999,20.695832898899997,1.7524137496948242
13033,68723,106.35000229079999,20.695832898899997,3.300701379776001
13033,68724,106.3541689575,20.695832898899997,4.04236364364624
13033,68725,106.3583356242,20.695832898899997,2.6189656257629395
13033,68726,106.3625022909,20.695832898899997,1.4545613527297974
13033,68727,106.3666689576,20.695832898899997,1.3293334245681763
13033,68728,106.37083562429999,20.695832898899997,1.2951561212539673
13033,68729,106.37500229099999,20.695832898899997,1.9042856693267822
13033,68730,106.37916895769999,20.695832898899997,3.0043551921844482
13033,68731,106.38333562439999,20.695832898899997,2.9719667434692383
13033,68732,106.38750229109999,20.695832898899997,3.331017017364502
13033,68733,106.3916689578,20.695832898899997,3.7945902347564697
13033,68734,106.3958356245,20.695832898899997,2.7774603366851807
13033,68735,106.4000022912,20.695832898899997,1.947460412979126
13033,68736,106.4041689579,20.695832898899997,1.595901608467102
13034,68646,106.02916895489999,20.691666232199996,2.554068088531494
13034,68647,106.03333562159999,20.691666232199996,3.503965377807617
13034,68648,106.03750228829999,20.691666232199996,3.7078332901000977
13034,68649,106.04166895499999,20.691666232199996,3.3611865043640137
13034,68650,106.0458356217,20.691666232199996,2.9050817489624023
13034,68651,106.0500022884,20.691666232199996,2.848688840866089
13034,68652,106.0541689551,20.691666232199996,3.871774196624756
13034,68653,106.0583356218,20.691666232199996,7.348524570465088
13034,68654,106.06250228849999,20.691666232199996,8.490678787231445
13034,68655,106.06666895519999,20.691666232199996,4.8925862312316895
13034,68656,106.07083562189999,20.691666232199996,3.9931581020355225
13034,68657,106.07500228859999,20.691666232199996,3.7135088443756104
13034,68658,106.07916895529999,20.691666232199996,3.4703447818756104
13034,68659,106.08333562199999,20.691666232199996,3.9166107177734375
13034,68660,106.0875022887,20.691666232199996,4.818813323974609
13034,68661,106.0916689554,20.691666232199996,4.852373123168945
13034,68662,106.0958356221,20.691666232199996,4.262881755828857
13034,68663,106.1000022888,20.691666232199996,4.27833366394043
13034,68664,106.10416895549999,20.691666232199996,4.063559055328369
13034,68665,106.10833562219999,20.691666232199996,4.167626857757568
13034,68666,106.11250228889999,20.691666232199996,5.105714321136475
13034,68667,106.11666895559999,20.691666232199996,3.9666101932525635
13034,68668,106.12083562229999,20.691666232199996,3.7352542877197266
13034,68669,106.125002289,20.691666232199996,2.8698413372039795
13034,68670,106.1291689557,20.691666232199996,2.4811668395996094
13034,68671,106.1333356224,20.691666232199996,2.1462905406951904
13034,68672,106.1375022891,20.691666232199996,2.1366665363311768
13034,68673,106.14166895579999,20.691666232199996,1.9753968715667725
13034,68674,106.14583562249999,20.691666232199996,1.9263333082199097
13034,68675,106.15000228919999,20.691666232199996,1.9403334856033325
13034,68676,106.15416895589999,20.691666232199996,1.9020967483520508
13034,68677,106.15833562259999,20.691666232199996,1.990645170211792
13034,68678,106.1625022893,20.691666232199996,2.0203332901000977
13034,68679,106.166668956,20.691666232199996,1.6626230478286743
13034,68680,106.1708356227,20.691666232199996,1.488709568977356
13034,68681,106.1750022894,20.691666232199996,1.5903223752975464
13034,68682,106.17916895609999,20.691666232199996,1.8344614505767822
13034,68683,106.18333562279999,20.691666232199996,2.0343546867370605
13034,68684,106.18750228949999,20.691666232199996,2.0221667289733887
13034,68685,106.19166895619999,20.691666232199996,1.7294738292694092
13034,68686,106.19583562289999,20.691666232199996,1.3667798042297363
13034,68687,106.2000022896,20.691666232199996,1.2945761680603027
13034,68688,106.2041689563,20.691666232199996,1.6212280988693237
13034,68689,106.208335623,20.691666232199996,1.6722413301467896
13034,68690,106.2125022897,20.691666232199996,1.7996491193771362
13034,68691,106.21666895639999,20.691666232199996,2.187368392944336
13034,68692,106.22083562309999,20.691666232199996,3.1867241859436035
13034,68693,106.22500228979999,20.691666232199996,3.1700000762939453
13034,68694,106.22916895649999,20.691666232199996,2.6109259128570557
13034,68695,106.23333562319999,20.691666232199996,1.950689673423767
13034,68696,106.2375022899,20.691666232199996,1.8488332033157349
13034,68697,106.2416689566,20.691666232199996,1.9716393947601318
13034,68698,106.2458356233,20.691666232199996,2.174426317214966
13034,68700,106.2541689567,20.691666232199996,2.322333574295044
13034,68701,106.25833562339999,20.691666232199996,2.7729506492614746
13034,68702,106.26250229009999,20.691666232199996,3.4488706588745117
13034,68703,106.26666895679999,20.691666232199996,3.361666679382324
13034,68704,106.27083562349999,20.691666232199996,2.077868938446045
13034,68705,106.27500229019999,20.691666232199996,1.721166729927063
13034,68706,106.2791689569,20.691666232199996,1.58733332157135
13034,68707,106.2833356236,20.691666232199996,1.504426121711731
13034,68708,106.2875022903,20.691666232199996,1.4233332872390747
13034,68709,106.291668957,20.691666232199996,0.0
13034,68710,106.29583562369999,20.691666232199996,1.5365078449249268
13034,68713,106.30833562379999,20.691666232199996,3.0009677410125732
13034,68714,106.31250229049999,20.691666232199996,2.410645008087158
13034,68715,106.3166689572,20.691666232199996,1.9965572357177734
13034,68716,106.3208356239,20.691666232199996,2.3273332118988037
13034,68717,106.3250022906,20.691666232199996,2.3398332595825195
13034,68718,106.3291689573,20.691666232199996,2.200862169265747
13034,68719,106.33333562399999,20.691666232199996,2.6576664447784424
13034,68720,106.33750229069999,20.691666232199996,2.7758729457855225
13034,68721,106.34166895739999,20.691666232199996,2.377031087875366
13034,68722,106.34583562409999,20.691666232199996,1.9390476942062378
13034,68723,106.35000229079999,20.691666232199996,2.9903388023376465
13034,68724,106.3541689575,20.691666232199996,5.030169486999512
13034,68725,106.3583356242,20.691666232199996,4.221999645233154
13034,68726,106.3625022909,20.691666232199996,2.138333559036255
13034,68727,106.3666689576,20.691666232199996,1.989491581916809
13034,68728,106.37083562429999,20.691666232199996,2.2391936779022217
13034,68729,106.37500229099999,20.691666232199996,2.9961018562316895
13034,68730,106.37916895769999,20.691666232199996,4.070655822753906
13034,68731,106.38333562439999,20.691666232199996,3.075932025909424
13034,68732,106.38750229109999,20.691666232199996,2.463606595993042
13034,68733,106.3916689578,20.691666232199996,3.5055737495422363
13034,68734,106.3958356245,20.691666232199996,3.1003174781799316
13034,68735,106.4000022912,20.691666232199996,2.062741994857788
13035,68647,106.03333562159999,20.687499565499998,2.890166759490967
13035,68648,106.03750228829999,20.687499565499998,3.498197078704834
13035,68649,106.04166895499999,20.687499565499998,2.9874141216278076
13035,68650,106.0458356217,20.687499565499998,2.8322415351867676
13035,68651,106.0500022884,20.687499565499998,3.012711763381958
13035,68652,106.0541689551,20.687499565499998,4.613692283630371
13035,68653,106.0583356218,20.687499565499998,8.802499771118164
13035,68654,106.06250228849999,20.687499565499998,10.462331771850586
13035,68655,106.06666895519999,20.687499565499998,7.064098358154297
13035,68656,106.07083562189999,20.687499565499998,5.27089262008667
13035,68657,106.07500228859999,20.687499565499998,4.755178928375244
13035,68658,106.07916895529999,20.687499565499998,4.9982757568359375
13035,68659,106.08333562199999,20.687499565499998,5.140832901000977
13035,68660,106.0875022887,20.687499565499998,6.11903190612793
13035,68661,106.0916689554,20.687499565499998,5.635666847229004
13035,68662,106.0958356221,20.687499565499998,5.041378974914551
13035,68663,106.1000022888,20.687499565499998,5.072105407714844
13035,68664,106.10416895549999,20.687499565499998,4.3928070068359375
13035,68665,106.10833562219999,20.687499565499998,3.1034486293792725
13035,68666,106.11250228889999,20.687499565499998,2.639298439025879
13035,68667,106.11666895559999,20.687499565499998,2.6087303161621094
13035,68668,106.12083562229999,20.687499565499998,3.066666841506958
13035,68669,106.125002289,20.687499565499998,2.9403076171875
13035,68670,106.1291689557,20.687499565499998,2.1322579383850098
13035,68671,106.1333356224,20.687499565499998,1.8012901544570923
13035,68672,106.1375022891,20.687499565499998,2.027540922164917
13035,68673,106.14166895579999,20.687499565499998,2.0104997158050537
13035,68674,106.14583562249999,20.687499565499998,1.741639256477356
13035,68675,106.15000228919999,20.687499565499998,1.7433898448944092
13035,68676,106.15416895589999,20.687499565499998,1.7333897352218628
13035,68677,106.15833562259999,20.687499565499998,1.7552459239959717
13035,68678,106.1625022893,20.687499565499998,1.7951664924621582
13035,68679,106.166668956,20.687499565499998,1.5829508304595947
13035,68680,106.1708356227,20.687499565499998,1.5251562595367432
13035,68681,106.1750022894,20.687499565499998,1.5320311784744263
13035,68682,106.17916895609999,20.687499565499998,1.6026984453201294
13035,68683,106.18333562279999,20.687499565499998,1.784999966621399
13035,68684,106.18750228949999,20.687499565499998,1.8466100692749023
13035,68685,106.19166895619999,20.687499565499998,1.7391380071640015
13035,68686,106.19583562289999,20.687499565499998,1.3613559007644653
13035,68687,106.2000022896,20.687499565499998,1.3491379022598267
13035,68688,106.2041689563,20.687499565499998,1.6587718725204468
13035,68689,106.208335623,20.687499565499998,1.6635593175888062
13035,68690,106.2125022897,20.687499565499998,1.5153334140777588
13035,68691,106.21666895639999,20.687499565499998,1.740344762802124
13035,68692,106.22083562309999,20.687499565499998,3.493703842163086
13035,68693,106.22500228979999,20.687499565499998,5.073684215545654
13035,68694,106.22916895649999,20.687499565499998,4.1447367668151855
13035,68695,106.23333562319999,20.687499565499998,2.205000162124634
13035,68696,106.2375022899,20.687499565499998,1.9608622789382935
13035,68697,106.2416689566,20.687499565499998,1.797869086265564
13035,68698,106.2458356233,20.687499565499998,1.8949999809265137
13035,68700,106.2541689567,20.687499565499998,1.7907811403274536
13035,68704,106.27083562349999,20.687499565499998,1.993606686592102
13035,68705,106.27500229019999,20.687499565499998,1.7141666412353516
13035,68706,106.2791689569,20.687499565499998,0.0
13035,68707,106.2833356236,20.687499565499998,1.5372308492660522
13035,68708,106.2875022903,20.687499565499998,1.5224616527557373
13035,68709,106.291668957,20.687499565499998,0.0
13035,68710,106.29583562369999,20.687499565499998,1.7026562690734863
13035,68711,106.30000229039999,20.687499565499998,2.2995083332061768
13035,68712,106.30416895709999,20.687499565499998,3.389047861099243
13035,68713,106.30833562379999,20.687499565499998,4.217257976531982
13035,68714,106.31250229049999,20.687499565499998,3.2177417278289795
13035,68715,106.3166689572,20.687499565499998,2.271803379058838
13035,68716,106.3208356239,20.687499565499998,2.514666795730591
13035,68717,106.3250022906,20.687499565499998,2.717586040496826
13035,68718,106.3291689573,20.687499565499998,2.5742106437683105
13035,68719,106.33333562399999,20.687499565499998,2.692833185195923
13035,68720,106.33750229069999,20.687499565499998,2.388688564300537
13035,68721,106.34166895739999,20.687499565499998,1.9060317277908325
13035,68722,106.34583562409999,20.687499565499998,2.3196773529052734
13035,68723,106.35000229079999,20.687499565499998,3.3829309940338135
13035,68724,106.3541689575,20.687499565499998,5.304736614227295
13035,68725,106.3583356242,20.687499565499998,4.447903156280518
13035,68726,106.3625022909,20.687499565499998,2.9422950744628906
13035,68727,106.3666689576,20.687499565499998,3.001803398132324
13035,68728,106.37083562429999,20.687499565499998,3.1456451416015625
13035,68729,106.37500229099999,20.687499565499998,3.1277050971984863
13035,68730,106.37916895769999,20.687499565499998,3.1560654640197754
13035,68731,106.38333562439999,20.687499565499998,2.122000217437744
13035,68732,106.38750229109999,20.687499565499998,1.9155172109603882
13035,68733,106.3916689578,20.687499565499998,2.992000102996826
13035,68734,106.3958356245,20.687499565499998,2.99399995803833
13035,68735,106.4000022912,20.687499565499998,2.1503448486328125
13035,68736,106.4041689579,20.687499565499998,1.65237295627594
13036,68648,106.03750228829999,20.683332898799996,2.924210548400879
13036,68649,106.04166895499999,20.683332898799996,2.8960344791412354
13036,68650,106.0458356217,20.683332898799996,3.0932199954986572
13036,68651,106.0500022884,20.683332898799996,4.0904998779296875
13036,68652,106.0541689551,20.683332898799996,5.73177433013916
13036,68653,106.0583356218,20.683332898799996,9.921428680419922
13036,68654,106.06250228849999,20.683332898799996,10.699682235717773
13036,68655,106.06666895519999,20.683332898799996,8.923442840576172
13036,68656,106.07083562189999,20.683332898799996,7.301785469055176
13036,68657,106.07500228859999,20.683332898799996,7.342363357543945
13036,68658,106.07916895529999,20.683332898799996,7.197377681732178
13036,68659,106.08333562199999,20.683332898799996,7.645483493804932
13036,68660,106.0875022887,20.683332898799996,7.765901565551758
13036,68661,106.0916689554,20.683332898799996,5.642786979675293
13036,68662,106.0958356221,20.683332898799996,3.620163917541504
13036,68663,106.1000022888,20.683332898799996,4.576935291290283
13036,68664,106.10416895549999,20.683332898799996,4.658852577209473
13036,68665,106.10833562219999,20.683332898799996,3.619016408920288
13036,68666,106.11250228889999,20.683332898799996,2.7774577140808105
13036,68667,106.11666895559999,20.683332898799996,2.4007935523986816
13036,68668,106.12083562229999,20.683332898799996,2.61328125
13036,68669,106.125002289,20.683332898799996,2.819999933242798
13036,68670,106.1291689557,20.683332898799996,2.1506452560424805
13036,68671,106.1333356224,20.683332898799996,1.7414517402648926
13036,68672,106.1375022891,20.683332898799996,1.934999942779541
13036,68673,106.14166895579999,20.683332898799996,1.9262069463729858
13036,68674,106.14583562249999,20.683332898799996,1.6747541427612305
13036,68675,106.15000228919999,20.683332898799996,0.0
13036,68676,106.15416895589999,20.683332898799996,1.6583607196807861
13036,68677,106.15833562259999,20.683332898799996,1.7704761028289795
13036,68678,106.1625022893,20.683332898799996,1.8157376050949097
13036,68679,106.166668956,20.683332898799996,1.6623729467391968
13036,68680,106.1708356227,20.683332898799996,1.558750033378601
13036,68681,106.1750022894,20.683332898799996,1.4771875143051147
13036,68682,106.17916895609999,20.683332898799996,1.675384521484375
13036,68683,106.18333562279999,20.683332898799996,1.8966666460037231
13036,68684,106.18750228949999,20.683332898799996,1.6912307739257812
13036,68685,106.19166895619999,20.683332898799996,1.5408064126968384
13036,68686,106.19583562289999,20.683332898799996,1.4335087537765503
13036,68687,106.2000022896,20.683332898799996,0.0
13036,68688,106.2041689563,20.683332898799996,1.5673332214355469
13036,68689,106.208335623,20.683332898799996,0.0
13036,68690,106.2125022897,20.683332898799996,1.4786667823791504
13036,68691,106.21666895639999,20.683332898799996,1.560701608657837
13036,68692,106.22083562309999,20.683332898799996,2.1285712718963623
13036,68693,106.22500228979999,20.683332898799996,3.417930841445923
13036,68694,106.22916895649999,20.683332898799996,3.134000062942505
13036,68695,106.23333562319999,20.683332898799996,1.8218964338302612
13036,68696,106.2375022899,20.683332898799996,1.7315516471862793
13036,68697,106.2416689566,20.683332898799996,1.7933870553970337
13036,68698,106.2458356233,20.683332898799996,1.8925806283950806
13036,68699,106.25000229,20.683332898799996,1.944193720817566
13036,68700,106.2541689567,20.683332898799996,1.7852381467819214
13036,68701,106.25833562339999,20.683332898799996,1.6967188119888306
13036,68702,106.26250229009999,20.683332898799996,1.6762499809265137
13036,68703,106.26666895679999,20.683332898799996,1.6696876287460327
13036,68704,106.27083562349999,20.683332898799996,1.484531044960022
13036,68705,106.27500229019999,20.683332898799996,1.540307641029358
13036,68706,106.2791689569,20.683332898799996,1.5932811498641968
13036,68707,106.2833356236,20.683332898799996,1.7554545402526855
13036,68708,106.2875022903,20.683332898799996,1.705230712890625
13036,68709,106.291668957,20.683332898799996,1.5770769119262695
13036,68710,106.29583562369999,20.683332898799996,1.7310770750045776
13036,68711,106.30000229039999,20.683332898799996,2.176406145095825
13036,68712,106.30416895709999,20.683332898799996,3.336984157562256
13036,68713,106.30833562379999,20.683332898799996,4.468387126922607
13036,68714,106.31250229049999,20.683332898799996,3.8514063358306885
13036,68715,106.3166689572,20.683332898799996,2.5457375049591064
13036,68716,106.3208356239,20.683332898799996,2.218524694442749
13036,68717,106.3250022906,20.683332898799996,2.2522807121276855
13036,68718,106.3291689573,20.683332898799996,2.12017560005188
13036,68719,106.33333562399999,20.683332898799996,1.995333194732666
13036,68720,106.33750229069999,20.683332898799996,1.814918041229248
13036,68721,106.34166895739999,20.683332898799996,1.568333387374878
13036,68722,106.34583562409999,20.683332898799996,2.100327730178833
13036,68723,106.35000229079999,20.683332898799996,4.044576168060303
13036,68724,106.3541689575,20.683332898799996,4.726428985595703
13036,68725,106.3583356242,20.683332898799996,3.9148216247558594
13036,68726,106.3625022909,20.683332898799996,3.2415788173675537
13036,68727,106.3666689576,20.683332898799996,3.00249981880188
13036,68728,106.37083562429999,20.683332898799996,2.7268333435058594
13036,68729,106.37500229099999,20.683332898799996,2.488888740539551
13036,68730,106.37916895769999,20.683332898799996,2.43564510345459
13036,68731,106.38333562439999,20.683332898799996,2.4511473178863525
13036,68732,106.38750229109999,20.683332898799996,2.699491262435913
13036,68733,106.3916689578,20.683332898799996,2.8399996757507324
13036,68734,106.3958356245,20.683332898799996,3.200169563293457
13036,68735,106.4000022912,20.683332898799996,2.5096487998962402
13036,68736,106.4041689579,20.683332898799996,1.6552633047103882
13036,68737,106.40833562459999,20.683332898799996,1.5105355978012085
13037,68648,106.03750228829999,20.6791662321,2.7972412109375
13037,68649,106.04166895499999,20.6791662321,3.086379289627075
13037,68650,106.0458356217,20.6791662321,3.826270580291748
13037,68651,106.0500022884,20.6791662321,6.096833229064941
13037,68652,106.0541689551,20.6791662321,10.285500526428223
13037,68653,106.0583356218,20.6791662321,14.391167640686035
13037,68654,106.06250228849999,20.6791662321,14.430490493774414
13037,68655,106.06666895519999,20.6791662321,12.353389739990234
13037,68656,106.07083562189999,20.6791662321,11.696727752685547
13037,68657,106.07500228859999,20.6791662321,10.868704795837402
13037,68658,106.07916895529999,20.6791662321,9.947678565979004
13037,68659,106.08333562199999,20.6791662321,8.280877113342285
13037,68660,106.0875022887,20.6791662321,5.6316070556640625
13037,68661,106.0916689554,20.6791662321,4.1421051025390625
13037,68662,106.0958356221,20.6791662321,3.0399999618530273
13037,68663,106.1000022888,20.6791662321,3.756833076477051
13037,68664,106.10416895549999,20.6791662321,4.478125095367432
13037,68665,106.10833562219999,20.6791662321,4.0852460861206055
13037,68666,106.11250228889999,20.6791662321,3.1173770427703857
13037,68667,106.11666895559999,20.6791662321,2.170158863067627
13037,68668,106.12083562229999,20.6791662321,2.092580795288086
13037,68669,106.125002289,20.6791662321,2.2419674396514893
13037,68670,106.1291689557,20.6791662321,2.094677448272705
13037,68671,106.1333356224,20.6791662321,1.755967617034912
13037,68672,106.1375022891,20.6791662321,1.7372583150863647
13037,68673,106.14166895579999,20.6791662321,1.695263147354126
13037,68674,106.14583562249999,20.6791662321,1.5571666955947876
13037,68675,106.15000228919999,20.6791662321,0.0
13037,68676,106.15416895589999,20.6791662321,1.7429033517837524
13037,68677,106.15833562259999,20.6791662321,1.9675804376602173
13037,68678,106.1625022893,20.6791662321,2.037966012954712
13037,68679,106.166668956,20.6791662321,1.7106897830963135
13037,68680,106.1708356227,20.6791662321,1.5127419233322144
13037,68681,106.1750022894,20.6791662321,1.4854097366333008
13037,68682,106.17916895609999,20.6791662321,2.00253963470459
13037,68683,106.18333562279999,20.6791662321,2.229687452316284
13037,68684,106.18750228949999,20.6791662321,1.781904697418213
13037,68685,106.19166895619999,20.6791662321,1.667618989944458
13037,68686,106.19583562289999,20.6791662321,1.5514518022537231
13037,68687,106.2000022896,20.6791662321,1.5693650245666504
13037,68688,106.2041689563,20.6791662321,1.6724194288253784
13037,68689,106.208335623,20.6791662321,1.6033334732055664
13037,68690,106.2125022897,20.6791662321,0.0
13037,68691,106.21666895639999,20.6791662321,1.4698275327682495
13037,68692,106.22083562309999,20.6791662321,1.4533332586288452
13037,68693,106.22500228979999,20.6791662321,1.719298243522644
13037,68694,106.22916895649999,20.6791662321,2.008474588394165
13037,68695,106.23333562319999,20.6791662321,1.7943332195281982
13037,68696,106.2375022899,20.6791662321,1.7165573835372925
13037,68697,106.2416689566,20.6791662321,1.92838716506958
13037,68698,106.2458356233,20.6791662321,2.307213306427002
13037,68699,106.25000229,20.6791662321,2.283230781555176
13037,68700,106.2541689567,20.6791662321,1.9643076658248901
13037,68701,106.25833562339999,20.6791662321,1.6384127140045166
13037,68702,106.26250229009999,20.6791662321,1.4421875476837158
13037,68703,106.26666895679999,20.6791662321,1.3796825408935547
13037,68704,106.27083562349999,20.6791662321,1.3903225660324097
13037,68705,106.27500229019999,20.6791662321,1.52984619140625
13037,68706,106.2791689569,20.6791662321,1.61328125
13037,68707,106.2833356236,20.6791662321,1.7316921949386597
13037,68708,106.2875022903,20.6791662321,1.8446154594421387
13037,68709,106.291668957,20.6791662321,1.6543750762939453
13037,68710,106.29583562369999,20.6791662321,1.7468180656433105
13037,68711,106.30000229039999,20.6791662321,1.8033334016799927
13037,68712,106.30416895709999,20.6791662321,2.247868776321411
13037,68713,106.30833562379999,20.6791662321,3.350161075592041
13037,68714,106.31250229049999,20.6791662321,3.612131357192993
13037,68715,106.3166689572,20.6791662321,2.825254201889038
13037,68716,106.3208356239,20.6791662321,1.9888333082199097
13037,68717,106.3250022906,20.6791662321,1.8673685789108276
13037,68718,106.3291689573,20.6791662321,1.9244825839996338
13037,68719,106.33333562399999,20.6791662321,1.6913114786148071
13037,68720,106.33750229069999,20.6791662321,1.6320968866348267
13037,68721,106.34166895739999,20.6791662321,1.7103277444839478
13037,68722,106.34583562409999,20.6791662321,2.224915027618408
13037,68723,106.35000229079999,20.6791662321,3.6782755851745605
13037,68724,106.3541689575,20.6791662321,4.321228504180908
13037,68725,106.3583356242,20.6791662321,3.3930912017822266
13037,68726,106.3625022909,20.6791662321,2.981851816177368
13037,68727,106.3666689576,20.6791662321,2.247833490371704
13037,68728,106.37083562429999,20.6791662321,2.2053334712982178
13037,68729,106.37500229099999,20.6791662321,2.772698402404785
13037,68730,106.37916895769999,20.6791662321,3.2398412227630615
13037,68731,106.38333562439999,20.6791662321,4.888333320617676
13037,68732,106.38750229109999,20.6791662321,5.658596515655518
13037,68733,106.3916689578,20.6791662321,4.536250114440918
13037,68734,106.3958356245,20.6791662321,3.8250906467437744
13037,68735,106.4000022912,20.6791662321,3.2623634338378906
13037,68736,106.4041689579,20.6791662321,2.192857027053833
13037,68737,106.40833562459999,20.6791662321,1.589827537536621
13037,68738,106.41250229129999,20.6791662321,1.468166708946228
13037,68739,106.41666895799999,20.6791662321,1.5132787227630615
13038,68648,106.03750228829999,20.674999565399997,3.125645399093628
13038,68649,106.04166895499999,20.674999565399997,4.810168743133545
13038,68650,106.0458356217,20.674999565399997,6.288947582244873
13038,68651,106.0500022884,20.674999565399997,9.531379699707031
13038,68652,106.0541689551,20.674999565399997,19.28775978088379
13038,68653,106.0583356218,20.674999565399997,23.101665496826172
13038,68654,106.06250228849999,20.674999565399997,19.495832443237305
13038,68655,106.06666895519999,20.674999565399997,14.409138679504395
13038,68656,106.07083562189999,20.674999565399997,10.671500205993652
13038,68657,106.07500228859999,20.674999565399997,8.958687782287598
13038,68658,106.07916895529999,20.674999565399997,8.244827270507812
13038,68659,106.08333562199999,20.674999565399997,7.15017557144165
13038,68660,106.0875022887,20.674999565399997,4.818928241729736
13038,68661,106.0916689554,20.674999565399997,3.5872414112091064
13038,68662,106.0958356221,20.674999565399997,2.793276071548462
13038,68663,106.1000022888,20.674999565399997,2.825833559036255
13038,68664,106.10416895549999,20.674999565399997,3.252923011779785
13038,68665,106.10833562219999,20.674999565399997,3.073225736618042
13038,68666,106.11250228889999,20.674999565399997,2.558852434158325
13038,68667,106.11666895559999,20.674999565399997,2.167301654815674
13038,68668,106.12083562229999,20.674999565399997,1.9180644750595093
13038,68669,106.125002289,20.674999565399997,2.0417239665985107
13038,68670,106.1291689557,20.674999565399997,2.0842623710632324
13038,68671,106.1333356224,20.674999565399997,1.784999966621399
13038,68672,106.1375022891,20.674999565399997,1.6266130208969116
13038,68673,106.14166895579999,20.674999565399997,1.714827537536621
13038,68674,106.14583562249999,20.674999565399997,1.5462710857391357
13038,68675,106.15000228919999,20.674999565399997,1.4265574216842651
13038,68676,106.15416895589999,20.674999565399997,1.5604760646820068
13038,68677,106.15833562259999,20.674999565399997,1.8301693201065063
13038,68678,106.1625022893,20.674999565399997,1.8445764780044556
13038,68679,106.166668956,20.674999565399997,1.5986666679382324
13038,68680,106.1708356227,20.674999565399997,1.426440715789795
13038,68681,106.1750022894,20.674999565399997,1.5927585363388062
13038,68682,106.17916895609999,20.674999565399997,2.237419366836548
13038,68683,106.18333562279999,20.674999565399997,2.320483684539795
13038,68684,106.18750228949999,20.674999565399997,1.950952410697937
13038,68685,106.19166895619999,20.674999565399997,1.8775001764297485
13038,68686,106.19583562289999,20.674999565399997,1.852307677268982
13038,68687,106.2000022896,20.674999565399997,1.8107577562332153
13038,68688,106.2041689563,20.674999565399997,1.8158620595932007
13038,68689,106.208335623,20.674999565399997,1.5699999332427979
13038,68690,106.2125022897,20.674999565399997,0.0
13038,68691,106.21666895639999,20.674999565399997,0.0
13038,68692,106.22083562309999,20.674999565399997,1.4378689527511597
13038,68693,106.22500228979999,20.674999565399997,1.4149152040481567
13038,68694,106.22916895649999,20.674999565399997,2.047457695007324
13038,68695,106.23333562319999,20.674999565399997,2.4169492721557617
13038,68696,106.2375022899,20.674999565399997,2.558499574661255
13038,68697,106.2416689566,20.674999565399997,2.3993442058563232
13038,68698,106.2458356233,20.674999565399997,2.237118721008301
13038,68699,106.25000229,20.674999565399997,2.223606824874878
13038,68700,106.2541689567,20.674999565399997,1.9762903451919556
13038,68701,106.25833562339999,20.674999565399997,1.6095161437988281
13038,68702,106.26250229009999,20.674999565399997,1.3663933277130127
13038,68703,106.26666895679999,20.674999565399997,0.0
13038,68704,106.27083562349999,20.674999565399997,0.0
13038,68705,106.27500229019999,20.674999565399997,1.3763492107391357
13038,68706,106.2791689569,20.674999565399997,1.4206349849700928
13038,68707,106.2833356236,20.674999565399997,1.5138708353042603
13038,68708,106.2875022903,20.674999565399997,1.5985935926437378
13038,68709,106.291668957,20.674999565399997,1.7953969240188599
13038,68710,106.29583562369999,20.674999565399997,2.4252378940582275
13038,68711,106.30000229039999,20.674999565399997,2.45703125
13038,68712,106.30416895709999,20.674999565399997,2.030952215194702
13038,68713,106.30833562379999,20.674999565399997,2.388871192932129
13038,68714,106.31250229049999,20.674999565399997,2.8817739486694336
13038,68715,106.3166689572,20.674999565399997,2.955573558807373
13038,68716,106.3208356239,20.674999565399997,1.9194914102554321
13038,68717,106.3250022906,20.674999565399997,1.9447458982467651
13038,68718,106.3291689573,20.674999565399997,2.409193515777588
13038,68719,106.33333562399999,20.674999565399997,2.13952374458313
13038,68720,106.33750229069999,20.674999565399997,1.9396666288375854
13038,68721,106.34166895739999,20.674999565399997,2.4207937717437744
13038,68722,106.34583562409999,20.674999565399997,3.0245158672332764
13038,68723,106.35000229079999,20.674999565399997,3.5853450298309326
13038,68724,106.3541689575,20.674999565399997,4.247367858886719
13038,68725,106.3583356242,20.674999565399997,4.242908954620361
13038,68726,106.3625022909,20.674999565399997,3.826909065246582
13038,68727,106.3666689576,20.674999565399997,3.0950846672058105
13038,68728,106.37083562429999,20.674999565399997,2.995084524154663
13038,68729,106.37500229099999,20.674999565399997,3.178225517272949
13038,68730,106.37916895769999,20.674999565399997,3.560161828994751
13038,68731,106.38333562439999,20.674999565399997,4.378709316253662
13038,68732,106.38750229109999,20.674999565399997,5.168000221252441
13038,68733,106.3916689578,20.674999565399997,4.422142505645752
13038,68734,106.3958356245,20.674999565399997,4.039444446563721
13038,68735,106.4000022912,20.674999565399997,3.9567856788635254
13038,68736,106.4041689579,20.674999565399997,3.2011866569519043
13038,68737,106.40833562459999,20.674999565399997,2.528524398803711
13038,68738,106.41250229129999,20.674999565399997,2.0387096405029297
13038,68739,106.41666895799999,20.674999565399997,1.6818645000457764
13038,68740,106.42083562469999,20.674999565399997,1.6654236316680908
13039,68648,106.03750228829999,20.670832898699995,3.250999927520752
13039,68649,106.04166895499999,20.670832898699995,5.137592315673828
13039,68650,106.0458356217,20.670832898699995,8.173090934753418
13039,68651,106.0500022884,20.670832898699995,12.613273620605469
13039,68652,106.0541689551,20.670832898699995,22.727542877197266
13039,68653,106.0583356218,20.670832898699995,26.76258659362793
13039,68654,106.06250228849999,20.670832898699995,18.68016242980957
13039,68655,106.06666895519999,20.670832898699995,13.057242393493652
13039,68656,106.07083562189999,20.670832898699995,9.54532241821289
13039,68657,106.07500228859999,20.670832898699995,7.947288513183594
13039,68658,106.07916895529999,20.670832898699995,5.891929626464844
13039,68659,106.08333562199999,20.670832898699995,4.800727367401123
13039,68660,106.0875022887,20.670832898699995,3.899073839187622
13039,68661,106.0916689554,20.670832898699995,3.2023637294769287
13039,68662,106.0958356221,20.670832898699995,2.7967798709869385
13039,68663,106.1000022888,20.670832898699995,2.681586980819702
13039,68664,106.10416895549999,20.670832898699995,2.6560935974121094
13039,68665,106.10833562219999,20.670832898699995,2.552258253097534
13039,68666,106.11250228889999,20.670832898699995,2.3452460765838623
13039,68667,106.11666895559999,20.670832898699995,2.252166748046875
13039,68668,106.12083562229999,20.670832898699995,2.032419204711914
13039,68669,106.125002289,20.670832898699995,2.258965253829956
13039,68670,106.1291689557,20.670832898699995,2.485245943069458
13039,68671,106.1333356224,20.670832898699995,2.350952625274658
13039,68672,106.1375022891,20.670832898699995,1.9955556392669678
13039,68673,106.14166895579999,20.670832898699995,2.038196563720703
13039,68674,106.14583562249999,20.670832898699995,1.6553332805633545
13039,68675,106.15000228919999,20.670832898699995,1.4001613855361938
13039,68676,106.15416895589999,20.670832898699995,1.468571424484253
13039,68677,106.15833562259999,20.670832898699995,1.4381967782974243
13039,68678,106.1625022893,20.670832898699995,1.4334999322891235
13039,68679,106.166668956,20.670832898699995,1.380500078201294
13039,68680,106.1708356227,20.670832898699995,1.4208333492279053
13039,68681,106.1750022894,20.670832898699995,1.6303447484970093
13039,68682,106.17916895609999,20.670832898699995,2.3501639366149902
13039,68683,106.18333562279999,20.670832898699995,2.287580728530884
13039,68684,106.18750228949999,20.670832898699995,2.0242621898651123
13039,68685,106.19166895619999,20.670832898699995,1.8847540616989136
13039,68686,106.19583562289999,20.670832898699995,1.7144443988800049
13039,68687,106.2000022896,20.670832898699995,1.4924589395523071
13039,68688,106.2041689563,20.670832898699995,1.5621665716171265
13039,68689,106.208335623,20.670832898699995,1.3948332071304321
13039,68690,106.2125022897,20.670832898699995,1.418360710144043
13039,68691,106.21666895639999,20.670832898699995,1.4988332986831665
13039,68692,106.22083562309999,20.670832898699995,1.4360002279281616
13039,68693,106.22500228979999,20.670832898699995,1.3648332357406616
13039,68694,106.22916895649999,20.670832898699995,2.035245895385742
13039,68695,106.23333562319999,20.670832898699995,2.7298333644866943
13039,68696,106.2375022899,20.670832898699995,3.1508772373199463
13039,68697,106.2416689566,20.670832898699995,2.4579310417175293
13039,68698,106.2458356233,20.670832898699995,1.8165000677108765
13039,68699,106.25000229,20.670832898699995,1.8615254163742065
13039,68700,106.2541689567,20.670832898699995,1.8691667318344116
13039,68701,106.25833562339999,20.670832898699995,1.620983600616455
13039,68702,106.26250229009999,20.670832898699995,1.4352458715438843
13039,68703,106.26666895679999,20.670832898699995,1.3925000429153442
13039,68704,106.27083562349999,20.670832898699995,1.3172060251235962
13039,68705,106.27500229019999,20.670832898699995,0.0
13039,68706,106.2791689569,20.670832898699995,1.271451473236084
13039,68707,106.2833356236,20.670832898699995,1.2661902904510498
13039,68708,106.2875022903,20.670832898699995,1.4357812404632568
13039,68709,106.291668957,20.670832898699995,1.829047679901123
13039,68710,106.29583562369999,20.670832898699995,2.3719353675842285
13039,68711,106.30000229039999,20.670832898699995,2.2375385761260986
13039,68712,106.30416895709999,20.670832898699995,1.861692190170288
13039,68713,106.30833562379999,20.670832898699995,1.8090474605560303
13039,68714,106.31250229049999,20.670832898699995,2.1203176975250244
13039,68715,106.3166689572,20.670832898699995,2.033442735671997
13039,68716,106.3208356239,20.670832898699995,2.0737287998199463
13039,68717,106.3250022906,20.670832898699995,2.679333209991455
13039,68718,106.3291689573,20.670832898699995,3.3173768520355225
13039,68719,106.33333562399999,20.670832898699995,2.7283871173858643
13039,68720,106.33750229069999,20.670832898699995,2.0244998931884766
13039,68721,106.34166895739999,20.670832898699995,2.5729687213897705
13039,68722,106.34583562409999,20.670832898699995,2.7415623664855957
13039,68723,106.35000229079999,20.670832898699995,2.698448419570923
13039,68724,106.3541689575,20.670832898699995,2.8608620166778564
13039,68725,106.3583356242,20.670832898699995,3.3362066745758057
13039,68726,106.3625022909,20.670832898699995,4.668499946594238
13039,68727,106.3666689576,20.670832898699995,5.611451625823975
13039,68728,106.37083562429999,20.670832898699995,4.4664998054504395
13039,68729,106.37500229099999,20.670832898699995,3.095593214035034
13039,68730,106.37916895769999,20.670832898699995,3.1076269149780273
13039,68731,106.38333562439999,20.670832898699995,3.0216128826141357
13039,68732,106.38750229109999,20.670832898699995,3.2625865936279297
13039,68733,106.3916689578,20.670832898699995,3.8605263233184814
13039,68734,106.3958356245,20.670832898699995,5.14796257019043
13039,68735,106.4000022912,20.670832898699995,3.60981822013855
13039,68736,106.4041689579,20.670832898699995,2.6482455730438232
13039,68737,106.40833562459999,20.670832898699995,2.687741994857788
13039,68738,106.41250229129999,20.670832898699995,2.5308334827423096
13039,68739,106.41666895799999,20.670832898699995,1.9067798852920532
13039,68740,106.42083562469999,20.670832898699995,1.8686442375183105
13040,68648,106.03750228829999,20.666666231999997,3.7265570163726807
13040,68649,106.04166895499999,20.666666231999997,4.570517063140869
13040,68650,106.0458356217,20.666666231999997,7.100892543792725
13040,68651,106.0500022884,20.666666231999997,12.83315658569336
13040,68652,106.0541689551,20.666666231999997,21.752033233642578
13040,68653,106.0583356218,20.666666231999997,25.272499084472656
13040,68654,106.06250228849999,20.666666231999997,17.849063873291016
13040,68655,106.06666895519999,20.666666231999997,11.684332847595215
13040,68656,106.07083562189999,20.666666231999997,9.858333587646484
13040,68657,106.07500228859999,20.666666231999997,8.120169639587402
13040,68658,106.07916895529999,20.666666231999997,5.03881311416626
13040,68659,106.08333562199999,20.666666231999997,3.8213796615600586
13040,68660,106.0875022887,20.666666231999997,3.328643798828125
13040,68661,106.0916689554,20.666666231999997,2.9596610069274902
13040,68662,106.0958356221,20.666666231999997,2.7051665782928467
13040,68663,106.1000022888,20.666666231999997,0.0
13040,68664,106.10416895549999,20.666666231999997,2.4677419662475586
13040,68665,106.10833562219999,20.666666231999997,2.1040985584259033
13040,68666,106.11250228889999,20.666666231999997,1.9355931282043457
13040,68667,106.11666895559999,20.666666231999997,1.9131035804748535
13040,68668,106.12083562229999,20.666666231999997,2.108032703399658
13040,68669,106.125002289,20.666666231999997,2.686885356903076
13040,68670,106.1291689557,20.666666231999997,3.241093873977661
13040,68671,106.1333356224,20.666666231999997,3.084775924682617
13040,68672,106.1375022891,20.666666231999997,2.633650779724121
13040,68673,106.14166895579999,20.666666231999997,2.3390324115753174
13040,68674,106.14583562249999,20.666666231999997,2.1356894969940186
13040,68675,106.15000228919999,20.666666231999997,2.2725424766540527
13040,68676,106.15416895589999,20.666666231999997,2.0875000953674316
13040,68677,106.15833562259999,20.666666231999997,1.4901665449142456
13040,68678,106.1625022893,20.666666231999997,1.3240677118301392
13040,68679,106.166668956,20.666666231999997,1.3226231336593628
13040,68680,106.1708356227,20.666666231999997,1.4473769664764404
13040,68681,106.1750022894,20.666666231999997,1.5648274421691895
13040,68682,106.17916895609999,20.666666231999997,1.686935544013977
13040,68683,106.18333562279999,20.666666231999997,1.614920735359192
13040,68684,106.18750228949999,20.666666231999997,1.571250081062317
13040,68685,106.19166895619999,20.666666231999997,1.6549205780029297
13040,68686,106.19583562289999,20.666666231999997,1.7127870321273804
13040,68687,106.2000022896,20.666666231999997,1.4153332710266113
13040,68688,106.2041689563,20.666666231999997,1.3140323162078857
13040,68689,106.208335623,20.666666231999997,1.2093219757080078
13040,68690,106.2125022897,20.666666231999997,1.1898332834243774
13040,68691,106.21666895639999,20.666666231999997,1.2531033754348755
13040,68692,106.22083562309999,20.666666231999997,1.347666621208191
13040,68693,106.22500228979999,20.666666231999997,1.4282758235931396
13040,68694,106.22916895649999,20.666666231999997,1.873500108718872
13040,68695,106.23333562319999,20.666666231999997,2.7554385662078857
13040,68696,106.2375022899,20.666666231999997,3.1305174827575684
13040,68697,106.2416689566,20.666666231999997,2.2984747886657715
13040,68698,106.2458356233,20.666666231999997,1.77864408493042
13040,68699,106.25000229,20.666666231999997,1.7768852710723877
13040,68700,106.2541689567,20.666666231999997,1.739672064781189
13040,68701,106.25833562339999,20.666666231999997,1.638281226158142
13040,68702,106.26250229009999,20.666666231999997,1.575757622718811
13040,68703,106.26666895679999,20.666666231999997,1.4752857685089111
13040,68704,106.27083562349999,20.666666231999997,1.4725757837295532
13040,68705,106.27500229019999,20.666666231999997,0.0
13040,68706,106.2791689569,20.666666231999997,0.0
13040,68707,106.2833356236,20.666666231999997,1.2660655975341797
13040,68708,106.2875022903,20.666666231999997,1.4427419900894165
13040,68709,106.291668957,20.666666231999997,1.6367741823196411
13040,68710,106.29583562369999,20.666666231999997,1.8254685401916504
13040,68711,106.30000229039999,20.666666231999997,1.8029230833053589
13040,68712,106.30416895709999,20.666666231999997,1.6625001430511475
13040,68713,106.30833562379999,20.666666231999997,1.574920654296875
13040,68714,106.31250229049999,20.666666231999997,1.6030646562576294
13040,68715,106.3166689572,20.666666231999997,1.9183605909347534
13040,68716,106.3208356239,20.666666231999997,2.442666530609131
13040,68717,106.3250022906,20.666666231999997,3.212698221206665
13040,68718,106.3291689573,20.666666231999997,3.812307834625244
13040,68719,106.33333562399999,20.666666231999997,2.931774377822876
13040,68720,106.33750229069999,20.666666231999997,2.283548355102539
13040,68721,106.34166895739999,20.666666231999997,2.170952558517456
13040,68722,106.34583562409999,20.666666231999997,2.0836923122406006
13040,68723,106.35000229079999,20.666666231999997,1.8218332529067993
13040,68724,106.3541689575,20.666666231999997,1.831034541130066
13040,68725,106.3583356242,20.666666231999997,2.467413902282715
13040,68726,106.3625022909,20.666666231999997,4.034236907958984
13040,68727,106.3666689576,20.666666231999997,5.350833415985107
13040,68728,106.37083562429999,20.666666231999997,3.8003387451171875
13040,68729,106.37500229099999,20.666666231999997,2.3468964099884033
13040,68730,106.37916895769999,20.666666231999997,2.1844825744628906
13040,68731,106.38333562439999,20.666666231999997,2.7243332862854004
13040,68732,106.38750229109999,20.666666231999997,3.7871429920196533
13040,68733,106.3916689578,20.666666231999997,5.043035984039307
13040,68734,106.3958356245,20.666666231999997,6.177857398986816
13040,68735,106.4000022912,20.666666231999997,3.8333895206451416
13040,68736,106.4041689579,20.666666231999997,2.49649977684021
13040,68737,106.40833562459999,20.666666231999997,2.621333360671997
13040,68738,106.41250229129999,20.666666231999997,3.2855172157287598
13040,68739,106.41666895799999,20.666666231999997,2.9517858028411865
13040,68740,106.42083562469999,20.666666231999997,2.3012726306915283
13040,68741,106.42500229139999,20.666666231999997,1.9613333940505981
13040,68742,106.42916895809999,20.666666231999997,1.820923089981079
13041,68648,106.03750228829999,20.662499565299996,5.373166561126709
13041,68649,106.04166895499999,20.662499565299996,5.560333251953125
13041,68650,106.0458356217,20.662499565299996,7.558333396911621
13041,68651,106.0500022884,20.662499565299996,14.979108810424805
13041,68652,106.0541689551,20.662499565299996,20.11590003967285
13041,68653,106.0583356218,20.662499565299996,24.043333053588867
13041,68654,106.06250228849999,20.662499565299996,19.522459030151367
13041,68655,106.06666895519999,20.662499565299996,11.336666107177734
13041,68656,106.07083562189999,20.662499565299996,9.732930183410645
13041,68657,106.07500228859999,20.662499565299996,8.720174789428711
13041,68658,106.07916895529999,20.662499565299996,5.209123134613037
13041,68659,106.08333562199999,20.662499565299996,3.5453572273254395
13041,68660,106.0875022887,20.662499565299996,3.0781352519989014
13041,68661,106.0916689554,20.662499565299996,2.9081966876983643
13041,68662,106.0958356221,20.662499565299996,2.6157376766204834
13041,68663,106.1000022888,20.662499565299996,2.686406373977661
13041,68664,106.10416895549999,20.662499565299996,2.847377300262451
13041,68665,106.10833562219999,20.662499565299996,2.411111354827881
13041,68666,106.11250228889999,20.662499565299996,1.969649076461792
13041,68667,106.11666895559999,20.662499565299996,1.9164408445358276
13041,68668,106.12083562229999,20.662499565299996,2.0868334770202637
13041,68669,106.125002289,20.662499565299996,2.5281355381011963
13041,68670,106.1291689557,20.662499565299996,3.122131586074829
13041,68671,106.1333356224,20.662499565299996,3.486393451690674
13041,68672,106.1375022891,20.662499565299996,2.8566129207611084
13041,68673,106.14166895579999,20.662499565299996,2.458125114440918
13041,68674,106.14583562249999,20.662499565299996,2.7447457313537598
13041,68675,106.15000228919999,20.662499565299996,3.108813524246216
13041,68676,106.15416895589999,20.662499565299996,2.788983106613159
13041,68677,106.15833562259999,20.662499565299996,2.1384482383728027
13041,68678,106.1625022893,20.662499565299996,1.61899995803833
13041,68679,106.166668956,20.662499565299996,1.6804916858673096
13041,68680,106.1708356227,20.662499565299996,1.7403333187103271
13041,68681,106.1750022894,20.662499565299996,1.5288524627685547
13041,68682,106.17916895609999,20.662499565299996,1.4729031324386597
13041,68683,106.18333562279999,20.662499565299996,1.5519356727600098
13041,68684,106.18750228949999,20.662499565299996,1.6236507892608643
13041,68685,106.19166895619999,20.662499565299996,1.6607810258865356
13041,68686,106.19583562289999,20.662499565299996,1.6855934858322144
13041,68687,106.2000022896,20.662499565299996,1.5596719980239868
13041,68688,106.2041689563,20.662499565299996,1.314918041229248
13041,68689,106.208335623,20.662499565299996,0.0
13041,68690,106.2125022897,20.662499565299996,0.0
13041,68691,106.21666895639999,20.662499565299996,0.0
13041,68692,106.22083562309999,20.662499565299996,1.3790165185928345
13041,68693,106.22500228979999,20.662499565299996,1.559016227722168
13041,68694,106.22916895649999,20.662499565299996,1.8793443441390991
13041,68695,106.23333562319999,20.662499565299996,2.794736623764038
13041,68696,106.2375022899,20.662499565299996,3.0689284801483154
13041,68697,106.2416689566,20.662499565299996,2.52913761138916
13041,68698,106.2458356233,20.662499565299996,2.2329823970794678
13041,68699,106.25000229,20.662499565299996,1.945737600326538
13041,68700,106.2541689567,20.662499565299996,1.8009676933288574
13041,68701,106.25833562339999,20.662499565299996,1.8133845329284668
13041,68702,106.26250229009999,20.662499565299996,1.669090986251831
13041,68703,106.26666895679999,20.662499565299996,1.6389553546905518
13041,68704,106.27083562349999,20.662499565299996,1.48285710811615
13041,68705,106.27500229019999,20.662499565299996,1.3677048683166504
13041,68706,106.2791689569,20.662499565299996,1.3293441534042358
13041,68707,106.2833356236,20.662499565299996,1.380000114440918
13041,68708,106.2875022903,20.662499565299996,1.5764515399932861
13041,68709,106.291668957,20.662499565299996,1.6180953979492188
13041,68710,106.29583562369999,20.662499565299996,1.683809518814087
13041,68711,106.30000229039999,20.662499565299996,2.0253968238830566
13041,68712,106.30416895709999,20.662499565299996,2.218125104904175
13041,68713,106.30833562379999,20.662499565299996,2.0833332538604736
13041,68714,106.31250229049999,20.662499565299996,1.9884127378463745
13041,68715,106.3166689572,20.662499565299996,2.3442623615264893
13041,68716,106.3208356239,20.662499565299996,3.114516019821167
13041,68717,106.3250022906,20.662499565299996,3.9139339923858643
13041,68718,106.3291689573,20.662499565299996,4.1045308113098145
13041,68719,106.33333562399999,20.662499565299996,3.6490321159362793
13041,68720,106.33750229069999,20.662499565299996,3.569671869277954
13041,68721,106.34166895739999,20.662499565299996,3.11078143119812
13041,68722,106.34583562409999,20.662499565299996,2.2799999713897705
13041,68723,106.35000229079999,20.662499565299996,1.944762110710144
13041,68724,106.3541689575,20.662499565299996,1.8436065912246704
13041,68725,106.3583356242,20.662499565299996,1.90666663646698
13041,68726,106.3625022909,20.662499565299996,2.3801753520965576
13041,68727,106.3666689576,20.662499565299996,2.7560715675354004
13041,68728,106.37083562429999,20.662499565299996,2.2451722621917725
13041,68729,106.37500229099999,20.662499565299996,1.7705084085464478
13041,68730,106.37916895769999,20.662499565299996,1.9351787567138672
13041,68731,106.38333562439999,20.662499565299996,2.3175439834594727
13041,68732,106.38750229109999,20.662499565299996,2.8957407474517822
13041,68733,106.3916689578,20.662499565299996,3.4616665840148926
13041,68734,106.3958356245,20.662499565299996,3.8416073322296143
13041,68735,106.4000022912,20.662499565299996,2.9716391563415527
13041,68736,106.4041689579,20.662499565299996,2.3447539806365967
13041,68737,106.40833562459999,20.662499565299996,3.3447368144989014
13041,68738,106.41250229129999,20.662499565299996,4.768703937530518
13041,68739,106.41666895799999,20.662499565299996,4.921666622161865
13041,68740,106.42083562469999,20.662499565299996,3.402222156524658
13041,68741,106.42500229139999,20.662499565299996,2.280172348022461
13041,68742,106.42916895809999,20.662499565299996,2.160475969314575
13041,68743,106.4333356248,20.662499565299996,2.6410000324249268
13042,68648,106.03750228829999,20.658332898599998,6.331551551818848
13042,68649,106.04166895499999,20.658332898599998,6.15017557144165
13042,68650,106.0458356217,20.658332898599998,10.657678604125977
13042,68651,106.0500022884,20.658332898599998,20.2917537689209
13042,68652,106.0541689551,20.658332898599998,25.8704776763916
13042,68653,106.0583356218,20.658332898599998,27.666362762451172
13042,68654,106.06250228849999,20.658332898599998,22.435808181762695
13042,68655,106.06666895519999,20.658332898599998,12.993114471435547
13042,68656,106.07083562189999,20.658332898599998,11.082982063293457
13042,68657,106.07500228859999,20.658332898599998,11.397406578063965
13042,68658,106.07916895529999,20.658332898599998,6.904911518096924
13042,68659,106.08333562199999,20.658332898599998,4.337627410888672
13042,68660,106.0875022887,20.658332898599998,3.3720338344573975
13042,68661,106.0916689554,20.658332898599998,2.873166799545288
13042,68662,106.0958356221,20.658332898599998,2.5213115215301514
13042,68663,106.1000022888,20.658332898599998,2.599677324295044
13042,68664,106.10416895549999,20.658332898599998,2.7603282928466797
13042,68665,106.10833562219999,20.658332898599998,2.8059678077697754
13042,68666,106.11250228889999,20.658332898599998,2.827666759490967
13042,68667,106.11666895559999,20.658332898599998,2.858524799346924
13042,68668,106.12083562229999,20.658332898599998,3.002999782562256
13042,68669,106.125002289,20.658332898599998,3.720689535140991
13042,68670,106.1291689557,20.658332898599998,3.6449151039123535
13042,68671,106.1333356224,20.658332898599998,3.759838581085205
13042,68672,106.1375022891,20.658332898599998,2.8091936111450195
13042,68673,106.14166895579999,20.658332898599998,2.329047679901123
13042,68674,106.14583562249999,20.658332898599998,2.5246667861938477
13042,68675,106.15000228919999,20.658332898599998,3.0158333778381348
13042,68676,106.15416895589999,20.658332898599998,3.244999885559082
13042,68677,106.15833562259999,20.658332898599998,2.4147539138793945
13042,68678,106.1625022893,20.658332898599998,1.9019298553466797
13042,68679,106.166668956,20.658332898599998,1.7582758665084839
13042,68680,106.1708356227,20.658332898599998,1.7946665287017822
13042,68681,106.1750022894,20.658332898599998,1.5677777528762817
13042,68682,106.17916895609999,20.658332898599998,1.4991936683654785
13042,68683,106.18333562279999,20.658332898599998,0.0
13042,68684,106.18750228949999,20.658332898599998,1.5511291027069092
13042,68685,106.19166895619999,20.658332898599998,1.3830000162124634
13042,68686,106.19583562289999,20.658332898599998,1.376508116722107
13042,68687,106.2000022896,20.658332898599998,1.3973770141601562
13042,68688,106.2041689563,20.658332898599998,1.2023333311080933
13042,68689,106.208335623,20.658332898599998,0.0
13042,68690,106.2125022897,20.658332898599998,0.0
13042,68691,106.21666895639999,20.658332898599998,0.0
13042,68692,106.22083562309999,20.658332898599998,1.3711665868759155
13042,68693,106.22500228979999,20.658332898599998,1.6235089302062988
13042,68694,106.22916895649999,20.658332898599998,1.841967225074768
13042,68695,106.23333562319999,20.658332898599998,3.048032760620117
13042,68696,106.2375022899,20.658332898599998,3.8493220806121826
13042,68697,106.2416689566,20.658332898599998,3.299499988555908
13042,68698,106.2458356233,20.658332898599998,2.6607143878936768
13042,68699,106.25000229,20.658332898599998,2.177999973297119
13042,68700,106.2541689567,20.658332898599998,1.8976190090179443
13042,68701,106.25833562339999,20.658332898599998,1.9071210622787476
13042,68702,106.26250229009999,20.658332898599998,2.232121229171753
13042,68703,106.26666895679999,20.658332898599998,2.546769380569458
13042,68704,106.27083562349999,20.658332898599998,1.8272581100463867
13042,68705,106.27500229019999,20.658332898599998,1.5001639127731323
13042,68706,106.2791689569,20.658332898599998,1.6272130012512207
13042,68707,106.2833356236,20.658332898599998,1.6874194145202637
13042,68708,106.2875022903,20.658332898599998,1.8332785367965698
13042,68709,106.291668957,20.658332898599998,1.6347692012786865
13042,68710,106.29583562369999,20.658332898599998,1.574769139289856
13042,68711,106.30000229039999,20.658332898599998,2.0071873664855957
13042,68712,106.30416895709999,20.658332898599998,2.4578464031219482
13042,68713,106.30833562379999,20.658332898599998,2.464768886566162
13042,68714,106.31250229049999,20.658332898599998,2.138000011444092
13042,68715,106.3166689572,20.658332898599998,2.416349172592163
13042,68716,106.3208356239,20.658332898599998,3.3195159435272217
13042,68717,106.3250022906,20.658332898599998,4.267343521118164
13042,68718,106.3291689573,20.658332898599998,4.249047756195068
13042,68719,106.33333562399999,20.658332898599998,3.5889999866485596
13042,68720,106.33750229069999,20.658332898599998,3.7067792415618896
13042,68721,106.34166895739999,20.658332898599998,3.0907936096191406
13042,68722,106.34583562409999,20.658332898599998,2.4696922302246094
13042,68723,106.35000229079999,20.658332898599998,2.3979997634887695
13042,68724,106.3541689575,20.658332898599998,2.6466102600097656
13042,68725,106.3583356242,20.658332898599998,2.8789827823638916
13042,68726,106.3625022909,20.658332898599998,2.7771666049957275
13042,68727,106.3666689576,20.658332898599998,2.181896686553955
13042,68728,106.37083562429999,20.658332898599998,1.9191526174545288
13042,68729,106.37500229099999,20.658332898599998,1.7811477184295654
13042,68730,106.37916895769999,20.658332898599998,1.9291377067565918
13042,68731,106.38333562439999,20.658332898599998,1.8782141208648682
13042,68732,106.38750229109999,20.658332898599998,1.6924073696136475
13042,68733,106.3916689578,20.658332898599998,1.80264151096344
13042,68734,106.3958356245,20.658332898599998,2.103091239929199
13042,68735,106.4000022912,20.658332898599998,2.04894757270813
13042,68736,106.4041689579,20.658332898599998,2.2619643211364746
13042,68737,106.40833562459999,20.658332898599998,3.713750123977661
13042,68738,106.41250229129999,20.658332898599998,5.610893249511719
13042,68739,106.41666895799999,20.658332898599998,5.786038398742676
13042,68740,106.42083562469999,20.658332898599998,4.138392925262451
13042,68741,106.42500229139999,20.658332898599998,3.3481035232543945
13042,68742,106.42916895809999,20.658332898599998,3.6147539615631104
13042,68743,106.4333356248,20.658332898599998,6.309017181396484
13042,68744,106.4375022915,20.658332898599998,7.786271572113037
13043,68648,106.03750228829999,20.654166231899996,4.932857036590576
13043,68649,106.04166895499999,20.654166231899996,5.362545490264893
13043,68650,106.0458356217,20.654166231899996,8.565789222717285
13043,68651,106.0500022884,20.654166231899996,16.59305191040039
13043,68652,106.0541689551,20.654166231899996,21.584836959838867
13043,68653,106.0583356218,20.654166231899996,25.602903366088867
13043,68654,106.06250228849999,20.654166231899996,20.06133460998535
13043,68655,106.06666895519999,20.654166231899996,15.038793563842773
13043,68656,106.07083562189999,20.654166231899996,14.141724586486816
13043,68657,106.07500228859999,20.654166231899996,12.01642894744873
13043,68658,106.07916895529999,20.654166231899996,7.60796594619751
13043,68659,106.08333562199999,20.654166231899996,5.088772296905518
13043,68660,106.0875022887,20.654166231899996,3.916428327560425
13043,68661,106.0916689554,20.654166231899996,3.4835596084594727
13043,68662,106.0958356221,20.654166231899996,2.8806557655334473
13043,68663,106.1000022888,20.654166231899996,2.796393394470215
13043,68664,106.10416895549999,20.654166231899996,2.9531147480010986
13043,68665,106.10833562219999,20.654166231899996,3.2100000381469727
13043,68666,106.11250228889999,20.654166231899996,3.4600002765655518
13043,68667,106.11666895559999,20.654166231899996,3.549999952316284
13043,68668,106.12083562229999,20.654166231899996,4.0063934326171875
13043,68669,106.125002289,20.654166231899996,4.473051071166992
13043,68670,106.1291689557,20.654166231899996,3.8398303985595703
13043,68671,106.1333356224,20.654166231899996,3.4835000038146973
13043,68672,106.1375022891,20.654166231899996,2.5425806045532227
13043,68673,106.14166895579999,20.654166231899996,2.174032211303711
13043,68674,106.14583562249999,20.654166231899996,2.0876665115356445
13043,68675,106.15000228919999,20.654166231899996,2.38789439201355
13043,68676,106.15416895589999,20.654166231899996,2.9356143474578857
13043,68677,106.15833562259999,20.654166231899996,2.624499797821045
13043,68678,106.1625022893,20.654166231899996,2.30483341217041
13043,68679,106.166668956,20.654166231899996,2.631864309310913
13043,68680,106.1708356227,20.654166231899996,2.471935510635376
13043,68681,106.1750022894,20.654166231899996,1.7123438119888306
13043,68682,106.17916895609999,20.654166231899996,1.456923007965088
13043,68683,106.18333562279999,20.654166231899996,1.3887302875518799
13043,68684,106.18750228949999,20.654166231899996,1.4049205780029297
13043,68685,106.19166895619999,20.654166231899996,1.5174192190170288
13043,68686,106.19583562289999,20.654166231899996,1.6717742681503296
13043,68687,106.2000022896,20.654166231899996,1.4698386192321777
13043,68688,106.2041689563,20.654166231899996,1.3169492483139038
13043,68689,106.208335623,20.654166231899996,1.4035593271255493
13043,68690,106.2125022897,20.654166231899996,1.5926315784454346
13043,68691,106.21666895639999,20.654166231899996,0.0
13043,68692,106.22083562309999,20.654166231899996,1.350000023841858
13043,68693,106.22500228979999,20.654166231899996,1.4399999380111694
13043,68694,106.22916895649999,20.654166231899996,1.7101613283157349
13043,68695,106.23333562319999,20.654166231899996,2.7427868843078613
13043,68696,106.2375022899,20.654166231899996,3.36466646194458
13043,68697,106.2416689566,20.654166231899996,3.004333257675171
13043,68698,106.2458356233,20.654166231899996,2.3373682498931885
13043,68699,106.25000229,20.654166231899996,1.8430355787277222
13043,68700,106.2541689567,20.654166231899996,1.6413558721542358
13043,68701,106.25833562339999,20.654166231899996,1.861384630203247
13043,68702,106.26250229009999,20.654166231899996,2.3774242401123047
13043,68703,106.26666895679999,20.654166231899996,3.1242427825927734
13043,68704,106.27083562349999,20.654166231899996,2.535076856613159
13043,68705,106.27500229019999,20.654166231899996,1.9220967292785645
13043,68706,106.2791689569,20.654166231899996,1.86380934715271
13043,68707,106.2833356236,20.654166231899996,0.0
13043,68708,106.2875022903,20.654166231899996,0.0
13043,68709,106.291668957,20.654166231899996,1.689846158027649
13043,68710,106.29583562369999,20.654166231899996,1.524687647819519
13043,68711,106.30000229039999,20.654166231899996,2.0438461303710938
13043,68712,106.30416895709999,20.654166231899996,2.5614705085754395
13043,68713,106.30833562379999,20.654166231899996,2.5222055912017822
13043,68714,106.31250229049999,20.654166231899996,2.4415385723114014
13043,68715,106.3166689572,20.654166231899996,2.7668752670288086
13043,68716,106.3208356239,20.654166231899996,3.0515873432159424
13043,68717,106.3250022906,20.654166231899996,3.840158700942993
13043,68718,106.3291689573,20.654166231899996,4.10080623626709
13043,68719,106.33333562399999,20.654166231899996,3.4278335571289062
13043,68720,106.33750229069999,20.654166231899996,3.175344705581665
13043,68721,106.34166895739999,20.654166231899996,2.52734375
13043,68722,106.34583562409999,20.654166231899996,2.4046270847320557
13043,68723,106.35000229079999,20.654166231899996,2.7959678173065186
13043,68724,106.3541689575,20.654166231899996,3.6526668071746826
13043,68725,106.3583356242,20.654166231899996,3.934915542602539
13043,68726,106.3625022909,20.654166231899996,3.7724995613098145
13043,68727,106.3666689576,20.654166231899996,2.9271931648254395
13043,68728,106.37083562429999,20.654166231899996,2.300689697265625
13043,68729,106.37500229099999,20.654166231899996,2.412806987762451
13043,68730,106.37916895769999,20.654166231899996,2.774911880493164
13043,68731,106.38333562439999,20.654166231899996,2.2720370292663574
13043,68732,106.38750229109999,20.654166231899996,1.8596491813659668
13043,68733,106.3916689578,20.654166231899996,2.0944645404815674
13043,68734,106.3958356245,20.654166231899996,2.3261404037475586
13043,68735,106.4000022912,20.654166231899996,3.137894630432129
13043,68736,106.4041689579,20.654166231899996,3.455713987350464
13043,68737,106.40833562459999,20.654166231899996,3.9437501430511475
13043,68738,106.41250229129999,20.654166231899996,4.491551399230957
13043,68739,106.41666895799999,20.654166231899996,4.0929999351501465
13043,68740,106.42083562469999,20.654166231899996,3.550666570663452
13043,68741,106.42500229139999,20.654166231899996,4.381864547729492
13043,68742,106.42916895809999,20.654166231899996,5.883898735046387
13043,68743,106.4333356248,20.654166231899996,10.209152221679688
13043,68744,106.4375022915,20.654166231899996,15.528475761413574
13043,68745,106.4416689582,20.654166231899996,11.89862060546875
13044,68647,106.03333562159999,20.649999565199998,4.232982635498047
13044,68648,106.03750228829999,20.649999565199998,4.211379528045654
13044,68649,106.04166895499999,20.649999565199998,5.109463691711426
13044,68650,106.0458356217,20.649999565199998,6.10830545425415
13044,68651,106.0500022884,20.649999565199998,8.962543487548828
13044,68652,106.0541689551,20.649999565199998,12.63806438446045
13044,68653,106.0583356218,20.649999565199998,14.640000343322754
13044,68654,106.06250228849999,20.649999565199998,12.596189498901367
13044,68655,106.06666895519999,20.649999565199998,11.81128978729248
13044,68656,106.07083562189999,20.649999565199998,11.698225975036621
13044,68657,106.07500228859999,20.649999565199998,9.816983222961426
13044,68658,106.07916895529999,20.649999565199998,8.158197402954102
13044,68659,106.08333562199999,20.649999565199998,7.319000244140625
13044,68660,106.0875022887,20.649999565199998,5.3722944259643555
13044,68661,106.0916689554,20.649999565199998,4.548166751861572
13044,68662,106.0958356221,20.649999565199998,3.771355628967285
13044,68663,106.1000022888,20.649999565199998,3.376610279083252
13044,68664,106.10416895549999,20.649999565199998,3.3220338821411133
13044,68665,106.10833562219999,20.649999565199998,3.565666675567627
13044,68666,106.11250228889999,20.649999565199998,3.9009838104248047
13044,68667,106.11666895559999,20.649999565199998,3.7073769569396973
13044,68668,106.12083562229999,20.649999565199998,3.1796774864196777
13044,68669,106.125002289,20.649999565199998,3.1735482215881348
13044,68670,106.1291689557,20.649999565199998,3.292903184890747
13044,68671,106.1333356224,20.649999565199998,3.263749837875366
13044,68672,106.1375022891,20.649999565199998,3.052258253097534
13044,68673,106.14166895579999,20.649999565199998,2.825517416000366
13044,68674,106.14583562249999,20.649999565199998,2.471579074859619
13044,68675,106.15000228919999,20.649999565199998,2.097017526626587
13044,68676,106.15416895589999,20.649999565199998,2.2694544792175293
13044,68677,106.15833562259999,20.649999565199998,2.557499647140503
13044,68678,106.1625022893,20.649999565199998,2.602295160293579
13044,68679,106.166668956,20.649999565199998,3.0598387718200684
13044,68680,106.1708356227,20.649999565199998,2.9461288452148438
13044,68681,106.1750022894,20.649999565199998,2.0760936737060547
13044,68682,106.17916895609999,20.649999565199998,1.6271874904632568
13044,68683,106.18333562279999,20.649999565199998,1.5142624378204346
13044,68684,106.18750228949999,20.649999565199998,1.371166706085205
13044,68685,106.19166895619999,20.649999565199998,1.4534919261932373
13044,68686,106.19583562289999,20.649999565199998,1.5488890409469604
13044,68687,106.2000022896,20.649999565199998,1.5343750715255737
13044,68688,106.2041689563,20.649999565199998,0.0
13044,68689,106.208335623,20.649999565199998,0.0
13044,68690,106.2125022897,20.649999565199998,0.0
13044,68691,106.21666895639999,20.649999565199998,0.0
13044,68692,106.22083562309999,20.649999565199998,0.0
13044,68693,106.22500228979999,20.649999565199998,1.4563933610916138
13044,68694,106.22916895649999,20.649999565199998,1.686551809310913
13044,68695,106.23333562319999,20.649999565199998,2.025322675704956
13044,68696,106.2375022899,20.649999565199998,2.320983409881592
13044,68697,106.2416689566,20.649999565199998,2.119206190109253
13044,68698,106.2458356233,20.649999565199998,1.595409870147705
13044,68699,106.25000229,20.649999565199998,1.4206780195236206
13044,68700,106.2541689567,20.649999565199998,1.3878687620162964
13044,68701,106.25833562339999,20.649999565199998,1.6255384683609009
13044,68702,106.26250229009999,20.649999565199998,2.038461685180664
13044,68703,106.26666895679999,20.649999565199998,2.2372307777404785
13044,68704,106.27083562349999,20.649999565199998,2.234394073486328
13044,68705,106.27500229019999,20.649999565199998,1.961212158203125
13044,68706,106.2791689569,20.649999565199998,1.7374602556228638
13044,68707,106.2833356236,20.649999565199998,1.6609523296356201
13044,68708,106.2875022903,20.649999565199998,1.733809471130371
13044,68709,106.291668957,20.649999565199998,1.7085716724395752
13044,68710,106.29583562369999,20.649999565199998,1.6188524961471558
13044,68711,106.30000229039999,20.649999565199998,2.212343692779541
13044,68712,106.30416895709999,20.649999565199998,2.620447874069214
13044,68713,106.30833562379999,20.649999565199998,2.7188403606414795
13044,68714,106.31250229049999,20.649999565199998,3.154545307159424
13044,68715,106.3166689572,20.649999565199998,3.4459376335144043
13044,68716,106.3208356239,20.649999565199998,3.355156421661377
13044,68717,106.3250022906,20.649999565199998,3.7357144355773926
13044,68718,106.3291689573,20.649999565199998,4.765872955322266
13044,68719,106.33333562399999,20.649999565199998,4.193333148956299
13044,68720,106.33750229069999,20.649999565199998,2.892711639404297
13044,68721,106.34166895739999,20.649999565199998,2.257499933242798
13044,68722,106.34583562409999,20.649999565199998,2.1432814598083496
13044,68723,106.35000229079999,20.649999565199998,2.6458065509796143
13044,68724,106.3541689575,20.649999565199998,3.314666748046875
13044,68725,106.3583356242,20.649999565199998,3.183103322982788
13044,68726,106.3625022909,20.649999565199998,2.938333034515381
13044,68727,106.3666689576,20.649999565199998,3.334444284439087
13044,68728,106.37083562429999,20.649999565199998,2.8980703353881836
13044,68729,106.37500229099999,20.649999565199998,2.9635088443756104
13044,68730,106.37916895769999,20.649999565199998,2.9091525077819824
13044,68731,106.38333562439999,20.649999565199998,2.455272674560547
13044,68732,106.38750229109999,20.649999565199998,2.4350876808166504
13044,68733,106.3916689578,20.649999565199998,2.638214111328125
13044,68734,106.3958356245,20.649999565199998,2.7563161849975586
13044,68735,106.4000022912,20.649999565199998,3.95105242729187
13044,68736,106.4041689579,20.649999565199998,5.19857120513916
13044,68737,106.40833562459999,20.649999565199998,4.234736919403076
13044,68738,106.41250229129999,20.649999565199998,3.0940351486206055
13044,68739,106.41666895799999,20.649999565199998,3.0671186447143555
13044,68740,106.42083562469999,20.649999565199998,3.922881603240967
13044,68741,106.42500229139999,20.649999565199998,5.700000286102295
13044,68742,106.42916895809999,20.649999565199998,5.986896514892578
13044,68743,106.4333356248,20.649999565199998,8.388595581054688
13044,68744,106.4375022915,20.649999565199998,17.60456085205078
13044,68745,106.4416689582,20.649999565199998,16.969655990600586
13045,68647,106.03333562159999,20.645832898499997,3.633934736251831
13045,68648,106.03750228829999,20.645832898499997,4.306666374206543
13045,68649,106.04166895499999,20.645832898499997,6.156440734863281
13045,68650,106.0458356217,20.645832898499997,7.176034927368164
13045,68651,106.0500022884,20.645832898499997,8.825789451599121
13045,68652,106.0541689551,20.645832898499997,10.497586250305176
13045,68653,106.0583356218,20.645832898499997,11.070769309997559
13045,68654,106.06250228849999,20.645832898499997,8.876615524291992
13045,68655,106.06666895519999,20.645832898499997,8.041129112243652
13045,68656,106.07083562189999,20.645832898499997,6.300161838531494
13045,68657,106.07500228859999,20.645832898499997,5.648094654083252
13045,68658,106.07916895529999,20.645832898499997,6.099839210510254
13045,68659,106.08333562199999,20.645832898499997,6.418524265289307
13045,68660,106.0875022887,20.645832898499997,6.014098644256592
13045,68661,106.0916689554,20.645832898499997,5.299999713897705
13045,68662,106.0958356221,20.645832898499997,4.615253925323486
13045,68663,106.1000022888,20.645832898499997,3.7893335819244385
13045,68664,106.10416895549999,20.645832898499997,3.6701693534851074
13045,68665,106.10833562219999,20.645832898499997,3.662806987762451
13045,68666,106.11250228889999,20.645832898499997,4.031754016876221
13045,68667,106.11666895559999,20.645832898499997,3.995593547821045
13045,68668,106.12083562229999,20.645832898499997,3.4237287044525146
13045,68669,106.125002289,20.645832898499997,2.866129159927368
13045,68670,106.1291689557,20.645832898499997,2.8830771446228027
13045,68671,106.1333356224,20.645832898499997,3.496666669845581
13045,68672,106.1375022891,20.645832898499997,3.790769338607788
13045,68673,106.14166895579999,20.645832898499997,3.8566126823425293
13045,68674,106.14583562249999,20.645832898499997,3.132786989212036
13045,68675,106.15000228919999,20.645832898499997,2.3055737018585205
13045,68676,106.15416895589999,20.645832898499997,2.2849152088165283
13045,68677,106.15833562259999,20.645832898499997,2.1910345554351807
13045,68678,106.1625022893,20.645832898499997,2.2953333854675293
13045,68679,106.166668956,20.645832898499997,2.5644068717956543
13045,68680,106.1708356227,20.645832898499997,2.5266129970550537
13045,68681,106.1750022894,20.645832898499997,2.0345311164855957
13045,68682,106.17916895609999,20.645832898499997,1.6804839372634888
13045,68683,106.18333562279999,20.645832898499997,1.627868890762329
13045,68684,106.18750228949999,20.645832898499997,1.4754999876022339
13045,68685,106.19166895619999,20.645832898499997,1.3755738735198975
13045,68686,106.19583562289999,20.645832898499997,1.3555737733840942
13045,68687,106.2000022896,20.645832898499997,0.0
13045,68688,106.2041689563,20.645832898499997,0.0
13045,68689,106.208335623,20.645832898499997,0.0
13045,68690,106.2125022897,20.645832898499997,0.0
13045,68691,106.21666895639999,20.645832898499997,1.4459999799728394
13045,68692,106.22083562309999,20.645832898499997,1.4604839086532593
13045,68693,106.22500228979999,20.645832898499997,1.5645763874053955
13045,68694,106.22916895649999,20.645832898499997,1.6332757472991943
13045,68695,106.23333562319999,20.645832898499997,1.5612698793411255
13045,68696,106.2375022899,20.645832898499997,1.668360710144043
13045,68697,106.2416689566,20.645832898499997,1.7071428298950195
13045,68698,106.2458356233,20.645832898499997,1.4427870512008667
13045,68699,106.25000229,20.645832898499997,1.312459111213684
13045,68700,106.2541689567,20.645832898499997,1.2757376432418823
13045,68701,106.25833562339999,20.645832898499997,1.4730159044265747
13045,68702,106.26250229009999,20.645832898499997,1.8880952596664429
13045,68703,106.26666895679999,20.645832898499997,2.0643749237060547
13045,68704,106.27083562349999,20.645832898499997,2.137812376022339
13045,68705,106.27500229019999,20.645832898499997,1.8406250476837158
13045,68706,106.2791689569,20.645832898499997,1.564761757850647
13045,68707,106.2833356236,20.645832898499997,1.5252459049224854
13045,68708,106.2875022903,20.645832898499997,1.8135484457015991
13045,68709,106.291668957,20.645832898499997,1.772499918937683
13045,68710,106.29583562369999,20.645832898499997,1.7408332824707031
13045,68711,106.30000229039999,20.645832898499997,2.316612958908081
13045,68712,106.30416895709999,20.645832898499997,2.6396822929382324
13045,68713,106.30833562379999,20.645832898499997,2.7303125858306885
13045,68714,106.31250229049999,20.645832898499997,3.261904716491699
13045,68715,106.3166689572,20.645832898499997,3.751694679260254
13045,68716,106.3208356239,20.645832898499997,4.0496721267700195
13045,68717,106.3250022906,20.645832898499997,5.03515625
13045,68718,106.3291689573,20.645832898499997,6.243278503417969
13045,68719,106.33333562399999,20.645832898499997,4.657931327819824
13045,68720,106.33750229069999,20.645832898499997,2.6742374897003174
13045,68721,106.34166895739999,20.645832898499997,2.0662295818328857
13045,68722,106.34583562409999,20.645832898499997,1.7619045972824097
13045,68723,106.35000229079999,20.645832898499997,2.1050000190734863
13045,68724,106.3541689575,20.645832898499997,2.9294917583465576
13045,68725,106.3583356242,20.645832898499997,2.6035711765289307
13045,68726,106.3625022909,20.645832898499997,2.156841993331909
13045,68727,106.3666689576,20.645832898499997,2.4730358123779297
13045,68728,106.37083562429999,20.645832898499997,2.469482660293579
13045,68729,106.37500229099999,20.645832898499997,2.3091228008270264
13045,68730,106.37916895769999,20.645832898499997,2.3063793182373047
13045,68731,106.38333562439999,20.645832898499997,2.482321262359619
13045,68732,106.38750229109999,20.645832898499997,2.8601784706115723
13045,68733,106.3916689578,20.645832898499997,2.5929088592529297
13045,68734,106.3958356245,20.645832898499997,2.5978946685791016
13045,68735,106.4000022912,20.645832898499997,2.9941375255584717
13045,68736,106.4041689579,20.645832898499997,3.60758638381958
13045,68737,106.40833562459999,20.645832898499997,3.6896426677703857
13045,68738,106.41250229129999,20.645832898499997,3.0530357360839844
13045,68739,106.41666895799999,20.645832898499997,3.091053009033203
13045,68740,106.42083562469999,20.645832898499997,4.399122714996338
13045,68741,106.42500229139999,20.645832898499997,5.526249885559082
13045,68742,106.42916895809999,20.645832898499997,4.962034225463867
13045,68743,106.4333356248,20.645832898499997,5.507585525512695
13045,68744,106.4375022915,20.645832898499997,8.656842231750488
13045,68745,106.4416689582,20.645832898499997,10.232142448425293
13045,68746,106.4458356249,20.645832898499997,5.798703670501709
13046,68647,106.03333562159999,20.641666231799995,3.682373046875
13046,68648,106.03750228829999,20.641666231799995,3.996166467666626
13046,68649,106.04166895499999,20.641666231799995,5.144426345825195
13046,68650,106.0458356217,20.641666231799995,5.8193440437316895
13046,68651,106.0500022884,20.641666231799995,6.892241477966309
13046,68652,106.0541689551,20.641666231799995,8.13806438446045
13046,68653,106.0583356218,20.641666231799995,9.113383293151855
13046,68654,106.06250228849999,20.641666231799995,8.520160675048828
13046,68655,106.06666895519999,20.641666231799995,7.125423908233643
13046,68656,106.07083562189999,20.641666231799995,5.012372970581055
13046,68657,106.07500228859999,20.641666231799995,4.208333492279053
13046,68658,106.07916895529999,20.641666231799995,4.151500225067139
13046,68659,106.08333562199999,20.641666231799995,4.742678642272949
13046,68660,106.0875022887,20.641666231799995,5.358571529388428
13046,68661,106.0916689554,20.641666231799995,5.081864833831787
13046,68662,106.0958356221,20.641666231799995,4.383500099182129
13046,68663,106.1000022888,20.641666231799995,3.482666492462158
13046,68664,106.10416895549999,20.641666231799995,3.25254225730896
13046,68665,106.10833562219999,20.641666231799995,3.1169090270996094
13046,68666,106.11250228889999,20.641666231799995,3.3356361389160156
13046,68667,106.11666895559999,20.641666231799995,3.710909128189087
13046,68668,106.12083562229999,20.641666231799995,3.8844645023345947
13046,68669,106.125002289,20.641666231799995,3.551666498184204
13046,68670,106.1291689557,20.641666231799995,2.9064066410064697
13046,68671,106.1333356224,20.641666231799995,3.225757598876953
13046,68672,106.1375022891,20.641666231799995,3.769841194152832
13046,68673,106.14166895579999,20.641666231799995,3.773709774017334
13046,68674,106.14583562249999,20.641666231799995,3.2766127586364746
13046,68675,106.15000228919999,20.641666231799995,2.33203125
13046,68676,106.15416895589999,20.641666231799995,2.4803225994110107
13046,68677,106.15833562259999,20.641666231799995,2.30965518951416
13046,68678,106.1625022893,20.641666231799995,1.935166835784912
13046,68679,106.166668956,20.641666231799995,1.8759677410125732
13046,68680,106.1708356227,20.641666231799995,2.209354877471924
13046,68681,106.1750022894,20.641666231799995,2.141803503036499
13046,68682,106.17916895609999,20.641666231799995,1.768135666847229
13046,68683,106.18333562279999,20.641666231799995,1.637627124786377
13046,68684,106.18750228949999,20.641666231799995,1.5332257747650146
13046,68685,106.19166895619999,20.641666231799995,1.5169354677200317
13046,68686,106.19583562289999,20.641666231799995,1.513278603553772
13046,68687,106.2000022896,20.641666231799995,1.429491639137268
13046,68688,106.2041689563,20.641666231799995,0.0
13046,68689,106.208335623,20.641666231799995,0.0
13046,68690,106.2125022897,20.641666231799995,0.0
13046,68691,106.21666895639999,20.641666231799995,0.0
13046,68692,106.22083562309999,20.641666231799995,1.580338954925537
13046,68693,106.22500228979999,20.641666231799995,0.0
13046,68694,106.22916895649999,20.641666231799995,1.6013559103012085
13046,68695,106.23333562319999,20.641666231799995,1.2941936254501343
13046,68696,106.2375022899,20.641666231799995,1.279666781425476
13046,68697,106.2416689566,20.641666231799995,1.481311559677124
13046,68698,106.2458356233,20.641666231799995,1.503833293914795
13046,68699,106.25000229,20.641666231799995,1.3393442630767822
13046,68700,106.2541689567,20.641666231799995,1.2345901727676392
13046,68701,106.25833562339999,20.641666231799995,1.4759016036987305
13046,68702,106.26250229009999,20.641666231799995,1.6809523105621338
13046,68703,106.26666895679999,20.641666231799995,2.023749828338623
13046,68704,106.27083562349999,20.641666231799995,2.1891934871673584
13046,68705,106.27500229019999,20.641666231799995,1.8570969104766846
13046,68706,106.2791689569,20.641666231799995,1.559846043586731
13046,68707,106.2833356236,20.641666231799995,1.6935384273529053
13046,68708,106.2875022903,20.641666231799995,2.1570491790771484
13046,68709,106.291668957,20.641666231799995,2.2691524028778076
13046,68710,106.29583562369999,20.641666231799995,2.023559331893921
13046,68711,106.30000229039999,20.641666231799995,2.0318334102630615
13046,68712,106.30416895709999,20.641666231799995,2.0868334770202637
13046,68713,106.30833562379999,20.641666231799995,2.1512699127197266
13046,68714,106.31250229049999,20.641666231799995,2.6177051067352295
13046,68715,106.3166689572,20.641666231799995,3.0068418979644775
13046,68716,106.3208356239,20.641666231799995,3.350327730178833
13046,68717,106.3250022906,20.641666231799995,4.161250114440918
13046,68718,106.3291689573,20.641666231799995,5.095737457275391
13046,68719,106.33333562399999,20.641666231799995,3.8466103076934814
13046,68720,106.33750229069999,20.641666231799995,2.6154239177703857
13046,68721,106.34166895739999,20.641666231799995,2.058474540710449
13046,68722,106.34583562409999,20.641666231799995,1.7959321737289429
13046,68723,106.35000229079999,20.641666231799995,2.4640002250671387
13046,68724,106.3541689575,20.641666231799995,3.25586199760437
13046,68725,106.3583356242,20.641666231799995,2.770526170730591
13046,68726,106.3625022909,20.641666231799995,1.7916947603225708
13046,68727,106.3666689576,20.641666231799995,1.6425861120224
13046,68728,106.37083562429999,20.641666231799995,1.6537498235702515
13046,68729,106.37500229099999,20.641666231799995,1.7690907716751099
13046,68730,106.37916895769999,20.641666231799995,1.8592592477798462
13046,68731,106.38333562439999,20.641666231799995,2.213773727416992
13046,68732,106.38750229109999,20.641666231799995,2.411454439163208
13046,68733,106.3916689578,20.641666231799995,2.200892925262451
13046,68734,106.3958356245,20.641666231799995,2.007499933242798
13046,68735,106.4000022912,20.641666231799995,2.026491165161133
13046,68736,106.4041689579,20.641666231799995,2.3605358600616455
13046,68737,106.40833562459999,20.641666231799995,3.712181806564331
13046,68738,106.41250229129999,20.641666231799995,3.9461114406585693
13046,68739,106.41666895799999,20.641666231799995,3.4678571224212646
13046,68740,106.42083562469999,20.641666231799995,3.0691378116607666
13046,68741,106.42500229139999,20.641666231799995,3.4649150371551514
13046,68742,106.42916895809999,20.641666231799995,3.885000228881836
13046,68743,106.4333356248,20.641666231799995,3.399310350418091
13046,68744,106.4375022915,20.641666231799995,4.320909023284912
13046,68745,106.4416689582,20.641666231799995,4.974074363708496
13046,68746,106.4458356249,20.641666231799995,4.204034805297852
13046,68747,106.45000229159999,20.641666231799995,2.4429311752319336
13047,68648,106.03750228829999,20.637499565099997,3.0376670360565186
13047,68649,106.04166895499999,20.637499565099997,3.0798332691192627
13047,68650,106.0458356217,20.637499565099997,3.6433897018432617
13047,68651,106.0500022884,20.637499565099997,5.1541666984558105
13047,68652,106.0541689551,20.637499565099997,5.984914779663086
13047,68653,106.0583356218,20.637499565099997,6.784285068511963
13047,68654,106.06250228849999,20.637499565099997,7.233833312988281
13047,68655,106.06666895519999,20.637499565099997,6.476491451263428
13047,68656,106.07083562189999,20.637499565099997,5.261147499084473
13047,68657,106.07500228859999,20.637499565099997,4.581475257873535
13047,68658,106.07916895529999,20.637499565099997,4.447166442871094
13047,68659,106.08333562199999,20.637499565099997,4.525862216949463
13047,68660,106.0875022887,20.637499565099997,4.6840739250183105
13047,68661,106.0916689554,20.637499565099997,4.8703508377075195
13047,68662,106.0958356221,20.637499565099997,4.293214321136475
13047,68663,106.1000022888,20.637499565099997,3.395789384841919
13047,68664,106.10416895549999,20.637499565099997,3.073390007019043
13047,68665,106.10833562219999,20.637499565099997,2.709310293197632
13047,68666,106.11250228889999,20.637499565099997,2.3010716438293457
13047,68667,106.11666895559999,20.637499565099997,2.4354100227355957
13047,68668,106.12083562229999,20.637499565099997,2.8855738639831543
13047,68669,106.125002289,20.637499565099997,2.7928812503814697
13047,68670,106.1291689557,20.637499565099997,2.9535000324249268
13047,68671,106.1333356224,20.637499565099997,3.1777420043945312
13047,68672,106.1375022891,20.637499565099997,3.365555763244629
13047,68673,106.14166895579999,20.637499565099997,3.3498334884643555
13047,68674,106.14583562249999,20.637499565099997,3.387540817260742
13047,68675,106.15000228919999,20.637499565099997,2.5181968212127686
13047,68676,106.15416895589999,20.637499565099997,2.0872578620910645
13047,68677,106.15833562259999,20.637499565099997,2.108813762664795
13047,68678,106.1625022893,20.637499565099997,1.7238333225250244
13047,68679,106.166668956,20.637499565099997,1.6842856407165527
13047,68680,106.1708356227,20.637499565099997,1.9433871507644653
13047,68681,106.1750022894,20.637499565099997,2.0214755535125732
13047,68682,106.17916895609999,20.637499565099997,1.8162297010421753
13047,68683,106.18333562279999,20.637499565099997,1.6609834432601929
13047,68684,106.18750228949999,20.637499565099997,1.5095161199569702
13047,68685,106.19166895619999,20.637499565099997,1.5275806188583374
13047,68686,106.19583562289999,20.637499565099997,1.6592981815338135
13047,68687,106.2000022896,20.637499565099997,0.0
13047,68688,106.2041689563,20.637499565099997,0.0
13047,68689,106.208335623,20.637499565099997,0.0
13047,68690,106.2125022897,20.637499565099997,0.0
13047,68691,106.21666895639999,20.637499565099997,1.4683334827423096
13047,68692,106.22083562309999,20.637499565099997,1.6983050107955933
13047,68693,106.22500228979999,20.637499565099997,0.0
13047,68694,106.22916895649999,20.637499565099997,1.712982416152954
13047,68695,106.23333562319999,20.637499565099997,1.4698305130004883
13047,68696,106.2375022899,20.637499565099997,1.2868965864181519
13047,68697,106.2416689566,20.637499565099997,1.4186443090438843
13047,68698,106.2458356233,20.637499565099997,0.0
13047,68699,106.25000229,20.637499565099997,1.4521310329437256
13047,68700,106.2541689567,20.637499565099997,1.4460318088531494
13047,68701,106.25833562339999,20.637499565099997,1.7572131156921387
13047,68702,106.26250229009999,20.637499565099997,1.9988332986831665
13047,68703,106.26666895679999,20.637499565099997,2.3500001430511475
13047,68704,106.27083562349999,20.637499565099997,2.294098138809204
13047,68705,106.27500229019999,20.637499565099997,2.1623728275299072
13047,68706,106.2791689569,20.637499565099997,1.9133871793746948
13047,68707,106.2833356236,20.637499565099997,1.8399999141693115
13047,68708,106.2875022903,20.637499565099997,2.243898391723633
13047,68709,106.291668957,20.637499565099997,2.361403703689575
13047,68710,106.29583562369999,20.637499565099997,2.052372694015503
13047,68711,106.30000229039999,20.637499565099997,1.8740679025650024
13047,68712,106.30416895709999,20.637499565099997,1.9424138069152832
13047,68713,106.30833562379999,20.637499565099997,2.096393585205078
13047,68714,106.31250229049999,20.637499565099997,2.4993443489074707
13047,68715,106.3166689572,20.637499565099997,2.54964280128479
13047,68716,106.3208356239,20.637499565099997,2.1108477115631104
13047,68717,106.3250022906,20.637499565099997,2.201803207397461
13047,68718,106.3291689573,20.637499565099997,2.4169490337371826
13047,68719,106.33333562399999,20.637499565099997,2.7153446674346924
13047,68720,106.33750229069999,20.637499565099997,2.4928812980651855
13047,68721,106.34166895739999,20.637499565099997,1.8474997282028198
13047,68722,106.34583562409999,20.637499565099997,1.808448076248169
13047,68723,106.35000229079999,20.637499565099997,2.5482757091522217
13047,68724,106.3541689575,20.637499565099997,3.18965482711792
13047,68725,106.3583356242,20.637499565099997,2.37583327293396
13047,68726,106.3625022909,20.637499565099997,1.7498306035995483
13047,68727,106.3666689576,20.637499565099997,1.5763332843780518
13047,68728,106.37083562429999,20.637499565099997,1.807321548461914
13047,68729,106.37500229099999,20.637499565099997,1.9685715436935425
13047,68730,106.37916895769999,20.637499565099997,1.9314285516738892
13047,68731,106.38333562439999,20.637499565099997,2.1164815425872803
13047,68732,106.38750229109999,20.637499565099997,2.1681482791900635
13047,68733,106.3916689578,20.637499565099997,2.0763633251190186
13047,68734,106.3958356245,20.637499565099997,2.1154544353485107
13047,68735,106.4000022912,20.637499565099997,2.0553572177886963
13047,68736,106.4041689579,20.637499565099997,3.202678680419922
13047,68737,106.40833562459999,20.637499565099997,4.336037635803223
13047,68738,106.41250229129999,20.637499565099997,4.010754585266113
13047,68739,106.41666895799999,20.637499565099997,2.6350908279418945
13047,68740,106.42083562469999,20.637499565099997,2.0244829654693604
13047,68741,106.42500229139999,20.637499565099997,2.020517349243164
13047,68742,106.42916895809999,20.637499565099997,2.6752727031707764
13047,68743,106.4333356248,20.637499565099997,3.42946457862854
13047,68744,106.4375022915,20.637499565099997,4.102142810821533
13047,68745,106.4416689582,20.637499565099997,4.8096489906311035
13047,68746,106.4458356249,20.637499565099997,4.150701522827148
13047,68747,106.45000229159999,20.637499565099997,2.761228322982788
13047,68748,106.45416895829999,20.637499565099997,2.0274999141693115
13047,68782,106.5958356261,20.637499565099997,1.6457500457763672
13047,68783,106.60000229279999,20.637499565099997,2.1468420028686523
13048,68648,106.03750228829999,20.633332898399996,2.673448085784912
13048,68649,106.04166895499999,20.633332898399996,2.6033897399902344
13048,68650,106.0458356217,20.633332898399996,3.255932569503784
13048,68651,106.0500022884,20.633332898399996,4.530999660491943
13048,68652,106.0541689551,20.633332898399996,5.217257976531982
13048,68653,106.0583356218,20.633332898399996,4.586515426635742
13048,68654,106.06250228849999,20.633332898399996,4.435333251953125
13048,68655,106.06666895519999,20.633332898399996,4.450984001159668
13048,68656,106.07083562189999,20.633332898399996,4.367258071899414
13048,68657,106.07500228859999,20.633332898399996,4.850161075592041
13048,68658,106.07916895529999,20.633332898399996,4.955738067626953
13048,68659,106.08333562199999,20.633332898399996,4.861724376678467
13048,68660,106.0875022887,20.633332898399996,5.083333492279053
13048,68661,106.0916689554,20.633332898399996,5.580893039703369
13048,68662,106.0958356221,20.633332898399996,4.827592849731445
13048,68663,106.1000022888,20.633332898399996,3.9339282512664795
13048,68664,106.10416895549999,20.633332898399996,3.2708330154418945
13048,68665,106.10833562219999,20.633332898399996,2.8221049308776855
13048,68666,106.11250228889999,20.633332898399996,2.2707021236419678
13048,68667,106.11666895559999,20.633332898399996,2.097965955734253
13048,68668,106.12083562229999,20.633332898399996,2.1462295055389404
13048,68669,106.125002289,20.633332898399996,2.2178332805633545
13048,68670,106.1291689557,20.633332898399996,2.390983819961548
13048,68671,106.1333356224,20.633332898399996,2.7783873081207275
13048,68672,106.1375022891,20.633332898399996,2.6416127681732178
13048,68673,106.14166895579999,20.633332898399996,2.4766128063201904
13048,68674,106.14583562249999,20.633332898399996,2.792130947113037
13048,68675,106.15000228919999,20.633332898399996,2.8677966594696045
13048,68676,106.15416895589999,20.633332898399996,2.6031668186187744
13048,68677,106.15833562259999,20.633332898399996,1.8366667032241821
13048,68678,106.1625022893,20.633332898399996,1.6714999675750732
13048,68679,106.166668956,20.633332898399996,1.6041666269302368
13048,68680,106.1708356227,20.633332898399996,1.5383051633834839
13048,68681,106.1750022894,20.633332898399996,1.57280695438385
13048,68682,106.17916895609999,20.633332898399996,1.505932331085205
13048,68683,106.18333562279999,20.633332898399996,1.4470492601394653
13048,68684,106.18750228949999,20.633332898399996,1.3924193382263184
13048,68685,106.19166895619999,20.633332898399996,1.4214752912521362
13048,68686,106.19583562289999,20.633332898399996,1.5174577236175537
13048,68687,106.2000022896,20.633332898399996,0.0
13048,68688,106.2041689563,20.633332898399996,0.0
13048,68689,106.208335623,20.633332898399996,0.0
13048,68690,106.2125022897,20.633332898399996,0.0
13048,68691,106.21666895639999,20.633332898399996,1.3881036043167114
13048,68692,106.22083562309999,20.633332898399996,1.6248276233673096
13048,68693,106.22500228979999,20.633332898399996,1.7513560056686401
13048,68694,106.22916895649999,20.633332898399996,1.6396666765213013
13048,68695,106.23333562319999,20.633332898399996,1.4659016132354736
13048,68696,106.2375022899,20.633332898399996,1.3593332767486572
13048,68697,106.2416689566,20.633332898399996,1.460833191871643
13048,68698,106.2458356233,20.633332898399996,0.0
13048,68699,106.25000229,20.633332898399996,1.5690475702285767
13048,68700,106.2541689567,20.633332898399996,1.7759016752243042
13048,68701,106.25833562339999,20.633332898399996,2.1531147956848145
13048,68702,106.26250229009999,20.633332898399996,2.624333143234253
13048,68703,106.26666895679999,20.633332898399996,2.8518033027648926
13048,68704,106.27083562349999,20.633332898399996,2.5879032611846924
13048,68705,106.27500229019999,20.633332898399996,2.754500150680542
13048,68706,106.2791689569,20.633332898399996,2.5722222328186035
13048,68707,106.2833356236,20.633332898399996,2.572580575942993
13048,68708,106.2875022903,20.633332898399996,2.549999952316284
13048,68709,106.291668957,20.633332898399996,2.3085246086120605
13048,68710,106.29583562369999,20.633332898399996,2.1093220710754395
13048,68711,106.30000229039999,20.633332898399996,2.059499979019165
13048,68712,106.30416895709999,20.633332898399996,3.1491668224334717
13048,68713,106.30833562379999,20.633332898399996,3.4535481929779053
13048,68714,106.31250229049999,20.633332898399996,3.0090322494506836
13048,68715,106.3166689572,20.633332898399996,2.394386053085327
13048,68716,106.3208356239,20.633332898399996,1.7815254926681519
13048,68717,106.3250022906,20.633332898399996,1.746666669845581
13048,68718,106.3291689573,20.633332898399996,2.1064515113830566
13048,68719,106.33333562399999,20.633332898399996,2.677049398422241
13048,68720,106.33750229069999,20.633332898399996,2.9128570556640625
13048,68721,106.34166895739999,20.633332898399996,2.2912962436676025
13048,68722,106.34583562409999,20.633332898399996,1.850526213645935
13048,68723,106.35000229079999,20.633332898399996,2.476249933242798
13048,68724,106.3541689575,20.633332898399996,2.984137773513794
13048,68725,106.3583356242,20.633332898399996,2.129152774810791
13048,68726,106.3625022909,20.633332898399996,1.5829999446868896
13048,68727,106.3666689576,20.633332898399996,1.6772881746292114
13048,68728,106.37083562429999,20.633332898399996,2.024545431137085
13048,68729,106.37500229099999,20.633332898399996,2.0714287757873535
13048,68730,106.37916895769999,20.633332898399996,1.9135088920593262
13048,68731,106.38333562439999,20.633332898399996,2.1648149490356445
13048,68732,106.38750229109999,20.633332898399996,2.385636568069458
13048,68733,106.3916689578,20.633332898399996,2.405789613723755
13048,68734,106.3958356245,20.633332898399996,2.960893154144287
13048,68735,106.4000022912,20.633332898399996,3.18363618850708
13048,68736,106.4041689579,20.633332898399996,3.9046425819396973
13048,68737,106.40833562459999,20.633332898399996,4.284821510314941
13048,68738,106.41250229129999,20.633332898399996,3.6188888549804688
13048,68739,106.41666895799999,20.633332898399996,2.738490581512451
13048,68740,106.42083562469999,20.633332898399996,2.288771867752075
13048,68741,106.42500229139999,20.633332898399996,1.909999966621399
13048,68742,106.42916895809999,20.633332898399996,2.1567270755767822
13048,68743,106.4333356248,20.633332898399996,3.6707141399383545
13048,68744,106.4375022915,20.633332898399996,4.403928756713867
13048,68745,106.4416689582,20.633332898399996,3.896206855773926
13048,68746,106.4458356249,20.633332898399996,3.812413454055786
13048,68747,106.45000229159999,20.633332898399996,3.0638184547424316
13048,68748,106.45416895829999,20.633332898399996,2.036071300506592
13048,68781,106.5916689594,20.633332898399996,1.2351162433624268
13048,68782,106.5958356261,20.633332898399996,1.3373169898986816
13048,68783,106.60000229279999,20.633332898399996,2.5375607013702393
13048,68784,106.60416895949999,20.633332898399996,2.6114635467529297
13049,68649,106.04166895499999,20.629166231699998,2.4454240798950195
13049,68650,106.0458356217,20.629166231699998,2.4892985820770264
13049,68651,106.0500022884,20.629166231699998,3.0912282466888428
13049,68652,106.0541689551,20.629166231699998,3.805166721343994
13049,68653,106.0583356218,20.629166231699998,3.724375009536743
13049,68654,106.06250228849999,20.629166231699998,3.750793933868408
13049,68655,106.06666895519999,20.629166231699998,3.860339403152466
13049,68656,106.07083562189999,20.629166231699998,3.7674601078033447
13049,68657,106.07500228859999,20.629166231699998,4.0625
13049,68658,106.07916895529999,20.629166231699998,4.237121105194092
13049,68659,106.08333562199999,20.629166231699998,4.112203598022461
13049,68660,106.0875022887,20.629166231699998,4.209827423095703
13049,68661,106.0916689554,20.629166231699998,3.9788334369659424
13049,68662,106.0958356221,20.629166231699998,3.4127585887908936
13049,68663,106.1000022888,20.629166231699998,3.4140350818634033
13049,68664,106.10416895549999,20.629166231699998,3.093728542327881
13049,68665,106.10833562219999,20.629166231699998,2.407413959503174
13049,68666,106.11250228889999,20.629166231699998,2.056551694869995
13049,68667,106.11666895559999,20.629166231699998,1.8587931394577026
13049,68668,106.12083562229999,20.629166231699998,1.688620686531067
13049,68669,106.125002289,20.629166231699998,1.6003330945968628
13049,68670,106.1291689557,20.629166231699998,1.8122949600219727
13049,68671,106.1333356224,20.629166231699998,3.0182535648345947
13049,68672,106.1375022891,20.629166231699998,2.659682512283325
13049,68673,106.14166895579999,20.629166231699998,2.160634756088257
13049,68674,106.14583562249999,20.629166231699998,3.2095234394073486
13049,68675,106.15000228919999,20.629166231699998,5.081166744232178
13049,68676,106.15416895589999,20.629166231699998,5.123389720916748
13049,68677,106.15833562259999,20.629166231699998,3.1589832305908203
13049,68678,106.1625022893,20.629166231699998,1.8439345359802246
13049,68679,106.166668956,20.629166231699998,1.6993443965911865
13049,68680,106.1708356227,20.629166231699998,1.5044445991516113
13049,68681,106.1750022894,20.629166231699998,1.5214285850524902
13049,68682,106.17916895609999,20.629166231699998,1.4472581148147583
13049,68683,106.18333562279999,20.629166231699998,1.371935486793518
13049,68684,106.18750228949999,20.629166231699998,1.3965001106262207
13049,68685,106.19166895619999,20.629166231699998,1.660491704940796
13049,68686,106.19583562289999,20.629166231699998,1.6720967292785645
13049,68687,106.2000022896,20.629166231699998,1.4670313596725464
13049,68688,106.2041689563,20.629166231699998,0.0
13049,68689,106.208335623,20.629166231699998,0.0
13049,68690,106.2125022897,20.629166231699998,1.2965078353881836
13049,68691,106.21666895639999,20.629166231699998,1.3870491981506348
13049,68692,106.22083562309999,20.629166231699998,1.8384746313095093
13049,68693,106.22500228979999,20.629166231699998,1.9766666889190674
13049,68694,106.22916895649999,20.629166231699998,1.7176189422607422
13049,68695,106.23333562319999,20.629166231699998,1.425246000289917
13049,68696,106.2375022899,20.629166231699998,0.0
13049,68697,106.2416689566,20.629166231699998,0.0
13049,68698,106.2458356233,20.629166231699998,1.60596764087677
13049,68699,106.25000229,20.629166231699998,1.729354739189148
13049,68700,106.2541689567,20.629166231699998,1.7668335437774658
13049,68701,106.25833562339999,20.629166231699998,1.9203333854675293
13049,68702,106.26250229009999,20.629166231699998,2.2820003032684326
13049,68703,106.26666895679999,20.629166231699998,2.264166831970215
13049,68704,106.27083562349999,20.629166231699998,2.12508487701416
13049,68705,106.27500229019999,20.629166231699998,2.452000141143799
13049,68706,106.2791689569,20.629166231699998,2.390000104904175
13049,68707,106.2833356236,20.629166231699998,2.473386764526367
13049,68708,106.2875022903,20.629166231699998,2.3514513969421387
13049,68709,106.291668957,20.629166231699998,1.9577049016952515
13049,68710,106.29583562369999,20.629166231699998,1.8349180221557617
13049,68711,106.30000229039999,20.629166231699998,2.453871011734009
13049,68712,106.30416895709999,20.629166231699998,3.4408066272735596
13049,68713,106.30833562379999,20.629166231699998,3.2818033695220947
13049,68714,106.31250229049999,20.629166231699998,3.055666446685791
13049,68715,106.3166689572,20.629166231699998,2.5931665897369385
13049,68716,106.3208356239,20.629166231699998,1.9350000619888306
13049,68717,106.3250022906,20.629166231699998,1.7486668825149536
13049,68718,106.3291689573,20.629166231699998,2.0516128540039062
13049,68719,106.33333562399999,20.629166231699998,2.692413806915283
13049,68720,106.33750229069999,20.629166231699998,3.1643857955932617
13049,68721,106.34166895739999,20.629166231699998,3.1836206912994385
13049,68722,106.34583562409999,20.629166231699998,2.350172519683838
13049,68723,106.35000229079999,20.629166231699998,1.8801724910736084
13049,68724,106.3541689575,20.629166231699998,1.9631034135818481
13049,68725,106.3583356242,20.629166231699998,1.6728571653366089
13049,68726,106.3625022909,20.629166231699998,1.4841381311416626
13049,68727,106.3666689576,20.629166231699998,1.7596429586410522
13049,68728,106.37083562429999,20.629166231699998,1.9443860054016113
13049,68729,106.37500229099999,20.629166231699998,1.8844826221466064
13049,68730,106.37916895769999,20.629166231699998,1.949830412864685
13049,68731,106.38333562439999,20.629166231699998,3.3125455379486084
13049,68732,106.38750229109999,20.629166231699998,3.682500123977661
13049,68733,106.3916689578,20.629166231699998,3.4764912128448486
13049,68734,106.3958356245,20.629166231699998,4.047499656677246
13049,68735,106.4000022912,20.629166231699998,4.027169704437256
13049,68736,106.4041689579,20.629166231699998,3.866481304168701
13049,68737,106.40833562459999,20.629166231699998,3.4969091415405273
13049,68738,106.41250229129999,20.629166231699998,3.1934614181518555
13049,68739,106.41666895799999,20.629166231699998,2.920576810836792
13049,68740,106.42083562469999,20.629166231699998,2.601090908050537
13049,68741,106.42500229139999,20.629166231699998,2.0598182678222656
13049,68742,106.42916895809999,20.629166231699998,1.935892939567566
13049,68743,106.4333356248,20.629166231699998,2.4760000705718994
13049,68744,106.4375022915,20.629166231699998,2.9548213481903076
13049,68745,106.4416689582,20.629166231699998,2.6406893730163574
13049,68746,106.4458356249,20.629166231699998,2.62982439994812
13049,68747,106.45000229159999,20.629166231699998,2.636296272277832
13049,68780,106.5875022927,20.629166231699998,1.1986364126205444
13049,68781,106.5916689594,20.629166231699998,1.1911628246307373
13049,68782,106.5958356261,20.629166231699998,1.1227500438690186
13049,68783,106.60000229279999,20.629166231699998,1.683095097541809
13049,68784,106.60416895949999,20.629166231699998,1.7933335304260254
13049,68785,106.60833562619999,20.629166231699998,1.1907316446304321
13050,68649,106.04166895499999,20.624999564999996,2.6345160007476807
13050,68650,106.0458356217,20.624999564999996,2.2959675788879395
13050,68651,106.0500022884,20.624999564999996,2.273050546646118
13050,68652,106.0541689551,20.624999564999996,2.53145170211792
13050,68653,106.0583356218,20.624999564999996,3.0953125953674316
13050,68654,106.06250228849999,20.624999564999996,3.5696775913238525
13050,68655,106.06666895519999,20.624999564999996,3.985409736633301
13050,68656,106.07083562189999,20.624999564999996,4.0403571128845215
13050,68657,106.07500228859999,20.624999564999996,3.8361403942108154
13050,68658,106.07916895529999,20.624999564999996,3.3241662979125977
13050,68659,106.08333562199999,20.624999564999996,3.5544068813323975
13050,68660,106.0875022887,20.624999564999996,3.3389475345611572
13050,68661,106.0916689554,20.624999564999996,3.1248273849487305
13050,68662,106.0958356221,20.624999564999996,2.6949121952056885
13050,68663,106.1000022888,20.624999564999996,2.4615519046783447
13050,68664,106.10416895549999,20.624999564999996,2.4247541427612305
13050,68665,106.10833562219999,20.624999564999996,1.8349179029464722
13050,68666,106.11250228889999,20.624999564999996,1.638709545135498
13050,68667,106.11666895559999,20.624999564999996,1.489206314086914
13050,68668,106.12083562229999,20.624999564999996,1.4524192810058594
13050,68669,106.125002289,20.624999564999996,1.4265574216842651
13050,68670,106.1291689557,20.624999564999996,1.6516667604446411
13050,68671,106.1333356224,20.624999564999996,2.416271209716797
13050,68672,106.1375022891,20.624999564999996,2.39847469329834
13050,68673,106.14166895579999,20.624999564999996,2.0325000286102295
13050,68674,106.14583562249999,20.624999564999996,3.520322561264038
13050,68675,106.15000228919999,20.624999564999996,5.148548603057861
13050,68676,106.15416895589999,20.624999564999996,4.815084457397461
13050,68677,106.15833562259999,20.624999564999996,3.021639108657837
13050,68678,106.1625022893,20.624999564999996,2.001803398132324
13050,68679,106.166668956,20.624999564999996,1.7750848531723022
13050,68680,106.1708356227,20.624999564999996,1.6143332719802856
13050,68681,106.1750022894,20.624999564999996,1.7281666994094849
13050,68682,106.17916895609999,20.624999564999996,1.6421664953231812
13050,68683,106.18333562279999,20.624999564999996,1.542758584022522
13050,68684,106.18750228949999,20.624999564999996,1.697931170463562
13050,68685,106.19166895619999,20.624999564999996,1.9461016654968262
13050,68686,106.19583562289999,20.624999564999996,1.8477418422698975
13050,68687,106.2000022896,20.624999564999996,1.5470311641693115
13050,68688,106.2041689563,20.624999564999996,1.3878462314605713
13050,68689,106.208335623,20.624999564999996,0.0
13050,68690,106.2125022897,20.624999564999996,1.40500009059906
13050,68691,106.21666895639999,20.624999564999996,1.9896873235702515
13050,68692,106.22083562309999,20.624999564999996,2.921875238418579
13050,68693,106.22500228979999,20.624999564999996,2.8053224086761475
13050,68694,106.22916895649999,20.624999564999996,1.797704815864563
13050,68695,106.23333562319999,20.624999564999996,1.5610167980194092
13050,68696,106.2375022899,20.624999564999996,1.5242372751235962
13050,68697,106.2416689566,20.624999564999996,1.5275410413742065
13050,68698,106.2458356233,20.624999564999996,1.6425424814224243
13050,68699,106.25000229,20.624999564999996,1.9388525485992432
13050,68700,106.2541689567,20.624999564999996,2.0768330097198486
13050,68701,106.25833562339999,20.624999564999996,1.8822224140167236
13050,68702,106.26250229009999,20.624999564999996,1.695483922958374
13050,68703,106.26666895679999,20.624999564999996,1.6352380514144897
13050,68704,106.27083562349999,20.624999564999996,1.5213114023208618
13050,68705,106.27500229019999,20.624999564999996,1.6011475324630737
13050,68706,106.2791689569,20.624999564999996,1.5626153945922852
13050,68707,106.2833356236,20.624999564999996,1.5653969049453735
13050,68708,106.2875022903,20.624999564999996,1.5439682006835938
13050,68709,106.291668957,20.624999564999996,1.5316129922866821
13050,68710,106.29583562369999,20.624999564999996,1.8439682722091675
13050,68711,106.30000229039999,20.624999564999996,2.3224194049835205
13050,68712,106.30416895709999,20.624999564999996,3.003770351409912
13050,68713,106.30833562379999,20.624999564999996,2.7193443775177
13050,68714,106.31250229049999,20.624999564999996,2.576666831970215
13050,68715,106.3166689572,20.624999564999996,2.903898239135742
13050,68716,106.3208356239,20.624999564999996,2.3500001430511475
13050,68717,106.3250022906,20.624999564999996,2.188666820526123
13050,68718,106.3291689573,20.624999564999996,2.38700008392334
13050,68719,106.33333562399999,20.624999564999996,2.6267240047454834
13050,68720,106.33750229069999,20.624999564999996,2.8329310417175293
13050,68721,106.34166895739999,20.624999564999996,3.0343103408813477
13050,68722,106.34583562409999,20.624999564999996,2.6374576091766357
13050,68723,106.35000229079999,20.624999564999996,1.918135404586792
13050,68724,106.3541689575,20.624999564999996,1.6323333978652954
13050,68725,106.3583356242,20.624999564999996,1.5510168075561523
13050,68726,106.3625022909,20.624999564999996,1.5661016702651978
13050,68727,106.3666689576,20.624999564999996,2.013333559036255
13050,68728,106.37083562429999,20.624999564999996,2.205932378768921
13050,68729,106.37500229099999,20.624999564999996,2.113999843597412
13050,68730,106.37916895769999,20.624999564999996,2.1964406967163086
13050,68731,106.38333562439999,20.624999564999996,5.095517158508301
13050,68732,106.38750229109999,20.624999564999996,6.728570461273193
13050,68733,106.3916689578,20.624999564999996,5.363090991973877
13050,68734,106.3958356245,20.624999564999996,4.086428642272949
13050,68735,106.4000022912,20.624999564999996,3.7116665840148926
13050,68736,106.4041689579,20.624999564999996,3.617692232131958
13050,68737,106.40833562459999,20.624999564999996,3.3414814472198486
13050,68738,106.41250229129999,20.624999564999996,2.687692403793335
13050,68739,106.41666895799999,20.624999564999996,2.499807834625244
13050,68740,106.42083562469999,20.624999564999996,2.551090955734253
13050,68741,106.42500229139999,20.624999564999996,2.0632143020629883
13050,68742,106.42916895809999,20.624999564999996,1.7608928680419922
13050,68743,106.4333356248,20.624999564999996,1.7454239130020142
13050,68744,106.4375022915,20.624999564999996,2.513333559036255
13050,68745,106.4416689582,20.624999564999996,2.7801754474639893
13050,68746,106.4458356249,20.624999564999996,2.347719192504883
13050,68747,106.45000229159999,20.624999564999996,1.9636365175247192
13050,68770,106.5458356257,20.624999564999996,3.1992499828338623
13050,68771,106.5500022924,20.624999564999996,2.201463460922241
13050,68772,106.5541689591,20.624999564999996,1.4347620010375977
13050,68773,106.5583356258,20.624999564999996,1.2745455503463745
13050,68779,106.583335626,20.624999564999996,1.4407316446304321
13050,68780,106.5875022927,20.624999564999996,1.454390287399292
13050,68781,106.5916689594,20.624999564999996,1.429999828338623
13050,68782,106.5958356261,20.624999564999996,1.2693023681640625
13050,68783,106.60000229279999,20.624999564999996,1.0947500467300415
13050,68784,106.60416895949999,20.624999564999996,0.9465000033378601
13050,68785,106.60833562619999,20.624999564999996,0.9160000681877136
13050,68786,106.61250229289999,20.624999564999996,0.0
13050,68787,106.61666895959999,20.624999564999996,0.0
13050,68789,106.625002293,20.624999564999996,0.0
13050,68790,106.6291689597,20.624999564999996,0.0
13050,68791,106.6333356264,20.624999564999996,0.0
13050,68792,106.6375022931,20.624999564999996,0.7109091281890869
13051,68650,106.0458356217,20.620832898299998,2.3317461013793945
13051,68651,106.0500022884,20.620832898299998,2.0196876525878906
13051,68652,106.0541689551,20.620832898299998,1.8709522485733032
13051,68653,106.0583356218,20.620832898299998,2.0098459720611572
13051,68654,106.06250228849999,20.620832898299998,2.3231747150421143
13051,68655,106.06666895519999,20.620832898299998,2.82677960395813
13051,68656,106.07083562189999,20.620832898299998,3.2957894802093506
13051,68657,106.07500228859999,20.620832898299998,3.464912176132202
13051,68658,106.07916895529999,20.620832898299998,3.196333169937134
13051,68659,106.08333562199999,20.620832898299998,3.557500123977661
13051,68660,106.0875022887,20.620832898299998,3.6370174884796143
13051,68661,106.0916689554,20.620832898299998,3.4384214878082275
13051,68662,106.0958356221,20.620832898299998,2.853928327560425
13051,68663,106.1000022888,20.620832898299998,2.1321053504943848
13051,68664,106.10416895549999,20.620832898299998,1.8778947591781616
13051,68665,106.10833562219999,20.620832898299998,1.5932203531265259
13051,68666,106.11250228889999,20.620832898299998,1.5329030752182007
13051,68667,106.11666895559999,20.620832898299998,1.3628123998641968
13051,68668,106.12083562229999,20.620832898299998,1.3019046783447266
13051,68669,106.125002289,20.620832898299998,1.271111011505127
13051,68670,106.1291689557,20.620832898299998,1.3701614141464233
13051,68671,106.1333356224,20.620832898299998,1.6143333911895752
13051,68672,106.1375022891,20.620832898299998,1.9601640701293945
13051,68673,106.14166895579999,20.620832898299998,2.103442668914795
13051,68674,106.14583562249999,20.620832898299998,2.493809461593628
13051,68675,106.15000228919999,20.620832898299998,3.2095236778259277
13051,68676,106.15416895589999,20.620832898299998,3.614333391189575
13051,68677,106.15833562259999,20.620832898299998,2.4581966400146484
13051,68678,106.1625022893,20.620832898299998,2.020983934402466
13051,68679,106.166668956,20.620832898299998,1.757118582725525
13051,68680,106.1708356227,20.620832898299998,1.7684999704360962
13051,68681,106.1750022894,20.620832898299998,1.8075804710388184
13051,68682,106.17916895609999,20.620832898299998,1.7611864805221558
13051,68683,106.18333562279999,20.620832898299998,1.6776270866394043
13051,68684,106.18750228949999,20.620832898299998,1.7046666145324707
13051,68685,106.19166895619999,20.620832898299998,1.6384745836257935
13051,68686,106.19583562289999,20.620832898299998,1.4601666927337646
13051,68687,106.2000022896,20.620832898299998,1.3858065605163574
13051,68688,106.2041689563,20.620832898299998,1.3237097263336182
13051,68689,106.208335623,20.620832898299998,1.4531666040420532
13051,68690,106.2125022897,20.620832898299998,1.5706452131271362
13051,68691,106.21666895639999,20.620832898299998,2.513124942779541
13051,68692,106.22083562309999,20.620832898299998,3.5612502098083496
13051,68693,106.22500228979999,20.620832898299998,2.9769232273101807
13051,68694,106.22916895649999,20.620832898299998,2.0044443607330322
13051,68695,106.23333562319999,20.620832898299998,1.812499761581421
13051,68696,106.2375022899,20.620832898299998,1.8301640748977661
13051,68697,106.2416689566,20.620832898299998,1.736721158027649
13051,68698,106.2458356233,20.620832898299998,2.265333414077759
13051,68699,106.25000229,20.620832898299998,2.596508026123047
13051,68700,106.2541689567,20.620832898299998,2.447460174560547
13051,68701,106.25833562339999,20.620832898299998,2.4341936111450195
13051,68702,106.26250229009999,20.620832898299998,1.8909837007522583
13051,68703,106.26666895679999,20.620832898299998,1.5827418565750122
13051,68704,106.27083562349999,20.620832898299998,0.0
13051,68705,106.27500229019999,20.620832898299998,1.5066128969192505
13051,68706,106.2791689569,20.620832898299998,1.414032220840454
13051,68707,106.2833356236,20.620832898299998,1.3553967475891113
13051,68708,106.2875022903,20.620832898299998,1.3642858266830444
13051,68709,106.291668957,20.620832898299998,1.715573787689209
13051,68710,106.29583562369999,20.620832898299998,1.9452459812164307
13051,68711,106.30000229039999,20.620832898299998,2.342881202697754
13051,68712,106.30416895709999,20.620832898299998,2.5719997882843018
13051,68713,106.30833562379999,20.620832898299998,2.1590163707733154
13051,68714,106.31250229049999,20.620832898299998,2.066610336303711
13051,68715,106.3166689572,20.620832898299998,2.0328071117401123
13051,68716,106.3208356239,20.620832898299998,1.9781665802001953
13051,68717,106.3250022906,20.620832898299998,2.183793067932129
13051,68718,106.3291689573,20.620832898299998,2.623389482498169
13051,68719,106.33333562399999,20.620832898299998,2.468947649002075
13051,68720,106.33750229069999,20.620832898299998,2.2308335304260254
13051,68721,106.34166895739999,20.620832898299998,2.417930841445923
13051,68722,106.34583562409999,20.620832898299998,2.7131032943725586
13051,68723,106.35000229079999,20.620832898299998,2.1553335189819336
13051,68724,106.3541689575,20.620832898299998,1.7922414541244507
13051,68725,106.3583356242,20.620832898299998,1.6786667108535767
13051,68726,106.3625022909,20.620832898299998,1.7066129446029663
13051,68727,106.3666689576,20.620832898299998,2.240833282470703
13051,68728,106.37083562429999,20.620832898299998,2.656557321548462
13051,68729,106.37500229099999,20.620832898299998,2.569166898727417
13051,68730,106.37916895769999,20.620832898299998,2.323870897293091
13051,68731,106.38333562439999,20.620832898299998,3.126610279083252
13051,68732,106.38750229109999,20.620832898299998,4.397500038146973
13051,68733,106.3916689578,20.620832898299998,3.7357890605926514
13051,68734,106.3958356245,20.620832898299998,2.9765453338623047
13051,68735,106.4000022912,20.620832898299998,2.549999952316284
13051,68736,106.4041689579,20.620832898299998,3.0154001712799072
13051,68737,106.40833562459999,20.620832898299998,3.607600212097168
13051,68738,106.41250229129999,20.620832898299998,3.1980392932891846
13051,68739,106.41666895799999,20.620832898299998,2.934905529022217
13051,68740,106.42083562469999,20.620832898299998,2.867321252822876
13051,68741,106.42500229139999,20.620832898299998,2.107543706893921
13051,68742,106.42916895809999,20.620832898299998,1.8010526895523071
13051,68743,106.4333356248,20.620832898299998,1.9252543449401855
13051,68744,106.4375022915,20.620832898299998,2.5617241859436035
13051,68745,106.4416689582,20.620832898299998,3.111034631729126
13051,68746,106.4458356249,20.620832898299998,2.3467857837677
13051,68747,106.45000229159999,20.620832898299998,1.7378181219100952
13051,68769,106.54166895899999,20.620832898299998,1.4762791395187378
13051,68770,106.5458356257,20.620832898299998,2.156341314315796
13051,68771,106.5500022924,20.620832898299998,1.8475000858306885
13051,68772,106.5541689591,20.620832898299998,1.5021950006484985
13051,68773,106.5583356258,20.620832898299998,1.3695120811462402
13051,68774,106.56250229249999,20.620832898299998,1.2492856979370117
13051,68777,106.57500229259999,20.620832898299998,0.0
13051,68778,106.57916895929999,20.620832898299998,1.291707158088684
13051,68779,106.583335626,20.620832898299998,1.7732502222061157
13051,68780,106.5875022927,20.620832898299998,2.4020001888275146
13051,68781,106.5916689594,20.620832898299998,2.70119047164917
13051,68782,106.5958356261,20.620832898299998,2.3355813026428223
13051,68783,106.60000229279999,20.620832898299998,1.8219513893127441
13051,68784,106.60416895949999,20.620832898299998,1.1684999465942383
13051,68785,106.60833562619999,20.620832898299998,0.0
13051,68786,106.61250229289999,20.620832898299998,0.0
13051,68787,106.61666895959999,20.620832898299998,0.0
13051,68788,106.62083562629999,20.620832898299998,0.0
13051,68789,106.625002293,20.620832898299998,0.0
13051,68790,106.6291689597,20.620832898299998,0.0
13051,68791,106.6333356264,20.620832898299998,0.0
13051,68792,106.6375022931,20.620832898299998,0.0
13051,68793,106.64166895979999,20.620832898299998,0.0
13051,68794,106.64583562649999,20.620832898299998,0.0
13052,68651,106.0500022884,20.616666231599996,1.8577779531478882
13052,68652,106.0541689551,20.616666231599996,1.6299999952316284
13052,68653,106.0583356218,20.616666231599996,1.6398437023162842
13052,68654,106.06250228849999,20.616666231599996,1.6274999380111694
13052,68655,106.06666895519999,20.616666231599996,1.810350775718689
13052,68656,106.07083562189999,20.616666231599996,1.9489473104476929
13052,68657,106.07500228859999,20.616666231599996,1.981034517288208
13052,68658,106.07916895529999,20.616666231599996,2.0754234790802
13052,68659,106.08333562199999,20.616666231599996,2.37762713432312
13052,68660,106.0875022887,20.616666231599996,2.431833028793335
13052,68661,106.0916689554,20.616666231599996,2.5046772956848145
13052,68662,106.0958356221,20.616666231599996,2.4025423526763916
13052,68669,106.125002289,20.616666231599996,0.0
13052,68670,106.1291689557,20.616666231599996,1.3180952072143555
13052,68671,106.1333356224,20.616666231599996,1.479836106300354
13052,68672,106.1375022891,20.616666231599996,1.9421311616897583
13052,68673,106.14166895579999,20.616666231599996,2.2215874195098877
13052,68674,106.14583562249999,20.616666231599996,2.501405954360962
13052,68675,106.15000228919999,20.616666231599996,2.8060319423675537
13052,68676,106.15416895589999,20.616666231599996,2.762258291244507
13052,68677,106.15833562259999,20.616666231599996,2.024193525314331
13052,68678,106.1625022893,20.616666231599996,1.7693102359771729
13052,68679,106.166668956,20.616666231599996,1.7169090509414673
13052,68680,106.1708356227,20.616666231599996,1.6493103504180908
13052,68681,106.1750022894,20.616666231599996,1.5668420791625977
13052,68682,106.17916895609999,20.616666231599996,1.5107017755508423
13052,68683,106.18333562279999,20.616666231599996,1.492372989654541
13052,68684,106.18750228949999,20.616666231599996,1.469193458557129
13052,68685,106.19166895619999,20.616666231599996,1.3893333673477173
13052,68686,106.19583562289999,20.616666231599996,1.351500153541565
13052,68687,106.2000022896,20.616666231599996,1.2773772478103638
13052,68688,106.2041689563,20.616666231599996,1.2734999656677246
13052,68689,106.208335623,20.616666231599996,1.3833333253860474
13052,68690,106.2125022897,20.616666231599996,1.5244998931884766
13052,68691,106.21666895639999,20.616666231599996,2.1569840908050537
13052,68692,106.22083562309999,20.616666231599996,3.076885461807251
13052,68693,106.22500228979999,20.616666231599996,2.935245990753174
13052,68694,106.22916895649999,20.616666231599996,2.063333511352539
13052,68695,106.23333562319999,20.616666231599996,1.7435593605041504
13052,68696,106.2375022899,20.616666231599996,1.7108333110809326
13052,68697,106.2416689566,20.616666231599996,2.193114757537842
13052,68698,106.2458356233,20.616666231599996,2.8272581100463867
13052,68699,106.25000229,20.616666231599996,3.057460308074951
13052,68700,106.2541689567,20.616666231599996,2.586250066757202
13052,68701,106.25833562339999,20.616666231599996,2.3243939876556396
13052,68702,106.26250229009999,20.616666231599996,1.8621875047683716
13052,68703,106.26666895679999,20.616666231599996,1.6039342880249023
13052,68704,106.27083562349999,20.616666231599996,0.0
13052,68705,106.27500229019999,20.616666231599996,1.7096823453903198
13052,68706,106.2791689569,20.616666231599996,1.6100001335144043
13052,68707,106.2833356236,20.616666231599996,1.6104615926742554
13052,68708,106.2875022903,20.616666231599996,1.9706348180770874
13052,68709,106.291668957,20.616666231599996,2.3104841709136963
13052,68710,106.29583562369999,20.616666231599996,2.242631673812866
13052,68711,106.30000229039999,20.616666231599996,2.044482707977295
13052,68712,106.30416895709999,20.616666231599996,2.0789830684661865
13052,68713,106.30833562379999,20.616666231599996,1.5696667432785034
13052,68714,106.31250229049999,20.616666231599996,1.5511865615844727
13052,68715,106.3166689572,20.616666231599996,1.573278546333313
13052,68716,106.3208356239,20.616666231599996,1.8226666450500488
13052,68717,106.3250022906,20.616666231599996,1.8927586078643799
13052,68718,106.3291689573,20.616666231599996,1.9413331747055054
13052,68719,106.33333562399999,20.616666231599996,1.9876666069030762
13052,68720,106.33750229069999,20.616666231599996,1.8528333902359009
13052,68721,106.34166895739999,20.616666231599996,2.001499891281128
13052,68722,106.34583562409999,20.616666231599996,2.5198333263397217
13052,68723,106.35000229079999,20.616666231599996,2.5260655879974365
13052,68724,106.3541689575,20.616666231599996,2.255000114440918
13052,68725,106.3583356242,20.616666231599996,2.026557207107544
13052,68726,106.3625022909,20.616666231599996,1.8666127920150757
13052,68727,106.3666689576,20.616666231599996,1.971718668937683
13052,68728,106.37083562429999,20.616666231599996,2.4669840335845947
13052,68729,106.37500229099999,20.616666231599996,2.685666561126709
13052,68730,106.37916895769999,20.616666231599996,2.3604838848114014
13052,68731,106.38333562439999,20.616666231599996,2.298412799835205
13052,68732,106.38750229109999,20.616666231599996,2.3911476135253906
13052,68733,106.3916689578,20.616666231599996,2.2201695442199707
13052,68734,106.3958356245,20.616666231599996,1.8526785373687744
13052,68735,106.4000022912,20.616666231599996,1.7890195846557617
13052,68736,106.4041689579,20.616666231599996,2.51411771774292
13052,68737,106.40833562459999,20.616666231599996,3.656538724899292
13052,68738,106.41250229129999,20.616666231599996,3.7778844833374023
13052,68739,106.41666895799999,20.616666231599996,3.551666736602783
13052,68740,106.42083562469999,20.616666231599996,3.2248213291168213
13052,68741,106.42500229139999,20.616666231599996,2.555263042449951
13052,68742,106.42916895809999,20.616666231599996,2.038947343826294
13052,68743,106.4333356248,20.616666231599996,1.8644828796386719
13052,68744,106.4375022915,20.616666231599996,2.169999837875366
13052,68745,106.4416689582,20.616666231599996,2.1652543544769287
13052,68746,106.4458356249,20.616666231599996,1.984908938407898
13052,68747,106.45000229159999,20.616666231599996,1.5462265014648438
13052,68748,106.45416895829999,20.616666231599996,1.433846116065979
13052,68749,106.45833562499999,20.616666231599996,0.0
13052,68770,106.5458356257,20.616666231599996,1.2200000286102295
13052,68771,106.5500022924,20.616666231599996,1.2640000581741333
13052,68772,106.5541689591,20.616666231599996,1.498780608177185
13052,68773,106.5583356258,20.616666231599996,1.3704878091812134
13052,68774,106.56250229249999,20.616666231599996,1.1609755754470825
13052,68775,106.56666895919999,20.616666231599996,1.006666660308838
13052,68776,106.57083562589999,20.616666231599996,1.0334209203720093
13052,68777,106.57500229259999,20.616666231599996,1.0122499465942383
13052,68778,106.57916895929999,20.616666231599996,1.1015383005142212
13052,68779,106.583335626,20.616666231599996,1.3261537551879883
13052,68780,106.5875022927,20.616666231599996,1.9153847694396973
13052,68781,106.5916689594,20.616666231599996,2.389000177383423
13052,68782,106.5958356261,20.616666231599996,2.2895236015319824
13052,68783,106.60000229279999,20.616666231599996,1.7995121479034424
13052,68784,106.60416895949999,20.616666231599996,1.1857500076293945
13052,68785,106.60833562619999,20.616666231599996,1.0041024684906006
13052,68786,106.61250229289999,20.616666231599996,0.0
13052,68787,106.61666895959999,20.616666231599996,0.0
13052,68788,106.62083562629999,20.616666231599996,0.0
13052,68789,106.625002293,20.616666231599996,0.0
13052,68790,106.6291689597,20.616666231599996,0.0
13052,68791,106.6333356264,20.616666231599996,0.7597436308860779
13052,68792,106.6375022931,20.616666231599996,0.0
13052,68793,106.64166895979999,20.616666231599996,0.0
13052,68794,106.64583562649999,20.616666231599996,0.0
13052,68795,106.65000229319999,20.616666231599996,0.0
13053,68652,106.0541689551,20.612499564899995,1.6414754390716553
13053,68653,106.0583356218,20.612499564899995,1.6611666679382324
13053,68654,106.06250228849999,20.612499564899995,1.5673333406448364
13053,68655,106.06666895519999,20.612499564899995,1.4458929300308228
13053,68656,106.07083562189999,20.612499564899995,1.4326316118240356
13053,68657,106.07500228859999,20.612499564899995,1.4547368288040161
13053,68658,106.07916895529999,20.612499564899995,1.4339653253555298
13053,68659,106.08333562199999,20.612499564899995,1.7065573930740356
13053,68660,106.0875022887,20.612499564899995,1.6927119493484497
13053,68670,106.1291689557,20.612499564899995,1.2537096738815308
13053,68671,106.1333356224,20.612499564899995,1.3078688383102417
13053,68672,106.1375022891,20.612499564899995,1.550655722618103
13053,68673,106.14166895579999,20.612499564899995,1.876393437385559
13053,68674,106.14583562249999,20.612499564899995,2.4691665172576904
13053,68675,106.15000228919999,20.612499564899995,3.1818032264709473
13053,68676,106.15416895589999,20.612499564899995,2.798548460006714
13053,68677,106.15833562259999,20.612499564899995,1.8473334312438965
13053,68678,106.1625022893,20.612499564899995,1.7886439561843872
13053,68679,106.166668956,20.612499564899995,1.7714035511016846
13053,68680,106.1708356227,20.612499564899995,1.8836205005645752
13053,68681,106.1750022894,20.612499564899995,1.7921054363250732
13053,68682,106.17916895609999,20.612499564899995,1.5492857694625854
13053,68683,106.18333562279999,20.612499564899995,1.4003448486328125
13053,68684,106.18750228949999,20.612499564899995,1.4514999389648438
13053,68685,106.19166895619999,20.612499564899995,1.4964406490325928
13053,68686,106.19583562289999,20.612499564899995,1.7641664743423462
13053,68687,106.2000022896,20.612499564899995,1.6643332242965698
13053,68688,106.2041689563,20.612499564899995,1.4950000047683716
13053,68689,106.208335623,20.612499564899995,1.4975805282592773
13053,68690,106.2125022897,20.612499564899995,1.6782258749008179
13053,68691,106.21666895639999,20.612499564899995,2.3722951412200928
13053,68692,106.22083562309999,20.612499564899995,2.5740678310394287
13053,68693,106.22500228979999,20.612499564899995,2.444918155670166
13053,68694,106.22916895649999,20.612499564899995,2.0145161151885986
13053,68695,106.23333562319999,20.612499564899995,1.7593441009521484
13053,68696,106.2375022899,20.612499564899995,1.8708064556121826
13053,68697,106.2416689566,20.612499564899995,2.519838571548462
13053,68698,106.2458356233,20.612499564899995,2.383225679397583
13053,68699,106.25000229,20.612499564899995,2.0030159950256348
13053,68700,106.2541689567,20.612499564899995,1.8172727823257446
13053,68701,106.25833562339999,20.612499564899995,1.6744776964187622
13053,68702,106.26250229009999,20.612499564899995,1.515781283378601
13053,68703,106.26666895679999,20.612499564899995,1.5758730173110962
13053,68704,106.27083562349999,20.612499564899995,0.0
13053,68705,106.27500229019999,20.612499564899995,1.710967779159546
13053,68706,106.2791689569,20.612499564899995,1.8706557750701904
13053,68707,106.2833356236,20.612499564899995,2.2688889503479004
13053,68708,106.2875022903,20.612499564899995,2.553225517272949
13053,68709,106.291668957,20.612499564899995,2.5845165252685547
13053,68710,106.29583562369999,20.612499564899995,2.2066102027893066
13053,68711,106.30000229039999,20.612499564899995,1.860701560974121
13053,68712,106.30416895709999,20.612499564899995,1.601694941520691
13053,68713,106.30833562379999,20.612499564899995,1.3798333406448364
13053,68714,106.31250229049999,20.612499564899995,1.473050832748413
13053,68715,106.3166689572,20.612499564899995,1.9303333759307861
13053,68716,106.3208356239,20.612499564899995,3.120345115661621
13053,68717,106.3250022906,20.612499564899995,3.7269089221954346
13053,68718,106.3291689573,20.612499564899995,2.419649124145508
13053,68719,106.33333562399999,20.612499564899995,1.9533898830413818
13053,68720,106.33750229069999,20.612499564899995,1.823770523071289
13053,68721,106.34166895739999,20.612499564899995,1.7688523530960083
13053,68722,106.34583562409999,20.612499564899995,1.7460343837738037
13053,68723,106.35000229079999,20.612499564899995,2.381967544555664
13053,68724,106.3541689575,20.612499564899995,2.580491781234741
13053,68725,106.3583356242,20.612499564899995,2.1492061614990234
13053,68726,106.3625022909,20.612499564899995,1.9601610898971558
13053,68727,106.3666689576,20.612499564899995,1.8261290788650513
13053,68728,106.37083562429999,20.612499564899995,1.959999918937683
13053,68729,106.37500229099999,20.612499564899995,2.4590768814086914
13053,68730,106.37916895769999,20.612499564899995,2.724461555480957
13053,68731,106.38333562439999,20.612499564899995,2.6973843574523926
13053,68732,106.38750229109999,20.612499564899995,2.7746775150299072
13053,68733,106.3916689578,20.612499564899995,2.4651613235473633
13053,68734,106.3958356245,20.612499564899995,1.866666555404663
13053,68735,106.4000022912,20.612499564899995,1.8702082633972168
13053,68736,106.4041689579,20.612499564899995,2.213599920272827
13053,68737,106.40833562459999,20.612499564899995,2.896792411804199
13053,68738,106.41250229129999,20.612499564899995,3.4089090824127197
13053,68739,106.41666895799999,20.612499564899995,3.115614175796509
13053,68740,106.42083562469999,20.612499564899995,2.874643087387085
13053,68741,106.42500229139999,20.612499564899995,2.7382757663726807
13053,68742,106.42916895809999,20.612499564899995,2.2273213863372803
13053,68743,106.4333356248,20.612499564899995,1.6339285373687744
13053,68744,106.4375022915,20.612499564899995,1.5082757472991943
13053,68745,106.4416689582,20.612499564899995,1.5543859004974365
13053,68746,106.4458356249,20.612499564899995,1.6096491813659668
13053,68747,106.45000229159999,20.612499564899995,1.4449999332427979
13053,68748,106.45416895829999,20.612499564899995,1.3192452192306519
13053,68749,106.45833562499999,20.612499564899995,1.2511320114135742
13053,68750,106.46250229169999,20.612499564899995,0.0
13053,68751,106.46666895839999,20.612499564899995,0.0
13053,68757,106.49166895859999,20.612499564899995,0.0
13053,68758,106.49583562529999,20.612499564899995,1.126341462135315
13053,68759,106.50000229199999,20.612499564899995,1.0928571224212646
13053,68760,106.50416895869999,20.612499564899995,1.0388636589050293
13053,68761,106.5083356254,20.612499564899995,1.047619104385376
13053,68762,106.5125022921,20.612499564899995,1.2461904287338257
13053,68769,106.54166895899999,20.612499564899995,1.0670000314712524
13053,68770,106.5458356257,20.612499564899995,0.9746153354644775
13053,68771,106.5500022924,20.612499564899995,1.1445000171661377
13053,68772,106.5541689591,20.612499564899995,1.2735000848770142
13053,68773,106.5583356258,20.612499564899995,1.1414285898208618
13053,68774,106.56250229249999,20.612499564899995,1.004523754119873
13053,68775,106.56666895919999,20.612499564899995,0.8802499771118164
13053,68776,106.57083562589999,20.612499564899995,0.0
13053,68777,106.57500229259999,20.612499564899995,0.8865853548049927
13053,68778,106.57916895929999,20.612499564899995,0.9217499494552612
13053,68779,106.583335626,20.612499564899995,0.909000039100647
13053,68780,106.5875022927,20.612499564899995,0.9905127286911011
13053,68781,106.5916689594,20.612499564899995,1.1292681694030762
13053,68782,106.5958356261,20.612499564899995,1.2960001230239868
13053,68783,106.60000229279999,20.612499564899995,1.140769124031067
13053,68784,106.60416895949999,20.612499564899995,0.9579487442970276
13053,68785,106.60833562619999,20.612499564899995,0.9707692265510559
13053,68786,106.61250229289999,20.612499564899995,1.0335897207260132
13053,68787,106.61666895959999,20.612499564899995,1.1033333539962769
13053,68788,106.62083562629999,20.612499564899995,1.0917948484420776
13053,68789,106.625002293,20.612499564899995,0.0
13053,68790,106.6291689597,20.612499564899995,1.0478947162628174
13053,68791,106.6333356264,20.612499564899995,0.8921621441841125
13053,68792,106.6375022931,20.612499564899995,0.0
13053,68793,106.64166895979999,20.612499564899995,0.0
13053,68794,106.64583562649999,20.612499564899995,0.0
13053,68795,106.65000229319999,20.612499564899995,0.0
13054,68654,106.06250228849999,20.608332898199997,1.5516393184661865
13054,68655,106.06666895519999,20.608332898199997,1.4339343309402466
13054,68656,106.07083562189999,20.608332898199997,1.3881666660308838
13054,68657,106.07500228859999,20.608332898199997,0.0
13054,68658,106.07916895529999,20.608332898199997,1.327627182006836
13054,68659,106.08333562199999,20.608332898199997,1.4686442613601685
13054,68670,106.1291689557,20.608332898199997,1.2378462553024292
13054,68671,106.1333356224,20.608332898199997,1.2840983867645264
13054,68672,106.1375022891,20.608332898199997,1.4951666593551636
13054,68673,106.14166895579999,20.608332898199997,1.7418965101242065
13054,68674,106.14583562249999,20.608332898199997,2.1132760047912598
13054,68675,106.15000228919999,20.608332898199997,3.20440673828125
13054,68676,106.15416895589999,20.608332898199997,3.568333625793457
13054,68677,106.15833562259999,20.608332898199997,2.8656139373779297
13054,68678,106.1625022893,20.608332898199997,2.2547457218170166
13054,68679,106.166668956,20.608332898199997,2.077193021774292
13054,68680,106.1708356227,20.608332898199997,2.278420925140381
13054,68681,106.1750022894,20.608332898199997,2.356842041015625
13054,68682,106.17916895609999,20.608332898199997,1.8745760917663574
13054,68683,106.18333562279999,20.608332898199997,1.7878334522247314
13054,68684,106.18750228949999,20.608332898199997,2.5501697063446045
13054,68685,106.19166895619999,20.608332898199997,2.3562710285186768
13054,68686,106.19583562289999,20.608332898199997,2.3414998054504395
13054,68687,106.2000022896,20.608332898199997,1.878103494644165
13054,68688,106.2041689563,20.608332898199997,1.604310393333435
13054,68689,106.208335623,20.608332898199997,1.6328814029693604
13054,68690,106.2125022897,20.608332898199997,2.1781251430511475
13054,68691,106.21666895639999,20.608332898199997,3.187258005142212
13054,68692,106.22083562309999,20.608332898199997,2.8526225090026855
13054,68693,106.22500228979999,20.608332898199997,2.1913561820983887
13054,68694,106.22916895649999,20.608332898199997,1.837069034576416
13054,68695,106.23333562319999,20.608332898199997,1.755423665046692
13054,68696,106.2375022899,20.608332898199997,2.9816391468048096
13054,68697,106.2416689566,20.608332898199997,4.491311550140381
13054,68698,106.2458356233,20.608332898199997,3.5601611137390137
13054,68699,106.25000229,20.608332898199997,1.927777647972107
13054,68700,106.2541689567,20.608332898199997,1.6814062595367432
13054,68701,106.25833562339999,20.608332898199997,1.6252238750457764
13054,68702,106.26250229009999,20.608332898199997,0.0
13054,68703,106.26666895679999,20.608332898199997,0.0
13054,68704,106.27083562349999,20.608332898199997,0.0
13054,68705,106.27500229019999,20.608332898199997,1.66080641746521
13054,68706,106.2791689569,20.608332898199997,2.113220453262329
13054,68707,106.2833356236,20.608332898199997,2.710322618484497
13054,68708,106.2875022903,20.608332898199997,2.7080001831054688
13054,68709,106.291668957,20.608332898199997,2.2227694988250732
13054,68710,106.29583562369999,20.608332898199997,1.8825805187225342
13054,68711,106.30000229039999,20.608332898199997,1.6527118682861328
13054,68712,106.30416895709999,20.608332898199997,1.517212986946106
13054,68713,106.30833562379999,20.608332898199997,1.3993221521377563
13054,68714,106.31250229049999,20.608332898199997,1.434827446937561
13054,68715,106.3166689572,20.608332898199997,1.8859323263168335
13054,68716,106.3208356239,20.608332898199997,3.255000114440918
13054,68717,106.3250022906,20.608332898199997,4.005087852478027
13054,68718,106.3291689573,20.608332898199997,2.732372999191284
13054,68719,106.33333562399999,20.608332898199997,2.1611669063568115
13054,68720,106.33750229069999,20.608332898199997,2.1715002059936523
13054,68721,106.34166895739999,20.608332898199997,2.093548536300659
13054,68722,106.34583562409999,20.608332898199997,2.008166790008545
13054,68723,106.35000229079999,20.608332898199997,2.8430159091949463
13054,68724,106.3541689575,20.608332898199997,2.8806450366973877
13054,68725,106.3583356242,20.608332898199997,2.127742052078247
13054,68726,106.3625022909,20.608332898199997,1.8016393184661865
13054,68727,106.3666689576,20.608332898199997,1.6499998569488525
13054,68728,106.37083562429999,20.608332898199997,1.6693443059921265
13054,68729,106.37500229099999,20.608332898199997,2.383333444595337
13054,68730,106.37916895769999,20.608332898199997,3.207878828048706
13054,68731,106.38333562439999,20.608332898199997,2.969365119934082
13054,68732,106.38750229109999,20.608332898199997,2.618889093399048
13054,68733,106.3916689578,20.608332898199997,2.603832960128784
13054,68734,106.3958356245,20.608332898199997,2.0310909748077393
13054,68735,106.4000022912,20.608332898199997,2.0806000232696533
13054,68736,106.4041689579,20.608332898199997,2.113396167755127
13054,68737,106.40833562459999,20.608332898199997,1.8407548666000366
13054,68738,106.41250229129999,20.608332898199997,1.9892592430114746
13054,68739,106.41666895799999,20.608332898199997,1.8079310655593872
13054,68740,106.42083562469999,20.608332898199997,1.8982759714126587
13054,68741,106.42500229139999,20.608332898199997,1.8846549987792969
13054,68742,106.42916895809999,20.608332898199997,1.7424999475479126
13054,68743,106.4333356248,20.608332898199997,1.391754388809204
13054,68744,106.4375022915,20.608332898199997,1.247818112373352
13054,68745,106.4416689582,20.608332898199997,1.2625924348831177
13054,68746,106.4458356249,20.608332898199997,1.3013460636138916
13054,68747,106.45000229159999,20.608332898199997,1.2688679695129395
13054,68748,106.45416895829999,20.608332898199997,1.1971153020858765
13054,68749,106.45833562499999,20.608332898199997,1.2258492708206177
13054,68750,106.46250229169999,20.608332898199997,1.3878846168518066
13054,68751,106.46666895839999,20.608332898199997,1.3292592763900757
13054,68757,106.49166895859999,20.608332898199997,1.1961904764175415
13054,68758,106.49583562529999,20.608332898199997,1.1166667938232422
13054,68759,106.50000229199999,20.608332898199997,1.0488096475601196
13054,68760,106.50416895869999,20.608332898199997,0.0
13054,68761,106.5083356254,20.608332898199997,0.9492858052253723
13054,68762,106.5125022921,20.608332898199997,1.050697684288025
13054,68763,106.5166689588,20.608332898199997,1.110465168952942
13054,68769,106.54166895899999,20.608332898199997,1.1373170614242554
13054,68770,106.5458356257,20.608332898199997,1.0304877758026123
13054,68771,106.5500022924,20.608332898199997,0.954390287399292
13054,68772,106.5541689591,20.608332898199997,1.003000020980835
13054,68773,106.5583356258,20.608332898199997,0.960476279258728
13054,68774,106.56250229249999,20.608332898199997,0.8387500047683716
13054,68775,106.56666895919999,20.608332898199997,0.0
13054,68776,106.57083562589999,20.608332898199997,0.8507142066955566
13054,68777,106.57500229259999,20.608332898199997,0.8272500038146973
13054,68778,106.57916895929999,20.608332898199997,0.8605263233184814
13054,68779,106.583335626,20.608332898199997,0.8592306971549988
13054,68780,106.5875022927,20.608332898199997,0.9159459471702576
13054,68781,106.5916689594,20.608332898199997,1.3077501058578491
13054,68782,106.5958356261,20.608332898199997,1.556666612625122
13054,68783,106.60000229279999,20.608332898199997,1.1694737672805786
13054,68784,106.60416895949999,20.608332898199997,0.9992499351501465
13054,68785,106.60833562619999,20.608332898199997,1.0641463994979858
13054,68786,106.61250229289999,20.608332898199997,1.2190476655960083
13054,68787,106.61666895959999,20.608332898199997,1.2871428728103638
13054,68788,106.62083562629999,20.608332898199997,1.214877963066101
13054,68789,106.625002293,20.608332898199997,0.0
13054,68790,106.6291689597,20.608332898199997,1.065128207206726
13054,68791,106.6333356264,20.608332898199997,0.8260000348091125
13054,68792,106.6375022931,20.608332898199997,0.0
13054,68793,106.64166895979999,20.608332898199997,0.0
13054,68794,106.64583562649999,20.608332898199997,0.0
13054,68795,106.65000229319999,20.608332898199997,0.0
13054,68796,106.65416895989999,20.608332898199997,0.0
13054,68797,106.65833562659999,20.608332898199997,0.0
13055,68656,106.07083562189999,20.604166231499995,1.5359323024749756
13055,68657,106.07500228859999,20.604166231499995,1.4884999990463257
13055,68658,106.07916895529999,20.604166231499995,1.4801695346832275
13055,68670,106.1291689557,20.604166231499995,1.278870940208435
13055,68671,106.1333356224,20.604166231499995,1.305833339691162
13055,68672,106.1375022891,20.604166231499995,1.4948275089263916
13055,68673,106.14166895579999,20.604166231499995,1.8454384803771973
13055,68674,106.14583562249999,20.604166231499995,2.0661401748657227
13055,68675,106.15000228919999,20.604166231499995,2.4313793182373047
13055,68676,106.15416895589999,20.604166231499995,2.8538334369659424
13055,68677,106.15833562259999,20.604166231499995,2.7237930297851562
13055,68678,106.1625022893,20.604166231499995,2.2377588748931885
13055,68679,106.166668956,20.604166231499995,1.9549121856689453
13055,68680,106.1708356227,20.604166231499995,1.9578946828842163
13055,68681,106.1750022894,20.604166231499995,2.1343860626220703
13055,68682,106.17916895609999,20.604166231499995,1.97789466381073
13055,68683,106.18333562279999,20.604166231499995,2.463157892227173
13055,68684,106.18750228949999,20.604166231499995,3.4757895469665527
13055,68685,106.19166895619999,20.604166231499995,3.7249152660369873
13055,68686,106.19583562289999,20.604166231499995,2.5537500381469727
13055,68687,106.2000022896,20.604166231499995,1.7966128587722778
13055,68688,106.2041689563,20.604166231499995,1.5826666355133057
13055,68689,106.208335623,20.604166231499995,1.5470000505447388
13055,68690,106.2125022897,20.604166231499995,1.9261291027069092
13055,68691,106.21666895639999,20.604166231499995,2.6466128826141357
13055,68692,106.22083562309999,20.604166231499995,2.8704919815063477
13055,68693,106.22500228979999,20.604166231499995,2.2960002422332764
13055,68694,106.22916895649999,20.604166231499995,2.067857027053833
13055,68695,106.23333562319999,20.604166231499995,1.9387500286102295
13055,68696,106.2375022899,20.604166231499995,3.1566100120544434
13055,68697,106.2416689566,20.604166231499995,5.321207046508789
13055,68698,106.2458356233,20.604166231499995,4.542666435241699
13055,68699,106.25000229,20.604166231499995,2.1739346981048584
13055,68700,106.2541689567,20.604166231499995,1.7626667022705078
13055,68701,106.25833562339999,20.604166231499995,0.0
13055,68702,106.26250229009999,20.604166231499995,1.7581356763839722
13055,68703,106.26666895679999,20.604166231499995,1.588688611984253
13055,68704,106.27083562349999,20.604166231499995,0.0
13055,68705,106.27500229019999,20.604166231499995,1.7453968524932861
13055,68706,106.2791689569,20.604166231499995,2.1767241954803467
13055,68707,106.2833356236,20.604166231499995,2.722280979156494
13055,68708,106.2875022903,20.604166231499995,2.608771800994873
13055,68709,106.291668957,20.604166231499995,2.071967124938965
13055,68710,106.29583562369999,20.604166231499995,1.7168748378753662
13055,68711,106.30000229039999,20.604166231499995,1.3993443250656128
13055,68712,106.30416895709999,20.604166231499995,1.3171666860580444
13055,68713,106.30833562379999,20.604166231499995,1.2508771419525146
13055,68714,106.31250229049999,20.604166231499995,1.2183927297592163
13055,68715,106.3166689572,20.604166231499995,1.379298210144043
13055,68716,106.3208356239,20.604166231499995,1.746896505355835
13055,68717,106.3250022906,20.604166231499995,2.095423698425293
13055,68718,106.3291689573,20.604166231499995,1.780344843864441
13055,68719,106.33333562399999,20.604166231499995,1.8380701541900635
13055,68720,106.33750229069999,20.604166231499995,2.1001639366149902
13055,68721,106.34166895739999,20.604166231499995,2.53145170211792
13055,68722,106.34583562409999,20.604166231499995,2.499833345413208
13055,68723,106.35000229079999,20.604166231499995,3.332097053527832
13055,68724,106.3541689575,20.604166231499995,3.0547618865966797
13055,68725,106.3583356242,20.604166231499995,2.074444532394409
13055,68726,106.3625022909,20.604166231499995,1.6366666555404663
13055,68727,106.3666689576,20.604166231499995,1.5133870840072632
13055,68728,106.37083562429999,20.604166231499995,1.5914287567138672
13055,68729,106.37500229099999,20.604166231499995,2.0813846588134766
13055,68730,106.37916895769999,20.604166231499995,2.948254108428955
13055,68731,106.38333562439999,20.604166231499995,2.327580451965332
13055,68732,106.38750229109999,20.604166231499995,1.7615872621536255
13055,68733,106.3916689578,20.604166231499995,1.695084810256958
13055,68734,106.3958356245,20.604166231499995,1.613620638847351
13055,68735,106.4000022912,20.604166231499995,1.7730768918991089
13055,68736,106.4041689579,20.604166231499995,2.1125924587249756
13055,68737,106.40833562459999,20.604166231499995,2.0296154022216797
13055,68738,106.41250229129999,20.604166231499995,1.7431480884552002
13055,68739,106.41666895799999,20.604166231499995,1.5507017374038696
13055,68740,106.42083562469999,20.604166231499995,1.389830470085144
13055,68741,106.42500229139999,20.604166231499995,1.39879310131073
13055,68742,106.42916895809999,20.604166231499995,1.5851784944534302
13055,68743,106.4333356248,20.604166231499995,1.5561110973358154
13055,68744,106.4375022915,20.604166231499995,1.2752939462661743
13055,68745,106.4416689582,20.604166231499995,1.2030768394470215
13055,68746,106.4458356249,20.604166231499995,0.0
13055,68747,106.45000229159999,20.604166231499995,0.0
13055,68748,106.45416895829999,20.604166231499995,0.0
13055,68749,106.45833562499999,20.604166231499995,1.2590383291244507
13055,68750,106.46250229169999,20.604166231499995,1.5290385484695435
13055,68751,106.46666895839999,20.604166231499995,1.5274072885513306
13055,68756,106.48750229189999,20.604166231499995,1.3507317304611206
13055,68757,106.49166895859999,20.604166231499995,1.4342498779296875
13055,68758,106.49583562529999,20.604166231499995,1.3202564716339111
13055,68759,106.50000229199999,20.604166231499995,1.0414999723434448
13055,68760,106.50416895869999,20.604166231499995,1.014634132385254
13055,68761,106.5083356254,20.604166231499995,1.063488245010376
13055,68762,106.5125022921,20.604166231499995,1.0779545307159424
13055,68763,106.5166689588,20.604166231499995,1.081363558769226
13055,68767,106.53333562559999,20.604166231499995,2.3043179512023926
13055,68768,106.53750229229999,20.604166231499995,1.6730233430862427
13055,68769,106.54166895899999,20.604166231499995,1.4030952453613281
13055,68770,106.5458356257,20.604166231499995,1.2880488634109497
13055,68771,106.5500022924,20.604166231499995,1.1653658151626587
13055,68772,106.5541689591,20.604166231499995,1.2297500371932983
13055,68773,106.5583356258,20.604166231499995,1.0092499256134033
13055,68774,106.56250229249999,20.604166231499995,0.9064102172851562
13055,68775,106.56666895919999,20.604166231499995,0.9152631163597107
13055,68776,106.57083562589999,20.604166231499995,0.9695121049880981
13055,68777,106.57500229259999,20.604166231499995,1.0699999332427979
13055,68778,106.57916895929999,20.604166231499995,1.2084211111068726
13055,68779,106.583335626,20.604166231499995,1.0984209775924683
13055,68780,106.5875022927,20.604166231499995,0.9660525918006897
13055,68781,106.5916689594,20.604166231499995,1.7021052837371826
13055,68782,106.5958356261,20.604166231499995,2.5935895442962646
13055,68783,106.60000229279999,20.604166231499995,1.9217950105667114
13055,68784,106.60416895949999,20.604166231499995,1.4468293190002441
13055,68785,106.60833562619999,20.604166231499995,1.9058139324188232
13055,68786,106.61250229289999,20.604166231499995,2.0590474605560303
13055,68787,106.61666895959999,20.604166231499995,1.5095349550247192
13055,68788,106.62083562629999,20.604166231499995,1.231428623199463
13055,68789,106.625002293,20.604166231499995,1.1469048261642456
13055,68790,106.6291689597,20.604166231499995,0.9075609445571899
13055,68791,106.6333356264,20.604166231499995,0.7265854477882385
13055,68792,106.6375022931,20.604166231499995,0.0
13055,68793,106.64166895979999,20.604166231499995,0.0
13055,68794,106.64583562649999,20.604166231499995,0.0
13055,68795,106.65000229319999,20.604166231499995,0.0
13055,68796,106.65416895989999,20.604166231499995,0.0
13055,68797,106.65833562659999,20.604166231499995,0.0
13056,68671,106.1333356224,20.599999564799997,1.4239999055862427
13056,68672,106.1375022891,20.599999564799997,1.5598305463790894
13056,68673,106.14166895579999,20.599999564799997,1.8340351581573486
13056,68674,106.14583562249999,20.599999564799997,2.455272674560547
13056,68675,106.15000228919999,20.599999564799997,2.549285888671875
13056,68676,106.15416895589999,20.599999564799997,2.250943660736084
13056,68677,106.15833562259999,20.599999564799997,2.0472412109375
13056,68678,106.1625022893,20.599999564799997,1.7140984535217285
13056,68679,106.166668956,20.599999564799997,1.5710169076919556
13056,68680,106.1708356227,20.599999564799997,1.4412726163864136
13056,68681,106.1750022894,20.599999564799997,1.5612726211547852
13056,68682,106.17916895609999,20.599999564799997,1.5777965784072876
13056,68683,106.18333562279999,20.599999564799997,1.8689286708831787
13056,68684,106.18750228949999,20.599999564799997,2.6421430110931396
13056,68685,106.19166895619999,20.599999564799997,2.993508815765381
13056,68686,106.19583562289999,20.599999564799997,2.5041935443878174
13056,68687,106.2000022896,20.599999564799997,2.1306557655334473
13056,68688,106.2041689563,20.599999564799997,2.2887721061706543
13056,68689,106.208335623,20.599999564799997,2.240689754486084
13056,68690,106.2125022897,20.599999564799997,2.1422414779663086
13056,68691,106.21666895639999,20.599999564799997,2.1553335189819336
13056,68692,106.22083562309999,20.599999564799997,2.2771666049957275
13056,68693,106.22500228979999,20.599999564799997,2.495901584625244
13056,68694,106.22916895649999,20.599999564799997,2.3843860626220703
13056,68695,106.23333562319999,20.599999564799997,2.103793144226074
13056,68696,106.2375022899,20.599999564799997,2.224915027618408
13056,68697,106.2416689566,20.599999564799997,2.8117544651031494
13056,68698,106.2458356233,20.599999564799997,2.6752631664276123
13056,68699,106.25000229,20.599999564799997,1.930806279182434
13056,68700,106.2541689567,20.599999564799997,1.6273771524429321
13056,68701,106.25833562339999,20.599999564799997,1.547096848487854
13056,68702,106.26250229009999,20.599999564799997,1.5513116121292114
13056,68703,106.26666895679999,20.599999564799997,1.4261289834976196
13056,68704,106.27083562349999,20.599999564799997,1.4839999675750732
13056,68705,106.27500229019999,20.599999564799997,1.599000096321106
13056,68706,106.2791689569,20.599999564799997,1.801016926765442
13056,68707,106.2833356236,20.599999564799997,2.270339250564575
13056,68708,106.2875022903,20.599999564799997,2.4480700492858887
13056,68709,106.291668957,20.599999564799997,1.9972580671310425
13056,68710,106.29583562369999,20.599999564799997,1.603787899017334
13056,68711,106.30000229039999,20.599999564799997,1.3335484266281128
13056,68712,106.30416895709999,20.599999564799997,0.0
13056,68713,106.30833562379999,20.599999564799997,0.0
13056,68714,106.31250229049999,20.599999564799997,0.0
13056,68715,106.3166689572,20.599999564799997,1.193859577178955
13056,68716,106.3208356239,20.599999564799997,1.2858333587646484
13056,68717,106.3250022906,20.599999564799997,1.4904998540878296
13056,68718,106.3291689573,20.599999564799997,1.6086206436157227
13056,68719,106.33333562399999,20.599999564799997,1.9081034660339355
13056,68720,106.33750229069999,20.599999564799997,1.906499981880188
13056,68721,106.34166895739999,20.599999564799997,2.053220272064209
13056,68722,106.34583562409999,20.599999564799997,2.12666654586792
13056,68723,106.35000229079999,20.599999564799997,2.4625861644744873
13056,68724,106.3541689575,20.599999564799997,2.2969491481781006
13056,68725,106.3583356242,20.599999564799997,1.850000023841858
13056,68726,106.3625022909,20.599999564799997,1.718166708946228
13056,68727,106.3666689576,20.599999564799997,1.6476562023162842
13056,68728,106.37083562429999,20.599999564799997,1.692769169807434
13056,68729,106.37500229099999,20.599999564799997,2.0456924438476562
13056,68730,106.37916895769999,20.599999564799997,2.2343335151672363
13056,68731,106.38333562439999,20.599999564799997,1.6071186065673828
13056,68732,106.38750229109999,20.599999564799997,1.3866666555404663
13056,68733,106.3916689578,20.599999564799997,1.3865000009536743
13056,68734,106.3958356245,20.599999564799997,1.3335000276565552
13056,68735,106.4000022912,20.599999564799997,1.475000023841858
13056,68736,106.4041689579,20.599999564799997,1.92589271068573
13056,68737,106.40833562459999,20.599999564799997,2.4389655590057373
13056,68738,106.41250229129999,20.599999564799997,2.358196496963501
13056,68739,106.41666895799999,20.599999564799997,1.862131118774414
13056,68740,106.42083562469999,20.599999564799997,1.678688645362854
13056,68741,106.42500229139999,20.599999564799997,1.7765518426895142
13056,68742,106.42916895809999,20.599999564799997,2.004655361175537
13056,68743,106.4333356248,20.599999564799997,2.395965099334717
13056,68744,106.4375022915,20.599999564799997,2.078908920288086
13056,68745,106.4416689582,20.599999564799997,1.4101850986480713
13056,68746,106.4458356249,20.599999564799997,1.2938889265060425
13056,68747,106.45000229159999,20.599999564799997,1.2370587587356567
13056,68748,106.45416895829999,20.599999564799997,0.0
13056,68749,106.45833562499999,20.599999564799997,1.2312963008880615
13056,68750,106.46250229169999,20.599999564799997,1.635576844215393
13056,68751,106.46666895839999,20.599999564799997,1.732830286026001
13056,68755,106.4833356252,20.599999564799997,1.80717933177948
13056,68756,106.48750229189999,20.599999564799997,1.5863155126571655
13056,68757,106.49166895859999,20.599999564799997,1.7515790462493896
13056,68758,106.49583562529999,20.599999564799997,1.7958974838256836
13056,68759,106.50000229199999,20.599999564799997,1.4129999876022339
13056,68760,106.50416895869999,20.599999564799997,1.441249966621399
13056,68761,106.5083356254,20.599999564799997,1.4322726726531982
13056,68762,106.5125022921,20.599999564799997,1.336363673210144
13056,68763,106.5166689588,20.599999564799997,1.2488372325897217
13056,68764,106.5208356255,20.599999564799997,1.3758536577224731
13056,68765,106.52500229219999,20.599999564799997,1.2997673749923706
13056,68766,106.52916895889999,20.599999564799997,1.412857174873352
13056,68767,106.53333562559999,20.599999564799997,1.5760464668273926
13056,68768,106.53750229229999,20.599999564799997,1.5920929908752441
13056,68769,106.54166895899999,20.599999564799997,1.4159523248672485
13056,68770,106.5458356257,20.599999564799997,1.3002381324768066
13056,68771,106.5500022924,20.599999564799997,1.4609524011611938
13056,68772,106.5541689591,20.599999564799997,1.8075610399246216
13056,68773,106.5583356258,20.599999564799997,1.466363787651062
13056,68774,106.56250229249999,20.599999564799997,1.2436585426330566
13056,68775,106.56666895919999,20.599999564799997,1.2580487728118896
13056,68776,106.57083562589999,20.599999564799997,1.2490476369857788
13056,68777,106.57500229259999,20.599999564799997,1.5133333206176758
13056,68778,106.57916895929999,20.599999564799997,1.5994999408721924
13056,68779,106.583335626,20.599999564799997,1.3278948068618774
13056,68780,106.5875022927,20.599999564799997,1.0371793508529663
13056,68781,106.5916689594,20.599999564799997,1.4747499227523804
13056,68782,106.5958356261,20.599999564799997,2.3524999618530273
13056,68783,106.60000229279999,20.599999564799997,1.9374358654022217
13056,68784,106.60416895949999,20.599999564799997,1.8125
13056,68785,106.60833562619999,20.599999564799997,2.3673171997070312
13056,68786,106.61250229289999,20.599999564799997,2.685365915298462
13056,68787,106.61666895959999,20.599999564799997,2.0304651260375977
13056,68788,106.62083562629999,20.599999564799997,1.4207316637039185
13056,68789,106.625002293,20.599999564799997,1.1225581169128418
13056,68790,106.6291689597,20.599999564799997,0.8931707739830017
13056,68791,106.6333356264,20.599999564799997,0.0
13056,68792,106.6375022931,20.599999564799997,0.0
13056,68793,106.64166895979999,20.599999564799997,0.0
13056,68794,106.64583562649999,20.599999564799997,0.0
13056,68795,106.65000229319999,20.599999564799997,0.0
13057,68671,106.1333356224,20.595832898099996,2.0505356788635254
13057,68672,106.1375022891,20.595832898099996,1.9337037801742554
13057,68673,106.14166895579999,20.595832898099996,2.246727466583252
13057,68674,106.14583562249999,20.595832898099996,2.478867769241333
13057,68675,106.15000228919999,20.595832898099996,2.416182041168213
13057,68676,106.15416895589999,20.595832898099996,2.1517856121063232
13057,68677,106.15833562259999,20.595832898099996,1.8499997854232788
13057,68678,106.1625022893,20.595832898099996,1.5001612901687622
13057,68679,106.166668956,20.595832898099996,0.0
13057,68680,106.1708356227,20.595832898099996,0.0
13057,68681,106.1750022894,20.595832898099996,0.0
13057,68682,106.17916895609999,20.595832898099996,1.5970690250396729
13057,68683,106.18333562279999,20.595832898099996,1.4632757902145386
13057,68684,106.18750228949999,20.595832898099996,1.5891228914260864
13057,68685,106.19166895619999,20.595832898099996,1.8421818017959595
13057,68686,106.19583562289999,20.595832898099996,1.8685483932495117
13057,68687,106.2000022896,20.595832898099996,2.345968008041382
13057,68688,106.2041689563,20.595832898099996,2.912033796310425
13057,68689,106.208335623,20.595832898099996,3.030508518218994
13057,68690,106.2125022897,20.595832898099996,2.966140031814575
13057,68691,106.21666895639999,20.595832898099996,3.219122886657715
13057,68692,106.22083562309999,20.595832898099996,5.645254135131836
13057,68693,106.22500228979999,20.595832898099996,6.186034679412842
13057,68694,106.22916895649999,20.595832898099996,3.825517177581787
13057,68695,106.23333562319999,20.595832898099996,2.123833417892456
13057,68696,106.2375022899,20.595832898099996,2.1991665363311768
13057,68697,106.2416689566,20.595832898099996,2.3910343647003174
13057,68698,106.2458356233,20.595832898099996,2.135789394378662
13057,68699,106.25000229,20.595832898099996,1.7090476751327515
13057,68700,106.2541689567,20.595832898099996,1.478153944015503
13057,68701,106.25833562339999,20.595832898099996,0.0
13057,68702,106.26250229009999,20.595832898099996,1.4180327653884888
13057,68703,106.26666895679999,20.595832898099996,1.3712903261184692
13057,68704,106.27083562349999,20.595832898099996,1.5229510068893433
13057,68705,106.27500229019999,20.595832898099996,1.5311475992202759
13057,68706,106.2791689569,20.595832898099996,1.5072880983352661
13057,68707,106.2833356236,20.595832898099996,2.052586317062378
13057,68708,106.2875022903,20.595832898099996,2.117666721343994
13057,68709,106.291668957,20.595832898099996,1.7260655164718628
13057,68710,106.29583562369999,20.595832898099996,1.4029031991958618
13057,68711,106.30000229039999,20.595832898099996,1.2106349468231201
13057,68712,106.30416895709999,20.595832898099996,0.0
13057,68713,106.30833562379999,20.595832898099996,1.1620689630508423
13057,68714,106.31250229049999,20.595832898099996,1.1689473390579224
13057,68715,106.3166689572,20.595832898099996,1.177142858505249
13057,68716,106.3208356239,20.595832898099996,1.1382758617401123
13057,68717,106.3250022906,20.595832898099996,1.3938982486724854
13057,68718,106.3291689573,20.595832898099996,1.714827537536621
13057,68719,106.33333562399999,20.595832898099996,1.9022808074951172
13057,68720,106.33750229069999,20.595832898099996,1.691999912261963
13057,68721,106.34166895739999,20.595832898099996,1.537192940711975
13057,68722,106.34583562409999,20.595832898099996,1.4335715770721436
13057,68723,106.35000229079999,20.595832898099996,1.3969810009002686
13057,68724,106.3541689575,20.595832898099996,1.5585715770721436
13057,68725,106.3583356242,20.595832898099996,1.5942622423171997
13057,68726,106.3625022909,20.595832898099996,1.7744263410568237
13057,68727,106.3666689576,20.595832898099996,1.7381250858306885
13057,68728,106.37083562429999,20.595832898099996,1.7681539058685303
13057,68729,106.37500229099999,20.595832898099996,1.9360604286193848
13057,68730,106.37916895769999,20.595832898099996,1.8976668119430542
13057,68731,106.38333562439999,20.595832898099996,1.4265000820159912
13057,68732,106.38750229109999,20.595832898099996,1.3908332586288452
13057,68733,106.3916689578,20.595832898099996,1.4863793849945068
13057,68734,106.3958356245,20.595832898099996,1.418965458869934
13057,68735,106.4000022912,20.595832898099996,1.301403522491455
13057,68736,106.4041689579,20.595832898099996,1.3604918718338013
13057,68737,106.40833562459999,20.595832898099996,1.8360000848770142
13057,68738,106.41250229129999,20.595832898099996,1.9195080995559692
13057,68739,106.41666895799999,20.595832898099996,1.6983050107955933
13057,68740,106.42083562469999,20.595832898099996,1.869166612625122
13057,68741,106.42500229139999,20.595832898099996,2.0998361110687256
13057,68742,106.42916895809999,20.595832898099996,2.289660930633545
13057,68743,106.4333356248,20.595832898099996,2.7489473819732666
13057,68744,106.4375022915,20.595832898099996,2.4723730087280273
13057,68745,106.4416689582,20.595832898099996,1.9394545555114746
13057,68746,106.4458356249,20.595832898099996,1.6396491527557373
13057,68747,106.45000229159999,20.595832898099996,1.3105554580688477
13057,68748,106.45416895829999,20.595832898099996,1.2375925779342651
13057,68749,106.45833562499999,20.595832898099996,1.3040740489959717
13057,68750,106.46250229169999,20.595832898099996,1.8151923418045044
13057,68751,106.46666895839999,20.595832898099996,2.0857694149017334
13057,68752,106.4708356251,20.595832898099996,1.728269100189209
13057,68753,106.4750022918,20.595832898099996,1.64187490940094
13057,68754,106.4791689585,20.595832898099996,1.9217778444290161
13057,68755,106.4833356252,20.595832898099996,2.0824999809265137
13057,68756,106.48750229189999,20.595832898099996,1.7705129384994507
13057,68757,106.49166895859999,20.595832898099996,1.9909753799438477
13057,68758,106.49583562529999,20.595832898099996,2.0175609588623047
13057,68759,106.50000229199999,20.595832898099996,1.7446341514587402
13057,68760,106.50416895869999,20.595832898099996,1.8162790536880493
13057,68761,106.5083356254,20.595832898099996,1.807674527168274
13057,68762,106.5125022921,20.595832898099996,1.7123255729675293
13057,68763,106.5166689588,20.595832898099996,1.5148780345916748
13057,68764,106.5208356255,20.595832898099996,1.281463384628296
13057,68765,106.52500229219999,20.595832898099996,1.126190423965454
13057,68766,106.52916895889999,20.595832898099996,1.1100000143051147
13057,68767,106.53333562559999,20.595832898099996,1.3522727489471436
13057,68768,106.53750229229999,20.595832898099996,1.4540908336639404
13057,68769,106.54166895899999,20.595832898099996,1.43813955783844
13057,68770,106.5458356257,20.595832898099996,0.0
13057,68771,106.5500022924,20.595832898099996,1.5677273273468018
13057,68772,106.5541689591,20.595832898099996,1.9004877805709839
13057,68773,106.5583356258,20.595832898099996,1.6409523487091064
13057,68774,106.56250229249999,20.595832898099996,1.4329999685287476
13057,68775,106.56666895919999,20.595832898099996,1.7647498846054077
13057,68776,106.57083562589999,20.595832898099996,1.9642854928970337
13057,68777,106.57500229259999,20.595832898099996,2.269047737121582
13057,68778,106.57916895929999,20.595832898099996,1.78125
13057,68779,106.583335626,20.595832898099996,1.2707692384719849
13057,68780,106.5875022927,20.595832898099996,1.0275609493255615
13057,68781,106.5916689594,20.595832898099996,1.1994999647140503
13057,68782,106.5958356261,20.595832898099996,1.6761537790298462
13057,68783,106.60000229279999,20.595832898099996,2.137631416320801
13057,68784,106.60416895949999,20.595832898099996,2.4711110591888428
13057,68785,106.60833562619999,20.595832898099996,3.4208106994628906
13057,68786,106.61250229289999,20.595832898099996,3.159231185913086
13057,68787,106.61666895959999,20.595832898099996,1.9826829433441162
13057,68788,106.62083562629999,20.595832898099996,1.373500108718872
13057,68789,106.625002293,20.595832898099996,1.0270731449127197
13057,68790,106.6291689597,20.595832898099996,0.872249960899353
13057,68791,106.6333356264,20.595832898099996,0.0
13057,68792,106.6375022931,20.595832898099996,0.0
13057,68793,106.64166895979999,20.595832898099996,0.0
13058,68671,106.1333356224,20.591666231399998,3.059821367263794
13058,68672,106.1375022891,20.591666231399998,3.2225000858306885
13058,68673,106.14166895579999,20.591666231399998,3.4444642066955566
13058,68674,106.14583562249999,20.591666231399998,2.822678327560425
13058,68675,106.15000228919999,20.591666231399998,2.4575862884521484
13058,68676,106.15416895589999,20.591666231399998,2.2147369384765625
13058,68677,106.15833562259999,20.591666231399998,1.9334479570388794
13058,68678,106.1625022893,20.591666231399998,1.6224589347839355
13058,68679,106.166668956,20.591666231399998,1.52396821975708
13058,68680,106.1708356227,20.591666231399998,1.6408065557479858
13058,68681,106.1750022894,20.591666231399998,1.6639683246612549
13058,68682,106.17916895609999,20.591666231399998,0.0
13058,68683,106.18333562279999,20.591666231399998,1.4606781005859375
13058,68684,106.18750228949999,20.591666231399998,1.5744067430496216
13058,68685,106.19166895619999,20.591666231399998,1.829285740852356
13058,68686,106.19583562289999,20.591666231399998,1.7731666564941406
13058,68687,106.2000022896,20.591666231399998,1.8483871221542358
13058,68688,106.2041689563,20.591666231399998,2.2434375286102295
13058,68689,106.208335623,20.591666231399998,2.3368849754333496
13058,68690,106.2125022897,20.591666231399998,2.6885480880737305
13058,68691,106.21666895639999,20.591666231399998,3.656557083129883
13058,68692,106.22083562309999,20.591666231399998,7.982381343841553
13058,68693,106.22500228979999,20.591666231399998,9.841476440429688
13058,68694,106.22916895649999,20.591666231399998,6.405344486236572
13058,68695,106.23333562319999,20.591666231399998,2.994262218475342
13058,68696,106.2375022899,20.591666231399998,2.3507938385009766
13058,68697,106.2416689566,20.591666231399998,2.201451539993286
13058,68698,106.2458356233,20.591666231399998,2.002063274383545
13058,68699,106.25000229,20.591666231399998,1.7752457857131958
13058,68700,106.2541689567,20.591666231399998,1.6047618389129639
13058,68701,106.25833562339999,20.591666231399998,1.6029508113861084
13058,68702,106.26250229009999,20.591666231399998,1.5248386859893799
13058,68703,106.26666895679999,20.591666231399998,1.465806484222412
13058,68704,106.27083562349999,20.591666231399998,1.6419999599456787
13058,68705,106.27500229019999,20.591666231399998,1.77566659450531
13058,68706,106.2791689569,20.591666231399998,1.6132203340530396
13058,68707,106.2833356236,20.591666231399998,1.6628814935684204
13058,68708,106.2875022903,20.591666231399998,1.78249990940094
13058,68709,106.291668957,20.591666231399998,1.5901639461517334
13058,68710,106.29583562369999,20.591666231399998,1.2904760837554932
13058,68711,106.30000229039999,20.591666231399998,1.190666675567627
13058,68712,106.30416895709999,20.591666231399998,1.2319998741149902
13058,68713,106.30833562379999,20.591666231399998,1.3708621263504028
13058,68714,106.31250229049999,20.591666231399998,1.3962498903274536
13058,68715,106.3166689572,20.591666231399998,1.471228003501892
13058,68716,106.3208356239,20.591666231399998,1.399824619293213
13058,68717,106.3250022906,20.591666231399998,1.3987500667572021
13058,68718,106.3291689573,20.591666231399998,1.5808769464492798
13058,68719,106.33333562399999,20.591666231399998,1.603859782218933
13058,68720,106.33750229069999,20.591666231399998,1.4293103218078613
13058,68721,106.34166895739999,20.591666231399998,1.3536841869354248
13058,68722,106.34583562409999,20.591666231399998,1.4403570890426636
13058,68723,106.35000229079999,20.591666231399998,1.5183333158493042
13058,68724,106.3541689575,20.591666231399998,1.701403260231018
13058,68725,106.3583356242,20.591666231399998,1.675254225730896
13058,68726,106.3625022909,20.591666231399998,1.6630644798278809
13058,68727,106.3666689576,20.591666231399998,1.8942856788635254
13058,68728,106.37083562429999,20.591666231399998,2.11733341217041
13058,68729,106.37500229099999,20.591666231399998,1.7783331871032715
13058,68730,106.37916895769999,20.591666231399998,1.4547457695007324
13058,68731,106.38333562439999,20.591666231399998,1.3252543210983276
13058,68732,106.38750229109999,20.591666231399998,1.380327820777893
13058,68733,106.3916689578,20.591666231399998,1.8363792896270752
13058,68734,106.3958356245,20.591666231399998,1.9513334035873413
13058,68735,106.4000022912,20.591666231399998,1.5068851709365845
13058,68736,106.4041689579,20.591666231399998,1.2701613903045654
13058,68737,106.40833562459999,20.591666231399998,1.259836196899414
13058,68738,106.41250229129999,20.591666231399998,1.3529508113861084
13058,68739,106.41666895799999,20.591666231399998,1.4010344743728638
13058,68740,106.42083562469999,20.591666231399998,1.6257143020629883
13058,68741,106.42500229139999,20.591666231399998,1.8177047967910767
13058,68742,106.42916895809999,20.591666231399998,1.864590048789978
13058,68743,106.4333356248,20.591666231399998,2.2567856311798096
13058,68744,106.4375022915,20.591666231399998,2.8008620738983154
13058,68745,106.4416689582,20.591666231399998,2.970370292663574
13058,68746,106.4458356249,20.591666231399998,2.472407579421997
13058,68747,106.45000229159999,20.591666231399998,1.7537035942077637
13058,68748,106.45416895829999,20.591666231399998,1.2978183031082153
13058,68749,106.45833562499999,20.591666231399998,1.32535719871521
13058,68750,106.46250229169999,20.591666231399998,1.7349997758865356
13058,68751,106.46666895839999,20.591666231399998,1.949272871017456
13058,68752,106.4708356251,20.591666231399998,1.6831481456756592
13058,68753,106.4750022918,20.591666231399998,1.5371110439300537
13058,68754,106.4791689585,20.591666231399998,1.8192857503890991
13058,68755,106.4833356252,20.591666231399998,1.8814284801483154
13058,68756,106.48750229189999,20.591666231399998,1.7811628580093384
13058,68757,106.49166895859999,20.591666231399998,1.9149999618530273
13058,68758,106.49583562529999,20.591666231399998,1.8914284706115723
13058,68759,106.50000229199999,20.591666231399998,1.672325611114502
13058,68760,106.50416895869999,20.591666231399998,1.590232491493225
13058,68761,106.5083356254,20.591666231399998,1.5218604803085327
13058,68762,106.5125022921,20.591666231399998,1.4604545831680298
13058,68763,106.5166689588,20.591666231399998,1.380232572555542
13058,68764,106.5208356255,20.591666231399998,1.1648781299591064
13058,68765,106.52500229219999,20.591666231399998,1.0846341848373413
13058,68766,106.52916895889999,20.591666231399998,1.2290476560592651
13058,68767,106.53333562559999,20.591666231399998,1.6746666431427002
13058,68768,106.53750229229999,20.591666231399998,1.6656818389892578
13058,68769,106.54166895899999,20.591666231399998,1.46999990940094
13058,68770,106.5458356257,20.591666231399998,0.0
13058,68771,106.5500022924,20.591666231399998,1.4306668043136597
13058,68772,106.5541689591,20.591666231399998,1.6988095045089722
13058,68773,106.5583356258,20.591666231399998,1.5482927560806274
13058,68774,106.56250229249999,20.591666231399998,1.2767499685287476
13058,68775,106.56666895919999,20.591666231399998,1.48025643825531
13058,68776,106.57083562589999,20.591666231399998,2.2295002937316895
13058,68777,106.57500229259999,20.591666231399998,2.5321950912475586
13058,68778,106.57916895929999,20.591666231399998,1.7575000524520874
13058,68779,106.583335626,20.591666231399998,1.4171794652938843
13058,68780,106.5875022927,20.591666231399998,1.1317073106765747
13058,68781,106.5916689594,20.591666231399998,1.159500002861023
13058,68782,106.5958356261,20.591666231399998,1.3589473962783813
13058,68783,106.60000229279999,20.591666231399998,1.9559459686279297
13058,68784,106.60416895949999,20.591666231399998,2.619999885559082
13058,68785,106.60833562619999,20.591666231399998,3.2211110591888428
13058,68786,106.61250229289999,20.591666231399998,2.542051315307617
13058,68787,106.61666895959999,20.591666231399998,1.594878077507019
13058,68788,106.62083562629999,20.591666231399998,1.2263157367706299
13058,68789,106.625002293,20.591666231399998,0.9584211111068726
13058,68790,106.6291689597,20.591666231399998,0.0
13058,68791,106.6333356264,20.591666231399998,0.0
13058,68792,106.6375022931,20.591666231399998,0.0
13059,68671,106.1333356224,20.587499564699996,2.977069139480591
13059,68672,106.1375022891,20.587499564699996,3.482931137084961
13059,68673,106.14166895579999,20.587499564699996,3.5498244762420654
13059,68674,106.14583562249999,20.587499564699996,2.9573686122894287
13059,68675,106.15000228919999,20.587499564699996,2.9286441802978516
13059,68676,106.15416895589999,20.587499564699996,2.8205084800720215
13059,68677,106.15833562259999,20.587499564699996,2.4861669540405273
13059,68678,106.1625022893,20.587499564699996,2.1580328941345215
13059,68679,106.166668956,20.587499564699996,1.980163812637329
13059,68680,106.1708356227,20.587499564699996,1.8782540559768677
13059,68681,106.1750022894,20.587499564699996,1.5798461437225342
13059,68682,106.17916895609999,20.587499564699996,1.550317406654358
13059,68683,106.18333562279999,20.587499564699996,1.6535483598709106
13059,68684,106.18750228949999,20.587499564699996,2.048813581466675
13059,68685,106.19166895619999,20.587499564699996,2.1940677165985107
13059,68686,106.19583562289999,20.587499564699996,1.8933331966400146
13059,68687,106.2000022896,20.587499564699996,1.6801613569259644
13059,68688,106.2041689563,20.587499564699996,1.682656168937683
13059,68689,106.208335623,20.587499564699996,1.7607814073562622
13059,68690,106.2125022897,20.587499564699996,2.232769012451172
13059,68691,106.21666895639999,20.587499564699996,3.2345163822174072
13059,68692,106.22083562309999,20.587499564699996,6.064098358154297
13059,68693,106.22500228979999,20.587499564699996,8.58112907409668
13059,68694,106.22916895649999,20.587499564699996,6.836667060852051
13059,68695,106.23333562319999,20.587499564699996,4.652241230010986
13059,68696,106.2375022899,20.587499564699996,3.442666530609131
13059,68697,106.2416689566,20.587499564699996,2.693333387374878
13059,68698,106.2458356233,20.587499564699996,2.1600000858306885
13059,68699,106.25000229,20.587499564699996,1.9673017263412476
13059,68700,106.2541689567,20.587499564699996,1.924515962600708
13059,68701,106.25833562339999,20.587499564699996,1.726885199546814
13059,68702,106.26250229009999,20.587499564699996,1.587580680847168
13059,68703,106.26666895679999,20.587499564699996,0.0
13059,68704,106.27083562349999,20.587499564699996,0.0
13059,68705,106.27500229019999,20.587499564699996,1.7684999704360962
13059,68706,106.2791689569,20.587499564699996,1.4986439943313599
13059,68707,106.2833356236,20.587499564699996,1.333620548248291
13059,68708,106.2875022903,20.587499564699996,1.3617240190505981
13059,68709,106.291668957,20.587499564699996,1.283500075340271
13059,68710,106.29583562369999,20.587499564699996,1.2625423669815063
13059,68711,106.30000229039999,20.587499564699996,1.2891230583190918
13059,68712,106.30416895709999,20.587499564699996,1.5773214101791382
13059,68713,106.30833562379999,20.587499564699996,1.6943333148956299
13059,68714,106.31250229049999,20.587499564699996,1.7025861740112305
13059,68715,106.3166689572,20.587499564699996,1.7617543935775757
13059,68716,106.3208356239,20.587499564699996,1.6440352201461792
13059,68717,106.3250022906,20.587499564699996,1.5073214769363403
13059,68718,106.3291689573,20.587499564699996,1.4415788650512695
13059,68719,106.33333562399999,20.587499564699996,1.370172381401062
13059,68720,106.33750229069999,20.587499564699996,1.5528812408447266
13059,68721,106.34166895739999,20.587499564699996,1.6913560628890991
13059,68722,106.34583562409999,20.587499564699996,1.9755357503890991
13059,68723,106.35000229079999,20.587499564699996,1.8053704500198364
13059,68724,106.3541689575,20.587499564699996,1.7698276042938232
13059,68725,106.3583356242,20.587499564699996,1.6739999055862427
13059,68726,106.3625022909,20.587499564699996,1.5591803789138794
13059,68727,106.3666689576,20.587499564699996,1.7862120866775513
13059,68728,106.37083562429999,20.587499564699996,2.2314517498016357
13059,68729,106.37500229099999,20.587499564699996,1.871269941329956
13059,68730,106.37916895769999,20.587499564699996,1.425645112991333
13059,68731,106.38333562439999,20.587499564699996,1.3062294721603394
13059,68732,106.38750229109999,20.587499564699996,1.4181666374206543
13059,68733,106.3916689578,20.587499564699996,2.0772414207458496
13059,68734,106.3958356245,20.587499564699996,2.4420337677001953
13059,68735,106.4000022912,20.587499564699996,2.0738980770111084
13059,68736,106.4041689579,20.587499564699996,1.4536666870117188
13059,68737,106.40833562459999,20.587499564699996,1.2740983963012695
13059,68738,106.41250229129999,20.587499564699996,0.0
13059,68739,106.41666895799999,20.587499564699996,1.3026665449142456
13059,68740,106.42083562469999,20.587499564699996,1.3468964099884033
13059,68741,106.42500229139999,20.587499564699996,1.607796549797058
13059,68742,106.42916895809999,20.587499564699996,1.7076666355133057
13059,68743,106.4333356248,20.587499564699996,1.80436372756958
13059,68744,106.4375022915,20.587499564699996,2.3508927822113037
13059,68745,106.4416689582,20.587499564699996,3.513584613800049
13059,68746,106.4458356249,20.587499564699996,3.039074420928955
13059,68747,106.45000229159999,20.587499564699996,1.7777358293533325
13059,68748,106.45416895829999,20.587499564699996,1.3266037702560425
13059,68749,106.45833562499999,20.587499564699996,1.2920753955841064
13059,68750,106.46250229169999,20.587499564699996,1.5018867254257202
13059,68751,106.46666895839999,20.587499564699996,1.5970369577407837
13059,68752,106.4708356251,20.587499564699996,1.4628300666809082
13059,68753,106.4750022918,20.587499564699996,1.426041603088379
13059,68754,106.4791689585,20.587499564699996,1.509090781211853
13059,68755,106.4833356252,20.587499564699996,1.830714225769043
13059,68756,106.48750229189999,20.587499564699996,1.762558102607727
13059,68757,106.49166895859999,20.587499564699996,1.7330952882766724
13059,68758,106.49583562529999,20.587499564699996,1.7195122241973877
13059,68759,106.50000229199999,20.587499564699996,1.3947619199752808
13059,68760,106.50416895869999,20.587499564699996,1.2502273321151733
13059,68761,106.5083356254,20.587499564699996,1.2411363124847412
13059,68762,106.5125022921,20.587499564699996,1.409999966621399
13059,68763,106.5166689588,20.587499564699996,1.4579070806503296
13059,68764,106.5208356255,20.587499564699996,1.3661904335021973
13059,68765,106.52500229219999,20.587499564699996,1.257073163986206
13059,68766,106.52916895889999,20.587499564699996,1.3167442083358765
13059,68767,106.53333562559999,20.587499564699996,1.775333285331726
13059,68768,106.53750229229999,20.587499564699996,1.8182224035263062
13059,68769,106.54166895899999,20.587499564699996,1.4567440748214722
13059,68770,106.5458356257,20.587499564699996,1.2372727394104004
13059,68771,106.5500022924,20.587499564699996,1.2260464429855347
13059,68772,106.5541689591,20.587499564699996,1.4173810482025146
13059,68773,106.5583356258,20.587499564699996,1.3723255395889282
13059,68774,106.56250229249999,20.587499564699996,1.2172092199325562
13059,68775,106.56666895919999,20.587499564699996,1.3973170518875122
13059,68776,106.57083562589999,20.587499564699996,1.8292499780654907
13059,68777,106.57500229259999,20.587499564699996,1.6946340799331665
13059,68778,106.57916895929999,20.587499564699996,1.314615249633789
13059,68779,106.583335626,20.587499564699996,1.274999976158142
13059,68780,106.5875022927,20.587499564699996,1.1636584997177124
13059,68781,106.5916689594,20.587499564699996,1.379249930381775
13059,68782,106.5958356261,20.587499564699996,1.7656757831573486
13059,68783,106.60000229279999,20.587499564699996,1.995945930480957
13059,68784,106.60416895949999,20.587499564699996,2.250277519226074
13059,68785,106.60833562619999,20.587499564699996,2.1533331871032715
13059,68786,106.61250229289999,20.587499564699996,1.5110257863998413
13059,68787,106.61666895959999,20.587499564699996,1.0102499723434448
13059,68788,106.62083562629999,20.587499564699996,0.8718420267105103
13059,68789,106.625002293,20.587499564699996,0.790526270866394
13059,68790,106.6291689597,20.587499564699996,0.0
13059,68791,106.6333356264,20.587499564699996,0.0
13060,68671,106.1333356224,20.583332897999995,2.75
13060,68672,106.1375022891,20.583332897999995,3.1212499141693115
13060,68673,106.14166895579999,20.583332897999995,3.4857141971588135
13060,68674,106.14583562249999,20.583332897999995,3.9031035900115967
13060,68675,106.15000228919999,20.583332897999995,4.236721515655518
13060,68676,106.15416895589999,20.583332897999995,4.163870811462402
13060,68677,106.15833562259999,20.583332897999995,3.4981963634490967
13060,68678,106.1625022893,20.583332897999995,2.9119672775268555
13060,68679,106.166668956,20.583332897999995,2.5399999618530273
13060,68680,106.1708356227,20.583332897999995,2.1810173988342285
13060,68681,106.1750022894,20.583332897999995,1.8984999656677246
13060,68682,106.17916895609999,20.583332897999995,1.873809576034546
13060,68683,106.18333562279999,20.583332897999995,2.5063934326171875
13060,68684,106.18750228949999,20.583332897999995,3.1581034660339355
13060,68685,106.19166895619999,20.583332897999995,2.795344829559326
13060,68686,106.19583562289999,20.583332897999995,1.8369840383529663
13060,68687,106.2000022896,20.583332897999995,1.59890615940094
13060,68688,106.2041689563,20.583332897999995,1.7325396537780762
13060,68689,106.208335623,20.583332897999995,2.0215253829956055
13060,68690,106.2125022897,20.583332897999995,2.2072131633758545
13060,68691,106.21666895639999,20.583332897999995,2.1107935905456543
13060,68692,106.22083562309999,20.583332897999995,2.55301570892334
13060,68693,106.22500228979999,20.583332897999995,3.1021313667297363
13060,68694,106.22916895649999,20.583332897999995,3.888225793838501
13060,68695,106.23333562319999,20.583332897999995,4.655517101287842
13060,68696,106.2375022899,20.583332897999995,4.530689716339111
13060,68697,106.2416689566,20.583332897999995,3.9920003414154053
13060,68698,106.2458356233,20.583332897999995,3.1716129779815674
13060,68699,106.25000229,20.583332897999995,2.3657140731811523
13060,68700,106.2541689567,20.583332897999995,1.974753975868225
13060,68701,106.25833562339999,20.583332897999995,1.8457378149032593
13060,68702,106.26250229009999,20.583332897999995,1.673387050628662
13060,68703,106.26666895679999,20.583332897999995,1.5647459030151367
13060,68704,106.27083562349999,20.583332897999995,1.69655179977417
13060,68705,106.27500229019999,20.583332897999995,1.6572880744934082
13060,68706,106.2791689569,20.583332897999995,1.4803390502929688
13060,68707,106.2833356236,20.583332897999995,1.391206979751587
13060,68708,106.2875022903,20.583332897999995,1.3683334589004517
13060,68709,106.291668957,20.583332897999995,1.3193334341049194
13060,68710,106.29583562369999,20.583332897999995,1.4413559436798096
13060,68711,106.30000229039999,20.583332897999995,1.83214271068573
13060,68712,106.30416895709999,20.583332897999995,2.0696425437927246
13060,68713,106.30833562379999,20.583332897999995,1.7979660034179688
13060,68714,106.31250229049999,20.583332897999995,1.7347368001937866
13060,68715,106.3166689572,20.583332897999995,1.6449123620986938
13060,68716,106.3208356239,20.583332897999995,1.512586236000061
13060,68717,106.3250022906,20.583332897999995,1.4173682928085327
13060,68718,106.3291689573,20.583332897999995,0.0
13060,68719,106.33333562399999,20.583332897999995,1.4222806692123413
13060,68720,106.33750229069999,20.583332897999995,1.7333333492279053
13060,68721,106.34166895739999,20.583332897999995,2.227586269378662
13060,68722,106.34583562409999,20.583332897999995,2.2525861263275146
13060,68723,106.35000229079999,20.583332897999995,1.85813570022583
13060,68724,106.3541689575,20.583332897999995,1.585230827331543
13060,68725,106.3583356242,20.583332897999995,1.6020312309265137
13060,68726,106.3625022909,20.583332897999995,1.6703225374221802
13060,68727,106.3666689576,20.583332897999995,1.9504685401916504
13060,68728,106.37083562429999,20.583332897999995,2.084218740463257
13060,68729,106.37500229099999,20.583332897999995,2.187777519226074
13060,68730,106.37916895769999,20.583332897999995,1.6962902545928955
13060,68731,106.38333562439999,20.583332897999995,1.4628572463989258
13060,68732,106.38750229109999,20.583332897999995,1.6379034519195557
13060,68733,106.3916689578,20.583332897999995,2.2314517498016357
13060,68734,106.3958356245,20.583332897999995,2.542295217514038
13060,68735,106.4000022912,20.583332897999995,2.2413556575775146
13060,68736,106.4041689579,20.583332897999995,1.585087776184082
13060,68737,106.40833562459999,20.583332897999995,1.352931022644043
13060,68738,106.41250229129999,20.583332897999995,0.0
13060,68739,106.41666895799999,20.583332897999995,0.0
13060,68740,106.42083562469999,20.583332897999995,1.311403512954712
13060,68741,106.42500229139999,20.583332897999995,1.563928484916687
13060,68742,106.42916895809999,20.583332897999995,1.588793158531189
13060,68743,106.4333356248,20.583332897999995,1.4090909957885742
13060,68744,106.4375022915,20.583332897999995,1.7140001058578491
13060,68745,106.4416689582,20.583332897999995,2.477454423904419
13060,68746,106.4458356249,20.583332897999995,2.1342594623565674
13060,68747,106.45000229159999,20.583332897999995,1.4486539363861084
13060,68748,106.45416895829999,20.583332897999995,1.2998113632202148
13060,68749,106.45833562499999,20.583332897999995,1.4837735891342163
13060,68750,106.46250229169999,20.583332897999995,1.784717082977295
13060,68751,106.46666895839999,20.583332897999995,1.9844229221343994
13060,68752,106.4708356251,20.583332897999995,1.8061999082565308
13060,68753,106.4750022918,20.583332897999995,1.5595653057098389
13060,68754,106.4791689585,20.583332897999995,2.156409978866577
13060,68755,106.4833356252,20.583332897999995,2.5274996757507324
13060,68756,106.48750229189999,20.583332897999995,2.2374417781829834
13060,68757,106.49166895859999,20.583332897999995,1.890714406967163
13060,68758,106.49583562529999,20.583332897999995,1.541428565979004
13060,68759,106.50000229199999,20.583332897999995,1.348095178604126
13060,68760,106.50416895869999,20.583332897999995,1.160232663154602
13060,68761,106.5083356254,20.583332897999995,1.237674355506897
13060,68762,106.5125022921,20.583332897999995,1.64604651927948
13060,68763,106.5166689588,20.583332897999995,1.9885714054107666
13060,68764,106.5208356255,20.583332897999995,2.2266666889190674
13060,68765,106.52500229219999,20.583332897999995,2.308000087738037
13060,68766,106.52916895889999,20.583332897999995,1.9688093662261963
13060,68767,106.53333562559999,20.583332897999995,1.7397674322128296
13060,68768,106.53750229229999,20.583332897999995,1.503260850906372
13060,68769,106.54166895899999,20.583332897999995,1.2761362791061401
13060,68770,106.5458356257,20.583332897999995,1.156136393547058
13060,68771,106.5500022924,20.583332897999995,1.1476744413375854
13060,68772,106.5541689591,20.583332897999995,1.2316278219223022
13060,68773,106.5583356258,20.583332897999995,1.2531707286834717
13060,68774,106.56250229249999,20.583332897999995,1.2419047355651855
13060,68775,106.56666895919999,20.583332897999995,1.427073359489441
13060,68776,106.57083562589999,20.583332897999995,1.7157500982284546
13060,68777,106.57500229259999,20.583332897999995,1.4304999113082886
13060,68778,106.57916895929999,20.583332897999995,1.0389999151229858
13060,68779,106.583335626,20.583332897999995,0.9941464066505432
13060,68780,106.5875022927,20.583332897999995,1.058333396911621
13060,68781,106.5916689594,20.583332897999995,1.2317073345184326
13060,68782,106.5958356261,20.583332897999995,1.5731579065322876
13060,68783,106.60000229279999,20.583332897999995,1.6989742517471313
13060,68784,106.60416895949999,20.583332897999995,1.409999966621399
13060,68785,106.60833562619999,20.583332897999995,1.2149999141693115
13060,68787,106.61666895959999,20.583332897999995,0.8305404782295227
13060,68788,106.62083562629999,20.583332897999995,0.0
13060,68789,106.625002293,20.583332897999995,0.0
13060,68790,106.6291689597,20.583332897999995,0.0
13061,68671,106.1333356224,20.579166231299997,1.9764814376831055
13061,68672,106.1375022891,20.579166231299997,2.187999963760376
13061,68673,106.14166895579999,20.579166231299997,2.872241497039795
13061,68674,106.14583562249999,20.579166231299997,3.9635000228881836
13061,68675,106.15000228919999,20.579166231299997,4.631129264831543
13061,68676,106.15416895589999,20.579166231299997,4.446349143981934
13061,68677,106.15833562259999,20.579166231299997,4.204677581787109
13061,68678,106.1625022893,20.579166231299997,4.254761695861816
13061,68679,106.166668956,20.579166231299997,3.7146875858306885
13061,68680,106.1708356227,20.579166231299997,3.378852605819702
13061,68681,106.1750022894,20.579166231299997,3.1631147861480713
13061,68682,106.17916895609999,20.579166231299997,3.0353126525878906
13061,68683,106.18333562279999,20.579166231299997,3.371269941329956
13061,68684,106.18750228949999,20.579166231299997,3.4616668224334717
13061,68685,106.19166895619999,20.579166231299997,2.3864517211914062
13061,68686,106.19583562289999,20.579166231299997,1.675624966621399
13061,68687,106.2000022896,20.579166231299997,1.5206451416015625
13061,68688,106.2041689563,20.579166231299997,1.582373023033142
13061,68689,106.208335623,20.579166231299997,2.1917240619659424
13061,68690,106.2125022897,20.579166231299997,2.3393442630767822
13061,68691,106.21666895639999,20.579166231299997,1.9249207973480225
13061,68692,106.22083562309999,20.579166231299997,1.6716666221618652
13061,68693,106.22500228979999,20.579166231299997,1.8039345741271973
13061,68694,106.22916895649999,20.579166231299997,1.9888523817062378
13061,68695,106.23333562319999,20.579166231299997,2.6390163898468018
13061,68696,106.2375022899,20.579166231299997,3.2914516925811768
13061,68697,106.2416689566,20.579166231299997,3.909677267074585
13061,68698,106.2458356233,20.579166231299997,3.8885936737060547
13061,68699,106.25000229,20.579166231299997,2.5780951976776123
13061,68700,106.2541689567,20.579166231299997,1.946393370628357
13061,68701,106.25833562339999,20.579166231299997,1.867540955543518
13061,68702,106.26250229009999,20.579166231299997,1.7009676694869995
13061,68703,106.26666895679999,20.579166231299997,1.791016936302185
13061,68704,106.27083562349999,20.579166231299997,2.037966251373291
13061,68705,106.27500229019999,20.579166231299997,1.9885245561599731
13061,68706,106.2791689569,20.579166231299997,1.785166621208191
13061,68707,106.2833356236,20.579166231299997,1.7622413635253906
13061,68708,106.2875022903,20.579166231299997,1.7313114404678345
13061,68709,106.291668957,20.579166231299997,1.638196587562561
13061,68710,106.29583562369999,20.579166231299997,1.6252541542053223
13061,68711,106.30000229039999,20.579166231299997,2.05543851852417
13061,68712,106.30416895709999,20.579166231299997,2.543928384780884
13061,68713,106.30833562379999,20.579166231299997,2.19350004196167
13061,68714,106.31250229049999,20.579166231299997,1.7686206102371216
13061,68715,106.3166689572,20.579166231299997,1.4328572750091553
13061,68716,106.3208356239,20.579166231299997,1.4185714721679688
13061,68717,106.3250022906,20.579166231299997,1.4728070497512817
13061,68718,106.3291689573,20.579166231299997,1.414210557937622
13061,68719,106.33333562399999,20.579166231299997,1.4072725772857666
13061,68720,106.33750229069999,20.579166231299997,1.7677586078643799
13061,68721,106.34166895739999,20.579166231299997,1.998275876045227
13061,68722,106.34583562409999,20.579166231299997,1.8781967163085938
13061,68723,106.35000229079999,20.579166231299997,1.6731666326522827
13061,68724,106.3541689575,20.579166231299997,1.7506152391433716
13061,68725,106.3583356242,20.579166231299997,2.612461805343628
13061,68726,106.3625022909,20.579166231299997,2.4731249809265137
13061,68727,106.3666689576,20.579166231299997,2.426825523376465
13061,68728,106.37083562429999,20.579166231299997,2.4725396633148193
13061,68729,106.37500229099999,20.579166231299997,2.7021539211273193
13061,68730,106.37916895769999,20.579166231299997,2.2064614295959473
13061,68731,106.38333562439999,20.579166231299997,1.6990625858306885
13061,68732,106.38750229109999,20.579166231299997,2.1657142639160156
13061,68733,106.3916689578,20.579166231299997,2.633666753768921
13061,68734,106.3958356245,20.579166231299997,2.430000066757202
13061,68735,106.4000022912,20.579166231299997,1.9614756107330322
13061,68736,106.4041689579,20.579166231299997,1.5610344409942627
13061,68737,106.40833562459999,20.579166231299997,1.3254384994506836
13061,68738,106.41250229129999,20.579166231299997,0.0
13061,68739,106.41666895799999,20.579166231299997,0.0
13061,68740,106.42083562469999,20.579166231299997,1.2087500095367432
13061,68741,106.42500229139999,20.579166231299997,1.2174999713897705
13061,68742,106.42916895809999,20.579166231299997,1.260689616203308
13061,68743,106.4333356248,20.579166231299997,1.3559259176254272
13061,68744,106.4375022915,20.579166231299997,1.5787273645401
13061,68745,106.4416689582,20.579166231299997,1.6301922798156738
13061,68746,106.4458356249,20.579166231299997,1.3819230794906616
13061,68747,106.45000229159999,20.579166231299997,1.1760377883911133
13061,68748,106.45416895829999,20.579166231299997,1.2358824014663696
13061,68749,106.45833562499999,20.579166231299997,1.5467307567596436
13061,68750,106.46250229169999,20.579166231299997,2.292452573776245
13061,68751,106.46666895839999,20.579166231299997,2.667599678039551
13061,68752,106.4708356251,20.579166231299997,2.2623403072357178
13061,68753,106.4750022918,20.579166231299997,1.9634883403778076
13061,68754,106.4791689585,20.579166231299997,2.1922500133514404
13061,68755,106.4833356252,20.579166231299997,2.3955001831054688
13061,68756,106.48750229189999,20.579166231299997,1.89414644241333
13061,68757,106.49166895859999,20.579166231299997,1.5747618675231934
13061,68758,106.49583562529999,20.579166231299997,1.3297617435455322
13061,68759,106.50000229199999,20.579166231299997,1.2542856931686401
13061,68760,106.50416895869999,20.579166231299997,1.227857232093811
13061,68761,106.5083356254,20.579166231299997,1.3129545450210571
13061,68762,106.5125022921,20.579166231299997,1.8055813312530518
13061,68763,106.5166689588,20.579166231299997,2.201860189437866
13061,68764,106.5208356255,20.579166231299997,2.49045467376709
13061,68765,106.52500229219999,20.579166231299997,3.0644187927246094
13061,68766,106.52916895889999,20.579166231299997,2.6599998474121094
13061,68767,106.53333562559999,20.579166231299997,1.8490242958068848
13061,68768,106.53750229229999,20.579166231299997,1.62568199634552
13061,68769,106.54166895899999,20.579166231299997,1.5292856693267822
13061,68770,106.5458356257,20.579166231299997,1.309761881828308
13061,68771,106.5500022924,20.579166231299997,1.2574418783187866
13061,68772,106.5541689591,20.579166231299997,1.5365853309631348
13061,68773,106.5583356258,20.579166231299997,1.6692498922348022
13061,68774,106.56250229249999,20.579166231299997,1.562000036239624
13061,68775,106.56666895919999,20.579166231299997,1.4607499837875366
13061,68776,106.57083562589999,20.579166231299997,1.3919047117233276
13061,68777,106.57500229259999,20.579166231299997,1.228536605834961
13061,68778,106.57916895929999,20.579166231299997,1.0575610399246216
13061,68779,106.583335626,20.579166231299997,0.9879069924354553
13061,68780,106.5875022927,20.579166231299997,1.0600000619888306
13061,68781,106.5916689594,20.579166231299997,1.2399998903274536
13061,68782,106.5958356261,20.579166231299997,1.324772834777832
13061,68783,106.60000229279999,20.579166231299997,1.232380986213684
13061,68784,106.60416895949999,20.579166231299997,1.03789484500885
13061,68785,106.60833562619999,20.579166231299997,0.8576315641403198
13061,68788,106.62083562629999,20.579166231299997,0.0
13062,68671,106.1333356224,20.574999564599995,1.5574073791503906
13062,68672,106.1375022891,20.574999564599995,1.6436841487884521
13062,68673,106.14166895579999,20.574999564599995,1.9942373037338257
13062,68674,106.14583562249999,20.574999564599995,2.5967214107513428
13062,68675,106.15000228919999,20.574999564599995,2.7977049350738525
13062,68676,106.15416895589999,20.574999564599995,2.7028329372406006
13062,68677,106.15833562259999,20.574999564599995,3.1053123474121094
13062,68678,106.1625022893,20.574999564599995,3.7172579765319824
13062,68679,106.166668956,20.574999564599995,3.447626829147339
13062,68680,106.1708356227,20.574999564599995,3.190666675567627
13062,68681,106.1750022894,20.574999564599995,3.4638330936431885
13062,68682,106.17916895609999,20.574999564599995,3.5567214488983154
13062,68683,106.18333562279999,20.574999564599995,3.6488335132598877
13062,68684,106.18750228949999,20.574999564599995,2.743666648864746
13062,68685,106.19166895619999,20.574999564599995,1.9140321016311646
13062,68686,106.19583562289999,20.574999564599995,1.563906192779541
13062,68687,106.2000022896,20.574999564599995,1.486875057220459
13062,68688,106.2041689563,20.574999564599995,1.4534426927566528
13062,68689,106.208335623,20.574999564599995,1.9217239618301392
13062,68690,106.2125022897,20.574999564599995,2.149491548538208
13062,68691,106.21666895639999,20.574999564599995,1.8752542734146118
13062,68692,106.22083562309999,20.574999564599995,1.5993221998214722
13062,68693,106.22500228979999,20.574999564599995,1.7147457599639893
13062,68694,106.22916895649999,20.574999564599995,1.9005082845687866
13062,68695,106.23333562319999,20.574999564599995,1.9445160627365112
13062,68696,106.2375022899,20.574999564599995,1.915483832359314
13062,68697,106.2416689566,20.574999564599995,2.795806407928467
13062,68698,106.2458356233,20.574999564599995,3.101290225982666
13062,68699,106.25000229,20.574999564599995,2.4584126472473145
13062,68700,106.2541689567,20.574999564599995,2.133333206176758
13062,68701,106.25833562339999,20.574999564599995,1.884753942489624
13062,68702,106.26250229009999,20.574999564599995,1.6764999628067017
13062,68703,106.26666895679999,20.574999564599995,1.5985000133514404
13062,68704,106.27083562349999,20.574999564599995,1.7536665201187134
13062,68705,106.27500229019999,20.574999564599995,1.9290165901184082
13062,68706,106.2791689569,20.574999564599995,2.047377109527588
13062,68707,106.2833356236,20.574999564599995,1.7818644046783447
13062,68708,106.2875022903,20.574999564599995,1.7044262886047363
13062,68709,106.291668957,20.574999564599995,1.7156896591186523
13062,68710,106.29583562369999,20.574999564599995,1.585254192352295
13062,68711,106.30000229039999,20.574999564599995,1.8308475017547607
13062,68712,106.30416895709999,20.574999564599995,2.248135566711426
13062,68713,106.30833562379999,20.574999564599995,2.321666717529297
13062,68714,106.31250229049999,20.574999564599995,1.6649153232574463
13062,68715,106.3166689572,20.574999564599995,1.5040676593780518
13062,68716,106.3208356239,20.574999564599995,1.7717543840408325
13062,68717,106.3250022906,20.574999564599995,1.9960001707077026
13062,68718,106.3291689573,20.574999564599995,1.967678427696228
13062,68719,106.33333562399999,20.574999564599995,1.7043635845184326
13062,68720,106.33750229069999,20.574999564599995,1.7325000762939453
13062,68721,106.34166895739999,20.574999564599995,1.8056139945983887
13062,68722,106.34583562409999,20.574999564599995,1.791034460067749
13062,68723,106.35000229079999,20.574999564599995,1.9671931266784668
13062,68724,106.3541689575,20.574999564599995,2.520983934402466
13062,68725,106.3583356242,20.574999564599995,5.077704906463623
13062,68726,106.3625022909,20.574999564599995,5.393064498901367
13062,68727,106.3666689576,20.574999564599995,3.6036508083343506
13062,68728,106.37083562429999,20.574999564599995,2.9579362869262695
13062,68729,106.37500229099999,20.574999564599995,2.8731744289398193
13062,68730,106.37916895769999,20.574999564599995,2.2084128856658936
13062,68731,106.38333562439999,20.574999564599995,1.844833493232727
13062,68732,106.38750229109999,20.574999564599995,2.531639337539673
13062,68733,106.3916689578,20.574999564599995,3.2505085468292236
13062,68734,106.3958356245,20.574999564599995,2.7841668128967285
13062,68735,106.4000022912,20.574999564599995,1.9948334693908691
13062,68736,106.4041689579,20.574999564599995,1.474827766418457
13062,68737,106.40833562459999,20.574999564599995,1.3170689344406128
13062,68738,106.41250229129999,20.574999564599995,1.316551685333252
13062,68739,106.41666895799999,20.574999564599995,1.3654385805130005
13062,68740,106.42083562469999,20.574999564599995,0.0
13062,68741,106.42500229139999,20.574999564599995,0.0
13062,68742,106.42916895809999,20.574999564599995,0.0
13062,68743,106.4333356248,20.574999564599995,1.4047272205352783
13062,68744,106.4375022915,20.574999564599995,1.6885713338851929
13062,68745,106.4416689582,20.574999564599995,1.5423076152801514
13062,68746,106.4458356249,20.574999564599995,1.3055769205093384
13062,68747,106.45000229159999,20.574999564599995,1.2201851606369019
13062,68748,106.45416895829999,20.574999564599995,1.108113169670105
13062,68749,106.45833562499999,20.574999564599995,1.2311322689056396
13062,68750,106.46250229169999,20.574999564599995,1.6977776288986206
13062,68751,106.46666895839999,20.574999564599995,1.9937996864318848
13062,68752,106.4708356251,20.574999564599995,1.7909998893737793
13062,68753,106.4750022918,20.574999564599995,1.6195348501205444
13062,68754,106.4791689585,20.574999564599995,1.8245000839233398
13062,68755,106.4833356252,20.574999564599995,1.908500075340271
13062,68756,106.48750229189999,20.574999564599995,1.3592681884765625
13062,68757,106.49166895859999,20.574999564599995,1.280243992805481
13062,68758,106.49583562529999,20.574999564599995,1.3667501211166382
13062,68759,106.50000229199999,20.574999564599995,1.4552379846572876
13062,68760,106.50416895869999,20.574999564599995,1.5514286756515503
13062,68761,106.5083356254,20.574999564599995,1.8723809719085693
13062,68762,106.5125022921,20.574999564599995,2.143571376800537
13062,68763,106.5166689588,20.574999564599995,2.3495237827301025
13062,68764,106.5208356255,20.574999564599995,2.700697660446167
13062,68765,106.52500229219999,20.574999564599995,3.1313955783843994
13062,68766,106.52916895889999,20.574999564599995,2.4981393814086914
13062,68767,106.53333562559999,20.574999564599995,1.7497618198394775
13062,68768,106.53750229229999,20.574999564599995,1.7014636993408203
13062,68769,106.54166895899999,20.574999564599995,1.6892683506011963
13062,68770,106.5458356257,20.574999564599995,1.5486046075820923
13062,68771,106.5500022924,20.574999564599995,1.5776190757751465
13062,68772,106.5541689591,20.574999564599995,1.794418454170227
13062,68773,106.5583356258,20.574999564599995,1.9878572225570679
13062,68774,106.56250229249999,20.574999564599995,2.1865851879119873
13062,68775,106.56666895919999,20.574999564599995,1.724250078201294
13062,68776,106.57083562589999,20.574999564599995,1.4016666412353516
13062,68777,106.57500229259999,20.574999564599995,1.232926845550537
13062,68778,106.57916895929999,20.574999564599995,1.1807142496109009
13062,68779,106.583335626,20.574999564599995,1.2316665649414062
13062,68780,106.5875022927,20.574999564599995,1.2616279125213623
13062,68781,106.5916689594,20.574999564599995,1.2363636493682861
13062,68782,106.5958356261,20.574999564599995,1.0979546308517456
13062,68783,106.60000229279999,20.574999564599995,0.947804868221283
13062,68784,106.60416895949999,20.574999564599995,0.821025550365448
13063,68673,106.14166895579999,20.570832897899997,1.372678518295288
13063,68674,106.14583562249999,20.570832897899997,1.6173770427703857
13063,68675,106.15000228919999,20.570832897899997,1.876031756401062
13063,68676,106.15416895589999,20.570832897899997,1.9209834337234497
13063,68677,106.15833562259999,20.570832897899997,2.2714285850524902
13063,68678,106.1625022893,20.570832897899997,2.7481353282928467
13063,68679,106.166668956,20.570832897899997,2.4511666297912598
13063,68680,106.1708356227,20.570832897899997,2.2113115787506104
13063,68681,106.1750022894,20.570832897899997,2.5981669425964355
13063,68682,106.17916895609999,20.570832897899997,3.2253332138061523
13063,68683,106.18333562279999,20.570832897899997,3.327627182006836
13063,68684,106.18750228949999,20.570832897899997,2.3205084800720215
13063,68685,106.19166895619999,20.570832897899997,1.8481965065002441
13063,68686,106.19583562289999,20.570832897899997,1.506290316581726
13063,68687,106.2000022896,20.570832897899997,0.0
13063,68688,106.2041689563,20.570832897899997,1.4006348848342896
13063,68689,106.208335623,20.570832897899997,1.6432784795761108
13063,68690,106.2125022897,20.570832897899997,1.7382256984710693
13063,68691,106.21666895639999,20.570832897899997,1.6759322881698608
13063,68692,106.22083562309999,20.570832897899997,1.5850000381469727
13063,68693,106.22500228979999,20.570832897899997,1.7082456350326538
13063,68694,106.22916895649999,20.570832897899997,1.723934531211853
13063,68695,106.23333562319999,20.570832897899997,1.633650779724121
13063,68696,106.2375022899,20.570832897899997,1.4731147289276123
13063,68697,106.2416689566,20.570832897899997,1.4752542972564697
13063,68698,106.2458356233,20.570832897899997,1.795737862586975
13063,68699,106.25000229,20.570832897899997,2.354262351989746
13063,68700,106.2541689567,20.570832897899997,2.431166648864746
13063,68701,106.25833562339999,20.570832897899997,2.236666679382324
13063,68702,106.26250229009999,20.570832897899997,1.7937288284301758
13063,68703,106.26666895679999,20.570832897899997,1.4796720743179321
13063,68704,106.27083562349999,20.570832897899997,1.438064455986023
13063,68705,106.27500229019999,20.570832897899997,1.6388709545135498
13063,68706,106.2791689569,20.570832897899997,1.7268253564834595
13063,68707,106.2833356236,20.570832897899997,1.4877047538757324
13063,68708,106.2875022903,20.570832897899997,1.5203334093093872
13063,68709,106.291668957,20.570832897899997,1.5807018280029297
13063,68710,106.29583562369999,20.570832897899997,1.594655156135559
13063,68711,106.30000229039999,20.570832897899997,1.6889655590057373
13063,68712,106.30416895709999,20.570832897899997,1.7812283039093018
13063,68713,106.30833562379999,20.570832897899997,1.6436841487884521
13063,68714,106.31250229049999,20.570832897899997,1.4148213863372803
13063,68715,106.3166689572,20.570832897899997,1.4380701780319214
13063,68716,106.3208356239,20.570832897899997,1.870545506477356
13063,68717,106.3250022906,20.570832897899997,2.441132068634033
13063,68718,106.3291689573,20.570832897899997,2.453272819519043
13063,68719,106.33333562399999,20.570832897899997,2.185185194015503
13063,68720,106.33750229069999,20.570832897899997,1.8607141971588135
13063,68721,106.34166895739999,20.570832897899997,1.8844826221466064
13063,68722,106.34583562409999,20.570832897899997,2.227543830871582
13063,68723,106.35000229079999,20.570832897899997,2.3565516471862793
13063,68724,106.3541689575,20.570832897899997,2.7362067699432373
13063,68725,106.3583356242,20.570832897899997,4.84779691696167
13063,68726,106.3625022909,20.570832897899997,5.094666481018066
13063,68727,106.3666689576,20.570832897899997,3.4895083904266357
13063,68728,106.37083562429999,20.570832897899997,2.770967721939087
13063,68729,106.37500229099999,20.570832897899997,2.547257900238037
13063,68730,106.37916895769999,20.570832897899997,1.8871426582336426
13063,68731,106.38333562439999,20.570832897899997,1.6326667070388794
13063,68732,106.38750229109999,20.570832897899997,1.697930932044983
13063,68733,106.3916689578,20.570832897899997,2.1903510093688965
13063,68734,106.3958356245,20.570832897899997,2.288276195526123
13063,68735,106.4000022912,20.570832897899997,1.79559326171875
13063,68736,106.4041689579,20.570832897899997,1.5144069194793701
13063,68737,106.40833562459999,20.570832897899997,0.0
13063,68738,106.41250229129999,20.570832897899997,0.0
13063,68739,106.41666895799999,20.570832897899997,0.0
13063,68740,106.42083562469999,20.570832897899997,1.4462498426437378
13063,68741,106.42500229139999,20.570832897899997,0.0
13063,68742,106.42916895809999,20.570832897899997,1.3172223567962646
13063,68743,106.4333356248,20.570832897899997,1.315636396408081
13063,68744,106.4375022915,20.570832897899997,1.371403455734253
13063,68745,106.4416689582,20.570832897899997,1.2828301191329956
13063,68746,106.4458356249,20.570832897899997,1.3542593717575073
13063,68747,106.45000229159999,20.570832897899997,1.3112963438034058
13063,68748,106.45416895829999,20.570832897899997,1.1622642278671265
13063,68749,106.45833562499999,20.570832897899997,1.096153974533081
13063,68750,106.46250229169999,20.570832897899997,1.2287999391555786
13063,68751,106.46666895839999,20.570832897899997,1.2544000148773193
13063,68752,106.4708356251,20.570832897899997,1.2586538791656494
13063,68753,106.4750022918,20.570832897899997,1.330222249031067
13063,68754,106.4791689585,20.570832897899997,1.774999976158142
13063,68755,106.4833356252,20.570832897899997,1.6430000066757202
13063,68756,106.48750229189999,20.570832897899997,1.2685000896453857
13063,68757,106.49166895859999,20.570832897899997,1.7030000686645508
13063,68758,106.49583562529999,20.570832897899997,2.9392502307891846
13063,68759,106.50000229199999,20.570832897899997,2.8807144165039062
13063,68760,106.50416895869999,20.570832897899997,2.329512119293213
13063,68761,106.5083356254,20.570832897899997,2.2017502784729004
13063,68762,106.5125022921,20.570832897899997,2.3970000743865967
13063,68763,106.5166689588,20.570832897899997,2.6326189041137695
13063,68764,106.5208356255,20.570832897899997,2.559767246246338
13063,68765,106.52500229219999,20.570832897899997,2.170454263687134
13063,68766,106.52916895889999,20.570832897899997,1.8939533233642578
13063,68767,106.53333562559999,20.570832897899997,1.8395240306854248
13063,68768,106.53750229229999,20.570832897899997,1.8882501125335693
13063,68769,106.54166895899999,20.570832897899997,1.8224390745162964
13063,68770,106.5458356257,20.570832897899997,1.7072092294692993
13063,68771,106.5500022924,20.570832897899997,1.6769767999649048
13063,68772,106.5541689591,20.570832897899997,1.7568292617797852
13063,68773,106.5583356258,20.570832897899997,2.0233335494995117
13063,68774,106.56250229249999,20.570832897899997,2.7307498455047607
13063,68775,106.56666895919999,20.570832897899997,2.6360464096069336
13063,68776,106.57083562589999,20.570832897899997,2.288181781768799
13063,68777,106.57500229259999,20.570832897899997,2.3176188468933105
13063,68778,106.57916895929999,20.570832897899997,2.3923258781433105
13063,68779,106.583335626,20.570832897899997,2.3220455646514893
13063,68780,106.5875022927,20.570832897899997,1.6919046640396118
13063,68781,106.5916689594,20.570832897899997,1.2862789630889893
13063,68782,106.5958356261,20.570832897899997,1.0141860246658325
13063,68783,106.60000229279999,20.570832897899997,0.0
13064,68676,106.15416895589999,20.566666231199996,1.4489654302597046
13064,68677,106.15833562259999,20.566666231199996,1.386551856994629
13064,68678,106.1625022893,20.566666231199996,1.4687719345092773
13064,68679,106.166668956,20.566666231199996,1.70224130153656
13064,68680,106.1708356227,20.566666231199996,1.8952542543411255
13064,68681,106.1750022894,20.566666231199996,2.1483609676361084
13064,68682,106.17916895609999,20.566666231199996,2.503333330154419
13064,68683,106.18333562279999,20.566666231199996,2.7887721061706543
13064,68684,106.18750228949999,20.566666231199996,2.1186206340789795
13064,68685,106.19166895619999,20.566666231199996,1.7391667366027832
13064,68686,106.19583562289999,20.566666231199996,1.4896608591079712
13064,68687,106.2000022896,20.566666231199996,1.2891525030136108
13064,68688,106.2041689563,20.566666231199996,1.3186668157577515
13064,68689,106.208335623,20.566666231199996,1.393965482711792
13064,68690,106.2125022897,20.566666231199996,1.427288293838501
13064,68691,106.21666895639999,20.566666231199996,1.3768420219421387
13064,68692,106.22083562309999,20.566666231199996,1.5162711143493652
13064,68693,106.22500228979999,20.566666231199996,1.780339002609253
13064,68694,106.22916895649999,20.566666231199996,1.58126962184906
13064,68695,106.23333562319999,20.566666231199996,1.335781216621399
13064,68696,106.2375022899,20.566666231199996,1.2830158472061157
13064,68697,106.2416689566,20.566666231199996,1.2686666250228882
13064,68698,106.2458356233,20.566666231199996,1.6146552562713623
13064,68699,106.25000229,20.566666231199996,2.1500000953674316
13064,68700,106.2541689567,20.566666231199996,2.328474760055542
13064,68701,106.25833562339999,20.566666231199996,2.297419309616089
13064,68702,106.26250229009999,20.566666231199996,1.9455000162124634
13064,68703,106.26666895679999,20.566666231199996,1.7263333797454834
13064,68704,106.27083562349999,20.566666231199996,1.6290165185928345
13064,68705,106.27500229019999,20.566666231199996,1.4537094831466675
13064,68706,106.2791689569,20.566666231199996,1.4290320873260498
13064,68707,106.2833356236,20.566666231199996,1.5306668281555176
13064,68708,106.2875022903,20.566666231199996,0.0
13064,68709,106.291668957,20.566666231199996,0.0
13064,68710,106.29583562369999,20.566666231199996,1.5384482145309448
13064,68711,106.30000229039999,20.566666231199996,1.6226667165756226
13064,68712,106.30416895709999,20.566666231199996,1.5031577348709106
13064,68713,106.30833562379999,20.566666231199996,1.3259998559951782
13064,68714,106.31250229049999,20.566666231199996,1.3329089879989624
13064,68715,106.3166689572,20.566666231199996,1.4239284992218018
13064,68716,106.3208356239,20.566666231199996,1.6401817798614502
13064,68717,106.3250022906,20.566666231199996,2.09928560256958
13064,68718,106.3291689573,20.566666231199996,2.1842856407165527
13064,68719,106.33333562399999,20.566666231199996,2.15818190574646
13064,68720,106.33750229069999,20.566666231199996,1.9862500429153442
13064,68721,106.34166895739999,20.566666231199996,1.764464259147644
13064,68722,106.34583562409999,20.566666231199996,2.0171430110931396
13064,68723,106.35000229079999,20.566666231199996,2.385178327560425
13064,68724,106.3541689575,20.566666231199996,3.2682456970214844
13064,68725,106.3583356242,20.566666231199996,3.95847487449646
13064,68726,106.3625022909,20.566666231199996,3.561967372894287
13064,68727,106.3666689576,20.566666231199996,2.7306666374206543
13064,68728,106.37083562429999,20.566666231199996,2.258965253829956
13064,68729,106.37500229099999,20.566666231199996,2.1066102981567383
13064,68730,106.37916895769999,20.566666231199996,1.8928333520889282
13064,68731,106.38333562439999,20.566666231199996,1.57016921043396
13064,68732,106.38750229109999,20.566666231199996,1.5185964107513428
13064,68733,106.3916689578,20.566666231199996,1.6677191257476807
13064,68734,106.3958356245,20.566666231199996,1.6272414922714233
13064,68735,106.4000022912,20.566666231199996,1.4206780195236206
13064,68736,106.4041689579,20.566666231199996,1.374237298965454
13064,68737,106.40833562459999,20.566666231199996,1.4001694917678833
13064,68738,106.41250229129999,20.566666231199996,1.5001723766326904
13064,68739,106.41666895799999,20.566666231199996,1.4929310083389282
13064,68740,106.42083562469999,20.566666231199996,1.5121428966522217
13064,68741,106.42500229139999,20.566666231199996,1.529999852180481
13064,68742,106.42916895809999,20.566666231199996,1.3874999284744263
13064,68743,106.4333356248,20.566666231199996,1.2896153926849365
13064,68744,106.4375022915,20.566666231199996,1.2007547616958618
13064,68745,106.4416689582,20.566666231199996,0.0
13064,68746,106.4458356249,20.566666231199996,1.2848215103149414
13064,68747,106.45000229159999,20.566666231199996,1.2858490943908691
13064,68748,106.45416895829999,20.566666231199996,1.1796000003814697
13064,68749,106.45833562499999,20.566666231199996,1.111799955368042
13064,68750,106.46250229169999,20.566666231199996,1.2351019382476807
13064,68751,106.46666895839999,20.566666231199996,1.2406381368637085
13064,68752,106.4708356251,20.566666231199996,1.140384554862976
13064,68753,106.4750022918,20.566666231199996,1.2757142782211304
13064,68754,106.4791689585,20.566666231199996,1.6839022636413574
13064,68755,106.4833356252,20.566666231199996,1.585365891456604
13064,68756,106.48750229189999,20.566666231199996,1.3185713291168213
13064,68757,106.49166895859999,20.566666231199996,2.0561904907226562
13064,68758,106.49583562529999,20.566666231199996,4.018372058868408
13064,68759,106.50000229199999,20.566666231199996,3.524883508682251
13064,68760,106.50416895869999,20.566666231199996,2.3980953693389893
13064,68761,106.5083356254,20.566666231199996,2.216249942779541
13064,68762,106.5125022921,20.566666231199996,2.578974485397339
13064,68763,106.5166689588,20.566666231199996,2.5685367584228516
13064,68764,106.5208356255,20.566666231199996,2.2178568840026855
13064,68765,106.52500229219999,20.566666231199996,1.6341463327407837
13064,68766,106.52916895889999,20.566666231199996,1.6960976123809814
13064,68767,106.53333562559999,20.566666231199996,1.9420000314712524
13064,68768,106.53750229229999,20.566666231199996,3.071000099182129
13064,68769,106.54166895899999,20.566666231199996,3.5943586826324463
13064,68770,106.5458356257,20.566666231199996,2.470952272415161
13064,68771,106.5500022924,20.566666231199996,1.9435715675354004
13064,68772,106.5541689591,20.566666231199996,2.0416667461395264
13064,68773,106.5583356258,20.566666231199996,2.638780355453491
13064,68774,106.56250229249999,20.566666231199996,3.859999895095825
13064,68775,106.56666895919999,20.566666231199996,5.240222454071045
13064,68776,106.57083562589999,20.566666231199996,4.388863563537598
13064,68777,106.57500229259999,20.566666231199996,4.5397725105285645
13064,68778,106.57916895929999,20.566666231199996,4.554999828338623
13064,68779,106.583335626,20.566666231199996,4.138571262359619
13064,68780,106.5875022927,20.566666231199996,2.156341552734375
13064,68781,106.5916689594,20.566666231199996,1.322619080543518
13065,68678,106.1625022893,20.562499564499998,1.305172324180603
13065,68679,106.166668956,20.562499564499998,1.6387096643447876
13065,68680,106.1708356227,20.562499564499998,1.9388707876205444
13065,68681,106.1750022894,20.562499564499998,2.0388524532318115
13065,68682,106.17916895609999,20.562499564499998,1.8676270246505737
13065,68683,106.18333562279999,20.562499564499998,1.8339287042617798
13065,68684,106.18750228949999,20.562499564499998,1.6112500429153442
13065,68685,106.19166895619999,20.562499564499998,1.4965516328811646
13065,68686,106.19583562289999,20.562499564499998,1.4013793468475342
13065,68687,106.2000022896,20.562499564499998,1.2172881364822388
13065,68688,106.2041689563,20.562499564499998,1.157541036605835
13065,68689,106.208335623,20.562499564499998,1.2071665525436401
13065,68690,106.2125022897,20.562499564499998,1.2493442296981812
13065,68691,106.21666895639999,20.562499564499998,1.2694642543792725
13065,68692,106.22083562309999,20.562499564499998,1.4499999284744263
13065,68693,106.22500228979999,20.562499564499998,1.6951667070388794
13065,68694,106.22916895649999,20.562499564499998,1.497257947921753
13065,68695,106.23333562319999,20.562499564499998,1.3796920776367188
13065,68696,106.2375022899,20.562499564499998,0.0
13065,68697,106.2416689566,20.562499564499998,1.2557626962661743
13065,68698,106.2458356233,20.562499564499998,1.856207013130188
13065,68699,106.25000229,20.562499564499998,2.154385805130005
13065,68700,106.2541689567,20.562499564499998,1.7484999895095825
13065,68701,106.25833562339999,20.562499564499998,1.6886883974075317
13065,68702,106.26250229009999,20.562499564499998,1.5950847864151
13065,68703,106.26666895679999,20.562499564499998,1.765737771987915
13065,68704,106.27083562349999,20.562499564499998,1.7624194622039795
13065,68705,106.27500229019999,20.562499564499998,1.65934419631958
13065,68706,106.2791689569,20.562499564499998,1.5790321826934814
13065,68707,106.2833356236,20.562499564499998,1.604745626449585
13065,68708,106.2875022903,20.562499564499998,0.0
13065,68709,106.291668957,20.562499564499998,1.4237499237060547
13065,68710,106.29583562369999,20.562499564499998,1.4951667785644531
13065,68711,106.30000229039999,20.562499564499998,1.6261669397354126
13065,68712,106.30416895709999,20.562499564499998,1.598571538925171
13065,68713,106.30833562379999,20.562499564499998,1.54964280128479
13065,68714,106.31250229049999,20.562499564499998,1.5374577045440674
13065,68715,106.3166689572,20.562499564499998,1.4833897352218628
13065,68716,106.3208356239,20.562499564499998,1.429821252822876
13065,68717,106.3250022906,20.562499564499998,1.5865519046783447
13065,68718,106.3291689573,20.562499564499998,1.6400001049041748
13065,68719,106.33333562399999,20.562499564499998,1.6357142925262451
13065,68720,106.33750229069999,20.562499564499998,1.6414287090301514
13065,68721,106.34166895739999,20.562499564499998,1.600178599357605
13065,68722,106.34583562409999,20.562499564499998,1.7270174026489258
13065,68723,106.35000229079999,20.562499564499998,2.5194547176361084
13065,68724,106.3541689575,20.562499564499998,4.222727298736572
13065,68725,106.3583356242,20.562499564499998,4.647586345672607
13065,68726,106.3625022909,20.562499564499998,3.069999933242798
13065,68727,106.3666689576,20.562499564499998,2.4236843585968018
13065,68728,106.37083562429999,20.562499564499998,2.1691229343414307
13065,68729,106.37500229099999,20.562499564499998,2.141864538192749
13065,68730,106.37916895769999,20.562499564499998,2.125516891479492
13065,68731,106.38333562439999,20.562499564499998,1.7496429681777954
13065,68732,106.38750229109999,20.562499564499998,1.6774545907974243
13065,68733,106.3916689578,20.562499564499998,1.8920691013336182
13065,68734,106.3958356245,20.562499564499998,1.8600000143051147
13065,68735,106.4000022912,20.562499564499998,1.459830403327942
13065,68736,106.4041689579,20.562499564499998,0.0
13065,68737,106.40833562459999,20.562499564499998,1.3530508279800415
13065,68738,106.41250229129999,20.562499564499998,1.6050001382827759
13065,68739,106.41666895799999,20.562499564499998,1.774385929107666
13065,68740,106.42083562469999,20.562499564499998,1.9314812421798706
13065,68741,106.42500229139999,20.562499564499998,1.8796428442001343
13065,68742,106.42916895809999,20.562499564499998,1.625636339187622
13065,68743,106.4333356248,20.562499564499998,1.5283331871032715
13065,68744,106.4375022915,20.562499564499998,1.4403703212738037
13065,68745,106.4416689582,20.562499564499998,1.303684115409851
13065,68746,106.4458356249,20.562499564499998,1.2544827461242676
13065,68747,106.45000229159999,20.562499564499998,1.1990386247634888
13065,68748,106.45416895829999,20.562499564499998,1.1463265419006348
13065,68749,106.45833562499999,20.562499564499998,1.2665998935699463
13065,68750,106.46250229169999,20.562499564499998,1.4636536836624146
13065,68751,106.46666895839999,20.562499564499998,1.59686279296875
13065,68752,106.4708356251,20.562499564499998,1.423269271850586
13065,68753,106.4750022918,20.562499564499998,1.3700001239776611
13065,68754,106.4791689585,20.562499564499998,1.5572094917297363
13065,68755,106.4833356252,20.562499564499998,1.5038095712661743
13065,68756,106.48750229189999,20.562499564499998,1.32209312915802
13065,68757,106.49166895859999,20.562499564499998,2.264772891998291
13065,68758,106.49583562529999,20.562499564499998,3.73976731300354
13065,68759,106.50000229199999,20.562499564499998,4.169285774230957
13065,68760,106.50416895869999,20.562499564499998,2.8741462230682373
13065,68761,106.5083356254,20.562499564499998,2.3162498474121094
13065,68762,106.5125022921,20.562499564499998,2.434634208679199
13065,68763,106.5166689588,20.562499564499998,2.429999828338623
13065,68764,106.5208356255,20.562499564499998,2.7014999389648438
13065,68765,106.52500229219999,20.562499564499998,3.55649995803833
13065,68766,106.52916895889999,20.562499564499998,2.2304999828338623
13065,68767,106.53333562559999,20.562499564499998,2.247692346572876
13065,68768,106.53750229229999,20.562499564499998,4.223846435546875
13065,68769,106.54166895899999,20.562499564499998,5.002631664276123
13065,68770,106.5458356257,20.562499564499998,3.249512195587158
13065,68771,106.5500022924,20.562499564499998,2.3677501678466797
13065,68772,106.5541689591,20.562499564499998,2.9161536693573
13065,68773,106.5583356258,20.562499564499998,3.870465040206909
13065,68774,106.56250229249999,20.562499564499998,5.388181686401367
13065,68775,106.56666895919999,20.562499564499998,7.525681018829346
13065,68776,106.57083562589999,20.562499564499998,6.007209300994873
13065,68777,106.57500229259999,20.562499564499998,4.716904640197754
13065,68778,106.57916895929999,20.562499564499998,5.4033331871032715
13065,68779,106.583335626,20.562499564499998,4.394999980926514
13065,68780,106.5875022927,20.562499564499998,2.4766666889190674
13065,68781,106.5916689594,20.562499564499998,1.443095088005066
13066,68679,106.166668956,20.558332897799996,1.374677300453186
13066,68680,106.1708356227,20.558332897799996,1.4986884593963623
13066,68681,106.1750022894,20.558332897799996,1.4981666803359985
13066,68682,106.17916895609999,20.558332897799996,1.346666693687439
13066,68683,106.18333562279999,20.558332897799996,1.3887720108032227
13066,68684,106.18750228949999,20.558332897799996,1.38932204246521
13066,68685,106.19166895619999,20.558332897799996,1.3579310178756714
13066,68686,106.19583562289999,20.558332897799996,1.2335712909698486
13066,68687,106.2000022896,20.558332897799996,0.0
13066,68688,106.2041689563,20.558332897799996,1.139310359954834
13066,68689,106.208335623,20.558332897799996,1.117457628250122
13066,68690,106.2125022897,20.558332897799996,1.2222951650619507
13066,68691,106.21666895639999,20.558332897799996,0.0
13066,68692,106.22083562309999,20.558332897799996,1.2998387813568115
13066,68693,106.22500228979999,20.558332897799996,1.3149152994155884
13066,68694,106.22916895649999,20.558332897799996,1.2420690059661865
13066,68695,106.23333562319999,20.558332897799996,1.3615872859954834
13066,68696,106.2375022899,20.558332897799996,1.4199998378753662
13066,68697,106.2416689566,20.558332897799996,1.2496774196624756
13066,68698,106.2458356233,20.558332897799996,1.501166582107544
13066,68699,106.25000229,20.558332897799996,1.7113559246063232
13066,68700,106.2541689567,20.558332897799996,1.465172290802002
13066,68701,106.25833562339999,20.558332897799996,1.261228084564209
13066,68702,106.26250229009999,20.558332897799996,1.365762710571289
13066,68703,106.26666895679999,20.558332897799996,1.4748386144638062
13066,68704,106.27083562349999,20.558332897799996,1.711111307144165
13066,68705,106.27500229019999,20.558332897799996,2.003166675567627
13066,68706,106.2791689569,20.558332897799996,1.8629508018493652
13066,68707,106.2833356236,20.558332897799996,1.5545761585235596
13066,68708,106.2875022903,20.558332897799996,1.5025862455368042
13066,68709,106.291668957,20.558332897799996,1.4327585697174072
13066,68710,106.29583562369999,20.558332897799996,1.378833293914795
13066,68711,106.30000229039999,20.558332897799996,1.4581032991409302
13066,68712,106.30416895709999,20.558332897799996,1.6043860912322998
13066,68713,106.30833562379999,20.558332897799996,1.7276270389556885
13066,68714,106.31250229049999,20.558332897799996,1.839500069618225
13066,68715,106.3166689572,20.558332897799996,1.645263433456421
13066,68716,106.3208356239,20.558332897799996,1.6319643259048462
13066,68717,106.3250022906,20.558332897799996,1.7396667003631592
13066,68718,106.3291689573,20.558332897799996,1.586551547050476
13066,68719,106.33333562399999,20.558332897799996,1.5380702018737793
13066,68720,106.33750229069999,20.558332897799996,1.6592727899551392
13066,68721,106.34166895739999,20.558332897799996,2.07962965965271
13066,68722,106.34583562409999,20.558332897799996,2.2537734508514404
13066,68723,106.35000229079999,20.558332897799996,3.952592611312866
13066,68724,106.3541689575,20.558332897799996,6.684814453125
13066,68725,106.3583356242,20.558332897799996,5.467167377471924
13066,68726,106.3625022909,20.558332897799996,2.870000123977661
13066,68727,106.3666689576,20.558332897799996,2.194561243057251
13066,68728,106.37083562429999,20.558332897799996,1.9626786708831787
13066,68729,106.37500229099999,20.558332897799996,1.704561471939087
13066,68730,106.37916895769999,20.558332897799996,1.7739286422729492
13066,68731,106.38333562439999,20.558332897799996,1.5932142734527588
13066,68732,106.38750229109999,20.558332897799996,1.626363754272461
13066,68733,106.3916689578,20.558332897799996,1.7929309606552124
13066,68734,106.3958356245,20.558332897799996,1.805517315864563
13066,68735,106.4000022912,20.558332897799996,1.5192983150482178
13066,68736,106.4041689579,20.558332897799996,0.0
13066,68737,106.40833562459999,20.558332897799996,1.3372880220413208
13066,68738,106.41250229129999,20.558332897799996,1.560350775718689
13066,68739,106.41666895799999,20.558332897799996,1.6715255975723267
13066,68740,106.42083562469999,20.558332897799996,1.770892858505249
13066,68741,106.42500229139999,20.558332897799996,1.7699999809265137
13066,68742,106.42916895809999,20.558332897799996,1.783818244934082
13066,68743,106.4333356248,20.558332897799996,1.8282692432403564
13066,68744,106.4375022915,20.558332897799996,1.6610714197158813
13066,68745,106.4416689582,20.558332897799996,1.52982759475708
13066,68746,106.4458356249,20.558332897799996,1.3232758045196533
13066,68747,106.45000229159999,20.558332897799996,1.2473585605621338
13066,68748,106.45416895829999,20.558332897799996,1.3111764192581177
13066,68749,106.45833562499999,20.558332897799996,1.620192289352417
13066,68750,106.46250229169999,20.558332897799996,1.7383637428283691
13066,68751,106.46666895839999,20.558332897799996,1.7625925540924072
13066,68752,106.4708356251,20.558332897799996,1.7658822536468506
13066,68753,106.4750022918,20.558332897799996,1.6697916984558105
13066,68754,106.4791689585,20.558332897799996,1.8385714292526245
13066,68755,106.4833356252,20.558332897799996,1.9707317352294922
13066,68756,106.48750229189999,20.558332897799996,2.200000047683716
13066,68757,106.49166895859999,20.558332897799996,2.7506818771362305
13066,68758,106.49583562529999,20.558332897799996,4.5164289474487305
13066,68759,106.50000229199999,20.558332897799996,5.114651203155518
13066,68760,106.50416895869999,20.558332897799996,3.969285488128662
13066,68761,106.5083356254,20.558332897799996,2.7933335304260254
13066,68762,106.5125022921,20.558332897799996,2.596904754638672
13066,68763,106.5166689588,20.558332897799996,3.119534969329834
13066,68764,106.5208356255,20.558332897799996,5.747209548950195
13066,68765,106.52500229219999,20.558332897799996,8.932682991027832
13066,68766,106.52916895889999,20.558332897799996,5.83170747756958
13066,68767,106.53333562559999,20.558332897799996,4.063658714294434
13066,68768,106.53750229229999,20.558332897799996,5.1382927894592285
13066,68769,106.54166895899999,20.558332897799996,4.181351184844971
13066,68770,106.5458356257,20.558332897799996,3.255000352859497
13066,68771,106.5500022924,20.558332897799996,3.0804648399353027
13066,68772,106.5541689591,20.558332897799996,4.364999771118164
13066,68773,106.5583356258,20.558332897799996,7.593901634216309
13066,68774,106.56250229249999,20.558332897799996,8.474635124206543
13066,68775,106.56666895919999,20.558332897799996,8.24953556060791
13066,68776,106.57083562589999,20.558332897799996,6.103720664978027
13066,68777,106.57500229259999,20.558332897799996,3.6779067516326904
13066,68778,106.57916895929999,20.558332897799996,3.4423253536224365
13066,68779,106.583335626,20.558332897799996,2.9613637924194336
13066,68780,106.5875022927,20.558332897799996,2.115952491760254
13067,68680,106.1708356227,20.554166231099998,1.2605085372924805
13067,68681,106.1750022894,20.554166231099998,1.2894915342330933
13067,68682,106.17916895609999,20.554166231099998,1.2962069511413574
13067,68683,106.18333562279999,20.554166231099998,0.0
13067,68684,106.18750228949999,20.554166231099998,1.408275842666626
13067,68685,106.19166895619999,20.554166231099998,1.4182456731796265
13067,68686,106.19583562289999,20.554166231099998,1.317321538925171
13067,68687,106.2000022896,20.554166231099998,1.2414284944534302
13067,68688,106.2041689563,20.554166231099998,1.1905171871185303
13067,68689,106.208335623,20.554166231099998,1.2144999504089355
13067,68690,106.2125022897,20.554166231099998,1.3726667165756226
13067,68691,106.21666895639999,20.554166231099998,1.3550000190734863
13067,68692,106.22083562309999,20.554166231099998,1.1884373426437378
13067,68693,106.22500228979999,20.554166231099998,0.0
13067,68694,106.22916895649999,20.554166231099998,1.0939342975616455
13067,68695,106.23333562319999,20.554166231099998,1.1422221660614014
13067,68696,106.2375022899,20.554166231099998,1.233492136001587
13067,68697,106.2416689566,20.554166231099998,1.1176563501358032
13067,68698,106.2458356233,20.554166231099998,1.1424999237060547
13067,68699,106.25000229,20.554166231099998,1.1384745836257935
13067,68700,106.2541689567,20.554166231099998,1.0389655828475952
13067,68701,106.25833562339999,20.554166231099998,1.1060346364974976
13067,68702,106.26250229009999,20.554166231099998,1.2294999361038208
13067,68703,106.26666895679999,20.554166231099998,1.305238127708435
13067,68704,106.27083562349999,20.554166231099998,1.6426230669021606
13067,68705,106.27500229019999,20.554166231099998,2.561967134475708
13067,68706,106.2791689569,20.554166231099998,2.667903184890747
13067,68707,106.2833356236,20.554166231099998,2.1230506896972656
13067,68708,106.2875022903,20.554166231099998,1.5807018280029297
13067,68709,106.291668957,20.554166231099998,1.375
13067,68710,106.29583562369999,20.554166231099998,1.3449180126190186
13067,68711,106.30000229039999,20.554166231099998,1.3193219900131226
13067,68712,106.30416895709999,20.554166231099998,1.381578803062439
13067,68713,106.30833562379999,20.554166231099998,1.5023332834243774
13067,68714,106.31250229049999,20.554166231099998,1.727627158164978
13067,68715,106.3166689572,20.554166231099998,1.7194736003875732
13067,68716,106.3208356239,20.554166231099998,1.8938597440719604
13067,68717,106.3250022906,20.554166231099998,2.348771810531616
13067,68718,106.3291689573,20.554166231099998,2.098771810531616
13067,68719,106.33333562399999,20.554166231099998,1.7947368621826172
13067,68720,106.33750229069999,20.554166231099998,2.6618518829345703
13067,68721,106.34166895739999,20.554166231099998,3.5998151302337646
13067,68722,106.34583562409999,20.554166231099998,4.100000381469727
13067,68723,106.35000229079999,20.554166231099998,5.9714813232421875
13067,68724,106.3541689575,20.554166231099998,10.429122924804688
13067,68725,106.3583356242,20.554166231099998,8.029666900634766
13067,68726,106.3625022909,20.554166231099998,3.7986884117126465
13067,68727,106.3666689576,20.554166231099998,2.3430511951446533
13067,68728,106.37083562429999,20.554166231099998,1.8789829015731812
13067,68729,106.37500229099999,20.554166231099998,1.5477964878082275
13067,68730,106.37916895769999,20.554166231099998,1.4454386234283447
13067,68731,106.38333562439999,20.554166231099998,0.0
13067,68732,106.38750229109999,20.554166231099998,1.4962961673736572
13067,68733,106.3916689578,20.554166231099998,1.5146428346633911
13067,68734,106.3958356245,20.554166231099998,1.4337499141693115
13067,68735,106.4000022912,20.554166231099998,1.3884210586547852
13067,68736,106.4041689579,20.554166231099998,0.0
13067,68737,106.40833562459999,20.554166231099998,1.3032758235931396
13067,68738,106.41250229129999,20.554166231099998,1.5501785278320312
13067,68739,106.41666895799999,20.554166231099998,1.5648213624954224
13067,68740,106.42083562469999,20.554166231099998,1.5116071701049805
13067,68741,106.42500229139999,20.554166231099998,1.462881326675415
13067,68742,106.42916895809999,20.554166231099998,1.5759649276733398
13067,68743,106.4333356248,20.554166231099998,0.0
13067,68744,106.4375022915,20.554166231099998,1.6677192449569702
13067,68745,106.4416689582,20.554166231099998,1.4996490478515625
13067,68746,106.4458356249,20.554166231099998,1.3512279987335205
13067,68747,106.45000229159999,20.554166231099998,1.4711110591888428
13067,68748,106.45416895829999,20.554166231099998,1.7809090614318848
13067,68749,106.45833562499999,20.554166231099998,2.0892858505249023
13067,68750,106.46250229169999,20.554166231099998,2.1515519618988037
13067,68751,106.46666895839999,20.554166231099998,2.1608622074127197
13067,68752,106.4708356251,20.554166231099998,2.5275001525878906
13067,68753,106.4750022918,20.554166231099998,2.810408353805542
13067,68754,106.4791689585,20.554166231099998,3.133809804916382
13067,68755,106.4833356252,20.554166231099998,3.630476474761963
13067,68756,106.48750229189999,20.554166231099998,3.580465316772461
13067,68757,106.49166895859999,20.554166231099998,3.8354763984680176
13067,68758,106.49583562529999,20.554166231099998,3.4459521770477295
13067,68759,106.50000229199999,20.554166231099998,3.484761953353882
13067,68760,106.50416895869999,20.554166231099998,3.0731706619262695
13067,68761,106.5083356254,20.554166231099998,2.92380952835083
13067,68762,106.5125022921,20.554166231099998,3.329524040222168
13067,68763,106.5166689588,20.554166231099998,4.842790126800537
13067,68764,106.5208356255,20.554166231099998,8.823720932006836
13067,68765,106.52500229219999,20.554166231099998,11.722856521606445
13067,68766,106.52916895889999,20.554166231099998,11.984524726867676
13067,68767,106.53333562559999,20.554166231099998,10.977560997009277
13067,68768,106.53750229229999,20.554166231099998,10.263413429260254
13067,68769,106.54166895899999,20.554166231099998,6.641499996185303
13067,68770,106.5458356257,20.554166231099998,5.371860504150391
13067,68771,106.5500022924,20.554166231099998,4.808095455169678
13067,68772,106.5541689591,20.554166231099998,5.104249954223633
13067,68773,106.5583356258,20.554166231099998,8.026154518127441
13067,68774,106.56250229249999,20.554166231099998,8.02439022064209
13067,68775,106.56666895919999,20.554166231099998,6.413111209869385
13067,68776,106.57083562589999,20.554166231099998,4.000476360321045
13067,68777,106.57500229259999,20.554166231099998,2.844761848449707
13067,68778,106.57916895929999,20.554166231099998,2.366976737976074
13067,68780,106.5875022927,20.554166231099998,1.4221951961517334
13068,68681,106.1750022894,20.549999564399997,0.0
13068,68682,106.17916895609999,20.549999564399997,0.0
13068,68683,106.18333562279999,20.549999564399997,1.3428332805633545
13068,68684,106.18750228949999,20.549999564399997,1.432033896446228
13068,68685,106.19166895619999,20.549999564399997,1.626315712928772
13068,68686,106.19583562289999,20.549999564399997,1.561818242073059
13068,68687,106.2000022896,20.549999564399997,1.3352631330490112
13068,68688,106.2041689563,20.549999564399997,1.311379313468933
13068,68689,106.208335623,20.549999564399997,1.5518643856048584
13068,68690,106.2125022897,20.549999564399997,1.843833327293396
13068,68691,106.21666895639999,20.549999564399997,1.5758064985275269
13068,68692,106.22083562309999,20.549999564399997,1.2519047260284424
13068,68693,106.22500228979999,20.549999564399997,1.1028813123703003
13068,68694,106.22916895649999,20.549999564399997,1.1130508184432983
13068,68695,106.23333562319999,20.549999564399997,0.0
13068,68696,106.2375022899,20.549999564399997,0.0
13068,68697,106.2416689566,20.549999564399997,0.0
13068,68698,106.2458356233,20.549999564399997,0.0
13068,68699,106.25000229,20.549999564399997,1.1052542924880981
13068,68700,106.2541689567,20.549999564399997,1.0506558418273926
13068,68701,106.25833562339999,20.549999564399997,1.2376270294189453
13068,68702,106.26250229009999,20.549999564399997,1.5113557577133179
13068,68703,106.26666895679999,20.549999564399997,1.5709677934646606
13068,68704,106.27083562349999,20.549999564399997,1.810983657836914
13068,68705,106.27500229019999,20.549999564399997,2.695714235305786
13068,68706,106.2791689569,20.549999564399997,3.4579360485076904
13068,68707,106.2833356236,20.549999564399997,3.0223727226257324
13068,68708,106.2875022903,20.549999564399997,1.8419297933578491
13068,68709,106.291668957,20.549999564399997,1.5070689916610718
13068,68710,106.29583562369999,20.549999564399997,1.399666666984558
13068,68711,106.30000229039999,20.549999564399997,1.4268964529037476
13068,68712,106.30416895709999,20.549999564399997,1.3764911890029907
13068,68713,106.30833562379999,20.549999564399997,1.322586178779602
13068,68714,106.31250229049999,20.549999564399997,1.4323333501815796
13068,68715,106.3166689572,20.549999564399997,1.5142375230789185
13068,68716,106.3208356239,20.549999564399997,1.592142939567566
13068,68717,106.3250022906,20.549999564399997,2.100893020629883
13068,68718,106.3291689573,20.549999564399997,2.229454755783081
13068,68719,106.33333562399999,20.549999564399997,2.2772727012634277
13068,68720,106.33750229069999,20.549999564399997,4.556792259216309
13068,68721,106.34166895739999,20.549999564399997,5.451851844787598
13068,68722,106.34583562409999,20.549999564399997,5.161730766296387
13068,68723,106.35000229079999,20.549999564399997,5.216852188110352
13068,68724,106.3541689575,20.549999564399997,6.915892601013184
13068,68725,106.3583356242,20.549999564399997,5.832880973815918
13068,68726,106.3625022909,20.549999564399997,3.9467239379882812
13068,68727,106.3666689576,20.549999564399997,2.320517063140869
13068,68728,106.37083562429999,20.549999564399997,1.8278570175170898
13068,68729,106.37500229099999,20.549999564399997,1.5210713148117065
13068,68730,106.37916895769999,20.549999564399997,1.4560716152191162
13068,68731,106.38333562439999,20.549999564399997,1.459122896194458
13068,68732,106.38750229109999,20.549999564399997,1.4391227960586548
13068,68733,106.3916689578,20.549999564399997,0.0
13068,68734,106.3958356245,20.549999564399997,0.0
13068,68735,106.4000022912,20.549999564399997,1.3196550607681274
13068,68736,106.4041689579,20.549999564399997,0.0
13068,68737,106.40833562459999,20.549999564399997,1.283333420753479
13068,68738,106.41250229129999,20.549999564399997,1.4367307424545288
13068,68739,106.41666895799999,20.549999564399997,1.7028846740722656
13068,68740,106.42083562469999,20.549999564399997,2.0369231700897217
13068,68741,106.42500229139999,20.549999564399997,1.6058930158615112
13068,68742,106.42916895809999,20.549999564399997,1.5942856073379517
13068,68743,106.4333356248,20.549999564399997,0.0
13068,68744,106.4375022915,20.549999564399997,1.6453572511672974
13068,68745,106.4416689582,20.549999564399997,1.51421058177948
13068,68746,106.4458356249,20.549999564399997,1.7885963916778564
13068,68747,106.45000229159999,20.549999564399997,2.0107405185699463
13068,68748,106.45416895829999,20.549999564399997,2.0030908584594727
13068,68749,106.45833562499999,20.549999564399997,2.0881481170654297
13068,68750,106.46250229169999,20.549999564399997,2.7466039657592773
13068,68751,106.46666895839999,20.549999564399997,3.1652634143829346
13068,68752,106.4708356251,20.549999564399997,3.8686790466308594
13068,68753,106.4750022918,20.549999564399997,3.7341175079345703
13068,68754,106.4791689585,20.549999564399997,3.2481398582458496
13068,68755,106.4833356252,20.549999564399997,3.0539536476135254
13068,68756,106.48750229189999,20.549999564399997,2.8393335342407227
13068,68757,106.49166895859999,20.549999564399997,2.503488302230835
13068,68758,106.49583562529999,20.549999564399997,2.042142868041992
13068,68759,106.50000229199999,20.549999564399997,1.9054762125015259
13068,68760,106.50416895869999,20.549999564399997,1.9111906290054321
13068,68761,106.5083356254,20.549999564399997,2.5083720684051514
13068,68762,106.5125022921,20.549999564399997,3.366363525390625
13068,68763,106.5166689588,20.549999564399997,4.439545154571533
13068,68764,106.5208356255,20.549999564399997,7.844285011291504
13068,68765,106.52500229219999,20.549999564399997,9.317317008972168
13068,68766,106.52916895889999,20.549999564399997,9.284249305725098
13068,68767,106.53333562559999,20.549999564399997,11.353750228881836
13068,68768,106.53750229229999,20.549999564399997,12.048048973083496
13068,68769,106.54166895899999,20.549999564399997,9.992999076843262
13068,68770,106.5458356257,20.549999564399997,7.872750282287598
13068,68771,106.5500022924,20.549999564399997,6.149750232696533
13068,68772,106.5541689591,20.549999564399997,6.038095474243164
13068,68773,106.5583356258,20.549999564399997,8.463170051574707
13068,68774,106.56250229249999,20.549999564399997,7.354761600494385
13068,68775,106.56666895919999,20.549999564399997,4.710909366607666
13068,68776,106.57083562589999,20.549999564399997,3.302790880203247
13068,68777,106.57500229259999,20.549999564399997,2.6297619342803955
13068,68778,106.57916895929999,20.549999564399997,1.935999870300293
13068,68779,106.583335626,20.549999564399997,1.594499945640564
13069,68681,106.1750022894,20.545832897699995,1.2423332929611206
13069,68682,106.17916895609999,20.545832897699995,1.3015516996383667
13069,68683,106.18333562279999,20.545832897699995,1.4332786798477173
13069,68684,106.18750228949999,20.545832897699995,1.537419319152832
13069,68685,106.19166895619999,20.545832897699995,1.5042104721069336
13069,68686,106.19583562289999,20.545832897699995,1.4146552085876465
13069,68687,106.2000022896,20.545832897699995,1.3345615863800049
13069,68688,106.2041689563,20.545832897699995,1.3070175647735596
13069,68689,106.208335623,20.545832897699995,1.9355356693267822
13069,68690,106.2125022897,20.545832897699995,2.4466068744659424
13069,68691,106.21666895639999,20.545832897699995,2.0215253829956055
13069,68692,106.22083562309999,20.545832897699995,1.4578686952590942
13069,68693,106.22500228979999,20.545832897699995,1.2871668338775635
13069,68694,106.22916895649999,20.545832897699995,1.2466129064559937
13069,68695,106.23333562319999,20.545832897699995,1.1267741918563843
13069,68696,106.2375022899,20.545832897699995,1.1018033027648926
13069,68697,106.2416689566,20.545832897699995,1.2165573835372925
13069,68698,106.2458356233,20.545832897699995,1.3055000305175781
13069,68699,106.25000229,20.545832897699995,1.4193220138549805
13069,68700,106.2541689567,20.545832897699995,1.3630001544952393
13069,68701,106.25833562339999,20.545832897699995,1.6022415161132812
13069,68702,106.26250229009999,20.545832897699995,1.8196427822113037
13069,68703,106.26666895679999,20.545832897699995,1.7864407300949097
13069,68704,106.27083562349999,20.545832897699995,1.8600001335144043
13069,68705,106.27500229019999,20.545832897699995,2.4803225994110107
13069,68706,106.2791689569,20.545832897699995,2.6593546867370605
13069,68707,106.2833356236,20.545832897699995,2.2805261611938477
13069,68708,106.2875022903,20.545832897699995,1.6898181438446045
13069,68709,106.291668957,20.545832897699995,1.478245496749878
13069,68710,106.29583562369999,20.545832897699995,1.4389655590057373
13069,68711,106.30000229039999,20.545832897699995,1.664237141609192
13069,68712,106.30416895709999,20.545832897699995,1.8301724195480347
13069,68713,106.30833562379999,20.545832897699995,1.5008772611618042
13069,68714,106.31250229049999,20.545832897699995,1.5471428632736206
13069,68715,106.3166689572,20.545832897699995,1.5885002613067627
13069,68716,106.3208356239,20.545832897699995,1.5020689964294434
13069,68717,106.3250022906,20.545832897699995,1.6344068050384521
13069,68718,106.3291689573,20.545832897699995,2.473050832748413
13069,68719,106.33333562399999,20.545832897699995,3.6354384422302246
13069,68720,106.33750229069999,20.545832897699995,4.8707275390625
13069,68721,106.34166895739999,20.545832897699995,4.86961555480957
13069,68722,106.34583562409999,20.545832897699995,3.7003848552703857
13069,68723,106.35000229079999,20.545832897699995,3.2361538410186768
13069,68724,106.3541689575,20.545832897699995,3.700357437133789
13069,68725,106.3583356242,20.545832897699995,3.9477968215942383
13069,68726,106.3625022909,20.545832897699995,2.9420690536499023
13069,68727,106.3666689576,20.545832897699995,2.1470906734466553
13069,68728,106.37083562429999,20.545832897699995,1.8989474773406982
13069,68729,106.37500229099999,20.545832897699995,1.6260342597961426
13069,68730,106.37916895769999,20.545832897699995,1.5940351486206055
13069,68731,106.38333562439999,20.545832897699995,1.6434482336044312
13069,68732,106.38750229109999,20.545832897699995,1.5176665782928467
13069,68733,106.3916689578,20.545832897699995,1.5222580432891846
13069,68734,106.3958356245,20.545832897699995,1.5113558769226074
13069,68735,106.4000022912,20.545832897699995,1.5098276138305664
13069,68736,106.4041689579,20.545832897699995,1.4170910120010376
13069,68737,106.40833562459999,20.545832897699995,0.0
13069,68738,106.41250229129999,20.545832897699995,1.4180001020431519
13069,68739,106.41666895799999,20.545832897699995,1.8736538887023926
13069,68740,106.42083562469999,20.545832897699995,2.033921480178833
13069,68741,106.42500229139999,20.545832897699995,1.665272831916809
13069,68742,106.42916895809999,20.545832897699995,1.651724100112915
13069,68743,106.4333356248,20.545832897699995,1.7577588558197021
13069,68744,106.4375022915,20.545832897699995,1.7717742919921875
13069,68745,106.4416689582,20.545832897699995,1.9219670295715332
13069,68746,106.4458356249,20.545832897699995,2.1201725006103516
13069,68747,106.45000229159999,20.545832897699995,2.2203571796417236
13069,68748,106.45416895829999,20.545832897699995,1.8168518543243408
13069,68749,106.45833562499999,20.545832897699995,1.9527778625488281
13069,68750,106.46250229169999,20.545832897699995,2.478302001953125
13069,68751,106.46666895839999,20.545832897699995,2.7817542552948
13069,68752,106.4708356251,20.545832897699995,2.7167856693267822
13069,68753,106.4750022918,20.545832897699995,2.332245111465454
13069,68754,106.4791689585,20.545832897699995,1.6155813932418823
13069,68755,106.4833356252,20.545832897699995,1.5751163959503174
13069,68756,106.48750229189999,20.545832897699995,1.5677778720855713
13069,68757,106.49166895859999,20.545832897699995,1.7044187784194946
13069,68758,106.49583562529999,20.545832897699995,1.75697660446167
13069,68759,106.50000229199999,20.545832897699995,1.6332557201385498
13069,68760,106.50416895869999,20.545832897699995,1.8069047927856445
13069,68761,106.5083356254,20.545832897699995,2.2897675037384033
13069,68762,106.5125022921,20.545832897699995,2.6859090328216553
13069,68763,106.5166689588,20.545832897699995,3.235227346420288
13069,68764,106.5208356255,20.545832897699995,4.732439041137695
13069,68765,106.52500229219999,20.545832897699995,4.656097412109375
13069,68766,106.52916895889999,20.545832897699995,4.147317409515381
13069,68767,106.53333562559999,20.545832897699995,6.944634437561035
13069,68768,106.53750229229999,20.545832897699995,10.63849925994873
13069,68769,106.54166895899999,20.545832897699995,14.248974800109863
13069,68770,106.5458356257,20.545832897699995,16.129737854003906
13069,68771,106.5500022924,20.545832897699995,10.72315788269043
13069,68772,106.5541689591,20.545832897699995,8.522308349609375
13069,68773,106.5583356258,20.545832897699995,7.690749168395996
13069,68774,106.56250229249999,20.545832897699995,5.443658828735352
13069,68775,106.56666895919999,20.545832897699995,3.759999990463257
13069,68776,106.57083562589999,20.545832897699995,3.346410036087036
13069,68777,106.57500229259999,20.545832897699995,2.5840001106262207
13069,68778,106.57916895929999,20.545832897699995,1.9257140159606934
13069,68779,106.583335626,20.545832897699995,1.593658447265625
13070,68681,106.1750022894,20.541666230999997,1.2924193143844604
13070,68682,106.17916895609999,20.541666230999997,1.3175863027572632
13070,68683,106.18333562279999,20.541666230999997,1.4153449535369873
13070,68684,106.18750228949999,20.541666230999997,0.0
13070,68685,106.19166895619999,20.541666230999997,1.4453333616256714
13070,68686,106.19583562289999,20.541666230999997,1.3998361825942993
13070,68687,106.2000022896,20.541666230999997,1.35819673538208
13070,68688,106.2041689563,20.541666230999997,1.3950879573822021
13070,68689,106.208335623,20.541666230999997,1.8440351486206055
13070,68690,106.2125022897,20.541666230999997,2.784482717514038
13070,68691,106.21666895639999,20.541666230999997,2.517413854598999
13070,68692,106.22083562309999,20.541666230999997,1.5872414112091064
13070,68693,106.22500228979999,20.541666230999997,1.3601666688919067
13070,68694,106.22916895649999,20.541666230999997,1.462999939918518
13070,68695,106.23333562319999,20.541666230999997,1.5703277587890625
13070,68696,106.2375022899,20.541666230999997,1.4477965831756592
13070,68697,106.2416689566,20.541666230999997,1.4182257652282715
13070,68698,106.2458356233,20.541666230999997,1.585573673248291
13070,68699,106.25000229,20.541666230999997,1.730526328086853
13070,68700,106.2541689567,20.541666230999997,1.759830355644226
13070,68701,106.25833562339999,20.541666230999997,1.9317240715026855
13070,68702,106.26250229009999,20.541666230999997,1.6377586126327515
13070,68703,106.26666895679999,20.541666230999997,1.4849998950958252
13070,68704,106.27083562349999,20.541666230999997,1.5327585935592651
13070,68705,106.27500229019999,20.541666230999997,1.8589831590652466
13070,68706,106.2791689569,20.541666230999997,2.007758617401123
13070,68707,106.2833356236,20.541666230999997,1.7063158750534058
13070,68708,106.2875022903,20.541666230999997,1.3983927965164185
13070,68709,106.291668957,20.541666230999997,1.4236208200454712
13070,68710,106.29583562369999,20.541666230999997,1.6163792610168457
13070,68711,106.30000229039999,20.541666230999997,2.3438334465026855
13070,68712,106.30416895709999,20.541666230999997,2.628070116043091
13070,68713,106.30833562379999,20.541666230999997,1.909298300743103
13070,68714,106.31250229049999,20.541666230999997,1.728276014328003
13070,68715,106.3166689572,20.541666230999997,1.7382758855819702
13070,68716,106.3208356239,20.541666230999997,1.7124137878417969
13070,68717,106.3250022906,20.541666230999997,1.8672412633895874
13070,68718,106.3291689573,20.541666230999997,2.751499891281128
13070,68719,106.33333562399999,20.541666230999997,3.4618964195251465
13070,68720,106.33750229069999,20.541666230999997,3.2463159561157227
13070,68721,106.34166895739999,20.541666230999997,2.9909615516662598
13070,68722,106.34583562409999,20.541666230999997,2.5192453861236572
13070,68723,106.35000229079999,20.541666230999997,2.048518657684326
13070,68724,106.3541689575,20.541666230999997,2.4053571224212646
13070,68725,106.3583356242,20.541666230999997,3.268571615219116
13070,68726,106.3625022909,20.541666230999997,2.7578179836273193
13070,68727,106.3666689576,20.541666230999997,2.0378847122192383
13070,68728,106.37083562429999,20.541666230999997,2.082777738571167
13070,68729,106.37500229099999,20.541666230999997,1.8160001039505005
13070,68730,106.37916895769999,20.541666230999997,1.9199998378753662
13070,68731,106.38333562439999,20.541666230999997,2.082777738571167
13070,68732,106.38750229109999,20.541666230999997,1.9239286184310913
13070,68733,106.3916689578,20.541666230999997,1.9567797183990479
13070,68734,106.3958356245,20.541666230999997,2.247000217437744
13070,68735,106.4000022912,20.541666230999997,2.0978572368621826
13070,68736,106.4041689579,20.541666230999997,1.5335713624954224
13070,68737,106.40833562459999,20.541666230999997,1.3655357360839844
13070,68738,106.41250229129999,20.541666230999997,1.4089090824127197
13070,68739,106.41666895799999,20.541666230999997,1.8249998092651367
13070,68740,106.42083562469999,20.541666230999997,1.7703773975372314
13070,68741,106.42500229139999,20.541666230999997,1.4386792182922363
13070,68742,106.42916895809999,20.541666230999997,1.5619642734527588
13070,68743,106.4333356248,20.541666230999997,1.8033335208892822
13070,68744,106.4375022915,20.541666230999997,1.9620312452316284
13070,68745,106.4416689582,20.541666230999997,2.191166639328003
13070,68746,106.4458356249,20.541666230999997,1.9764912128448486
13070,68747,106.45000229159999,20.541666230999997,1.751607060432434
13070,68748,106.45416895829999,20.541666230999997,1.3767858743667603
13070,68749,106.45833562499999,20.541666230999997,1.4296427965164185
13070,68750,106.46250229169999,20.541666230999997,1.5977357625961304
13070,68751,106.46666895839999,20.541666230999997,1.5473684072494507
13070,68752,106.4708356251,20.541666230999997,1.4176363945007324
13070,68753,106.4750022918,20.541666230999997,1.3497872352600098
13070,68754,106.4791689585,20.541666230999997,1.2988636493682861
13070,68755,106.4833356252,20.541666230999997,1.2844185829162598
13070,68756,106.48750229189999,20.541666230999997,1.4552273750305176
13070,68757,106.49166895859999,20.541666230999997,1.865681767463684
13070,68758,106.49583562529999,20.541666230999997,2.031555414199829
13070,68759,106.50000229199999,20.541666230999997,1.7610870599746704
13070,68760,106.50416895869999,20.541666230999997,1.6145453453063965
13070,68761,106.5083356254,20.541666230999997,1.7656818628311157
13070,68762,106.5125022921,20.541666230999997,1.873636245727539
13070,68763,106.5166689588,20.541666230999997,1.9237209558486938
13070,68764,106.5208356255,20.541666230999997,2.1338095664978027
13070,68765,106.52500229219999,20.541666230999997,2.169761896133423
13070,68766,106.52916895889999,20.541666230999997,2.3276190757751465
13070,68767,106.53333562559999,20.541666230999997,4.09595251083374
13070,68768,106.53750229229999,20.541666230999997,7.426750183105469
13070,68769,106.54166895899999,20.541666230999997,13.01076889038086
13070,68770,106.5458356257,20.541666230999997,13.323244094848633
13070,68771,106.5500022924,20.541666230999997,8.10729694366455
13070,68772,106.5541689591,20.541666230999997,5.341053009033203
13070,68773,106.5583356258,20.541666230999997,5.520262718200684
13070,68774,106.56250229249999,20.541666230999997,3.5822501182556152
13070,68775,106.56666895919999,20.541666230999997,3.1372499465942383
13070,68776,106.57083562589999,20.541666230999997,3.125
13070,68777,106.57500229259999,20.541666230999997,2.3794872760772705
13070,68778,106.57916895929999,20.541666230999997,1.9160000085830688
13070,68779,106.583335626,20.541666230999997,1.551951289176941
13070,68780,106.5875022927,20.541666230999997,1.3199999332427979
13071,68681,106.1750022894,20.537499564299996,1.6922580003738403
13071,68682,106.17916895609999,20.537499564299996,1.5141377449035645
13071,68683,106.18333562279999,20.537499564299996,1.3735088109970093
13071,68684,106.18750228949999,20.537499564299996,1.4860000610351562
13071,68685,106.19166895619999,20.537499564299996,1.693650722503662
13071,68686,106.19583562289999,20.537499564299996,1.6368964910507202
13071,68687,106.2000022896,20.537499564299996,1.4812067747116089
13071,68688,106.2041689563,20.537499564299996,1.4216948747634888
13071,68689,106.208335623,20.537499564299996,1.691428542137146
13071,68690,106.2125022897,20.537499564299996,2.511967182159424
13071,68691,106.21666895639999,20.537499564299996,2.350781202316284
13071,68692,106.22083562309999,20.537499564299996,1.5953224897384644
13071,68693,106.22500228979999,20.537499564299996,1.412742018699646
13071,68694,106.22916895649999,20.537499564299996,1.7373770475387573
13071,68695,106.23333562319999,20.537499564299996,2.3283870220184326
13071,68696,106.2375022899,20.537499564299996,2.0393102169036865
13071,68697,106.2416689566,20.537499564299996,1.5053225755691528
13071,68698,106.2458356233,20.537499564299996,1.7159016132354736
13071,68699,106.25000229,20.537499564299996,1.7924561500549316
13071,68700,106.2541689567,20.537499564299996,1.921355962753296
13071,68701,106.25833562339999,20.537499564299996,2.089649200439453
13071,68702,106.26250229009999,20.537499564299996,1.5963793992996216
13071,68703,106.26666895679999,20.537499564299996,1.3341666460037231
13071,68704,106.27083562349999,20.537499564299996,1.2954237461090088
13071,68705,106.27500229019999,20.537499564299996,1.4718966484069824
13071,68706,106.2791689569,20.537499564299996,1.9200000762939453
13071,68707,106.2833356236,20.537499564299996,1.7547367811203003
13071,68708,106.2875022903,20.537499564299996,1.6217541694641113
13071,68709,106.291668957,20.537499564299996,1.5525423288345337
13071,68710,106.29583562369999,20.537499564299996,1.774736762046814
13071,68711,106.30000229039999,20.537499564299996,2.325932025909424
13071,68712,106.30416895709999,20.537499564299996,2.4250845909118652
13071,68713,106.30833562379999,20.537499564299996,1.9206781387329102
13071,68714,106.31250229049999,20.537499564299996,1.6640350818634033
13071,68715,106.3166689572,20.537499564299996,1.5582456588745117
13071,68716,106.3208356239,20.537499564299996,1.503448247909546
13071,68717,106.3250022906,20.537499564299996,1.5903449058532715
13071,68718,106.3291689573,20.537499564299996,2.2799999713897705
13071,68719,106.33333562399999,20.537499564299996,2.8924560546875
13071,68720,106.33750229069999,20.537499564299996,2.7875864505767822
13071,68721,106.34166895739999,20.537499564299996,2.1966664791107178
13071,68722,106.34583562409999,20.537499564299996,1.7590909004211426
13071,68723,106.35000229079999,20.537499564299996,2.0067858695983887
13071,68724,106.3541689575,20.537499564299996,2.4198246002197266
13071,68725,106.3583356242,20.537499564299996,3.1990909576416016
13071,68726,106.3625022909,20.537499564299996,3.1044445037841797
13071,68727,106.3666689576,20.537499564299996,2.148679256439209
13071,68728,106.37083562429999,20.537499564299996,1.9203569889068604
13071,68729,106.37500229099999,20.537499564299996,1.766140341758728
13071,68730,106.37916895769999,20.537499564299996,1.9324073791503906
13071,68731,106.38333562439999,20.537499564299996,2.1994543075561523
13071,68732,106.38750229109999,20.537499564299996,2.439821481704712
13071,68733,106.3916689578,20.537499564299996,2.528947353363037
13071,68734,106.3958356245,20.537499564299996,2.579824686050415
13071,68735,106.4000022912,20.537499564299996,2.2941508293151855
13071,68736,106.4041689579,20.537499564299996,1.7814545631408691
13071,68737,106.40833562459999,20.537499564299996,1.5364912748336792
13071,68738,106.41250229129999,20.537499564299996,1.5605357885360718
13071,68739,106.41666895799999,20.537499564299996,2.573333501815796
13071,68740,106.42083562469999,20.537499564299996,2.94351863861084
13071,68741,106.42500229139999,20.537499564299996,2.7533931732177734
13071,68742,106.42916895809999,20.537499564299996,2.044915199279785
13071,68743,106.4333356248,20.537499564299996,2.007413864135742
13071,68744,106.4375022915,20.537499564299996,1.9613792896270752
13071,68745,106.4416689582,20.537499564299996,1.9326783418655396
13071,68746,106.4458356249,20.537499564299996,1.621346116065979
13071,68747,106.45000229159999,20.537499564299996,1.494150996208191
13071,68748,106.45416895829999,20.537499564299996,1.2543636560440063
13071,68749,106.45833562499999,20.537499564299996,1.1964285373687744
13071,68750,106.46250229169999,20.537499564299996,1.199814796447754
13071,68751,106.46666895839999,20.537499564299996,1.1753571033477783
13071,68752,106.4708356251,20.537499564299996,1.1478570699691772
13071,68753,106.4750022918,20.537499564299996,1.1584782600402832
13071,68754,106.4791689585,20.537499564299996,1.1752272844314575
13071,68755,106.4833356252,20.537499564299996,1.2418603897094727
13071,68756,106.48750229189999,20.537499564299996,1.3635714054107666
13071,68757,106.49166895859999,20.537499564299996,1.4944186210632324
13071,68758,106.49583562529999,20.537499564299996,1.6381816864013672
13071,68759,106.50000229199999,20.537499564299996,1.4799998998641968
13071,68760,106.50416895869999,20.537499564299996,1.4152274131774902
13071,68761,106.5083356254,20.537499564299996,1.5006976127624512
13071,68762,106.5125022921,20.537499564299996,1.4942857027053833
13071,68763,106.5166689588,20.537499564299996,1.5118604898452759
13071,68764,106.5208356255,20.537499564299996,1.4881396293640137
13071,68765,106.52500229219999,20.537499564299996,1.47511625289917
13071,68766,106.52916895889999,20.537499564299996,1.4961904287338257
13071,68767,106.53333562559999,20.537499564299996,1.9431818723678589
13071,68768,106.53750229229999,20.537499564299996,3.1209754943847656
13071,68769,106.54166895899999,20.537499564299996,5.776153564453125
13071,68770,106.5458356257,20.537499564299996,4.037631988525391
13071,68771,106.5500022924,20.537499564299996,3.435945987701416
13071,68772,106.5541689591,20.537499564299996,2.53948712348938
13071,68773,106.5583356258,20.537499564299996,2.2492308616638184
13071,68774,106.56250229249999,20.537499564299996,2.220250368118286
13071,68775,106.56666895919999,20.537499564299996,2.447692394256592
13071,68776,106.57083562589999,20.537499564299996,2.585263252258301
13071,68777,106.57500229259999,20.537499564299996,2.0667564868927
13071,68778,106.57916895929999,20.537499564299996,1.6095002889633179
13071,68779,106.583335626,20.537499564299996,1.276052713394165
13072,68682,106.17916895609999,20.533332897599998,1.7024998664855957
13072,68683,106.18333562279999,20.533332897599998,0.0
13072,68684,106.18750228949999,20.533332897599998,1.6067239046096802
13072,68685,106.19166895619999,20.533332897599998,1.9427118301391602
13072,68686,106.19583562289999,20.533332897599998,1.7593333721160889
13072,68687,106.2000022896,20.533332897599998,1.5193333625793457
13072,68688,106.2041689563,20.533332897599998,1.577627182006836
13072,68689,106.208335623,20.533332897599998,1.7450000047683716
13072,68690,106.2125022897,20.533332897599998,1.791562557220459
13072,68691,106.21666895639999,20.533332897599998,1.6626983880996704
13072,68692,106.22083562309999,20.533332897599998,1.4498332738876343
13072,68693,106.22500228979999,20.533332897599998,1.3303226232528687
13072,68694,106.22916895649999,20.533332897599998,1.6089062690734863
13072,68695,106.23333562319999,20.533332897599998,2.0019354820251465
13072,68696,106.2375022899,20.533332897599998,1.9801666736602783
13072,68697,106.2416689566,20.533332897599998,1.3462294340133667
13072,68698,106.2458356233,20.533332897599998,1.4133332967758179
13072,68699,106.25000229,20.533332897599998,1.4849181175231934
13072,68700,106.2541689567,20.533332897599998,1.8239656686782837
13072,68701,106.25833562339999,20.533332897599998,1.9879311323165894
13072,68702,106.26250229009999,20.533332897599998,1.498103380203247
13072,68703,106.26666895679999,20.533332897599998,1.3975863456726074
13072,68704,106.27083562349999,20.533332897599998,1.4203509092330933
13072,68705,106.27500229019999,20.533332897599998,1.569827675819397
13072,68706,106.2791689569,20.533332897599998,1.7575440406799316
13072,68707,106.2833356236,20.533332897599998,2.0564286708831787
13072,68708,106.2875022903,20.533332897599998,2.0859999656677246
13072,68709,106.291668957,20.533332897599998,1.633035659790039
13072,68710,106.29583562369999,20.533332897599998,1.5410715341567993
13072,68711,106.30000229039999,20.533332897599998,1.6821428537368774
13072,68712,106.30416895709999,20.533332897599998,1.619333267211914
13072,68713,106.30833562379999,20.533332897599998,1.4818644523620605
13072,68714,106.31250229049999,20.533332897599998,1.5815516710281372
13072,68715,106.3166689572,20.533332897599998,1.4614285230636597
13072,68716,106.3208356239,20.533332897599998,1.294655203819275
13072,68717,106.3250022906,20.533332897599998,1.291929841041565
13072,68718,106.3291689573,20.533332897599998,1.3827273845672607
13072,68719,106.33333562399999,20.533332897599998,1.737091064453125
13072,68720,106.33750229069999,20.533332897599998,2.2254385948181152
13072,68721,106.34166895739999,20.533332897599998,2.156315803527832
13072,68722,106.34583562409999,20.533332897599998,1.7992726564407349
13072,68723,106.35000229079999,20.533332897599998,2.023207664489746
13072,68724,106.3541689575,20.533332897599998,2.1909258365631104
13072,68725,106.3583356242,20.533332897599998,2.8222641944885254
13072,68726,106.3625022909,20.533332897599998,2.834717035293579
13072,68727,106.3666689576,20.533332897599998,2.3592450618743896
13072,68728,106.37083562429999,20.533332897599998,1.7730909585952759
13072,68729,106.37500229099999,20.533332897599998,1.5198180675506592
13072,68730,106.37916895769999,20.533332897599998,1.599818229675293
13072,68731,106.38333562439999,20.533332897599998,1.9614546298980713
13072,68732,106.38750229109999,20.533332897599998,2.345090866088867
13072,68733,106.3916689578,20.533332897599998,2.4445455074310303
13072,68734,106.3958356245,20.533332897599998,2.461320638656616
13072,68735,106.4000022912,20.533332897599998,2.282599925994873
13072,68736,106.4041689579,20.533332897599998,1.9524528980255127
13072,68737,106.40833562459999,20.533332897599998,1.6501786708831787
13072,68738,106.41250229129999,20.533332897599998,1.5843638181686401
13072,68739,106.41666895799999,20.533332897599998,2.3996152877807617
13072,68740,106.42083562469999,20.533332897599998,3.3282694816589355
13072,68741,106.42500229139999,20.533332897599998,3.3970367908477783
13072,68742,106.42916895809999,20.533332897599998,2.6684212684631348
13072,68743,106.4333356248,20.533332897599998,2.181896686553955
13072,68744,106.4375022915,20.533332897599998,1.803559422492981
13072,68745,106.4416689582,20.533332897599998,1.5222808122634888
13072,68746,106.4458356249,20.533332897599998,1.3301818370819092
13072,68747,106.45000229159999,20.533332897599998,1.3630908727645874
13072,68748,106.45416895829999,20.533332897599998,1.3208929300308228
13072,68749,106.45833562499999,20.533332897599998,1.2475000619888306
13072,68750,106.46250229169999,20.533332897599998,1.2348147630691528
13072,68751,106.46666895839999,20.533332897599998,0.0
13072,68752,106.4708356251,20.533332897599998,1.132631540298462
13072,68753,106.4750022918,20.533332897599998,1.2659183740615845
13072,68754,106.4791689585,20.533332897599998,1.6038297414779663
13072,68755,106.4833356252,20.533332897599998,2.1379544734954834
13072,68756,106.48750229189999,20.533332897599998,1.8325581550598145
13072,68757,106.49166895859999,20.533332897599998,1.6177778244018555
13072,68758,106.49583562529999,20.533332897599998,1.2715555429458618
13072,68759,106.50000229199999,20.533332897599998,1.1688635349273682
13072,68760,106.50416895869999,20.533332897599998,1.0855814218521118
13072,68761,106.5083356254,20.533332897599998,1.242790699005127
13072,68762,106.5125022921,20.533332897599998,1.5611904859542847
13072,68763,106.5166689588,20.533332897599998,0.0
13072,68764,106.5208356255,20.533332897599998,1.4142857789993286
13072,68765,106.52500229219999,20.533332897599998,0.0
13072,68766,106.52916895889999,20.533332897599998,1.2225000858306885
13072,68767,106.53333562559999,20.533332897599998,1.3702499866485596
13072,68768,106.53750229229999,20.533332897599998,1.5497499704360962
13072,68769,106.54166895899999,20.533332897599998,2.025749921798706
13072,68770,106.5458356257,20.533332897599998,2.090789556503296
13072,68771,106.5500022924,20.533332897599998,1.9482052326202393
13072,68772,106.5541689591,20.533332897599998,1.8760526180267334
13072,68773,106.5583356258,20.533332897599998,1.6802563667297363
13072,68774,106.56250229249999,20.533332897599998,1.7497498989105225
13072,68775,106.56666895919999,20.533332897599998,2.1384613513946533
13072,68776,106.57083562589999,20.533332897599998,2.172999858856201
13072,68777,106.57500229259999,20.533332897599998,1.5797436237335205
13072,68778,106.57916895929999,20.533332897599998,1.277179479598999
13073,68682,106.17916895609999,20.529166230899996,1.88081955909729
13073,68683,106.18333562279999,20.529166230899996,0.0
13073,68684,106.18750228949999,20.529166230899996,1.6168419122695923
13073,68685,106.19166895619999,20.529166230899996,1.9240001440048218
13073,68686,106.19583562289999,20.529166230899996,1.7678688764572144
13073,68687,106.2000022896,20.529166230899996,1.7324589490890503
13073,68688,106.2041689563,20.529166230899996,2.2844998836517334
13073,68689,106.208335623,20.529166230899996,2.6066668033599854
13073,68690,106.2125022897,20.529166230899996,1.9453966617584229
13073,68691,106.21666895639999,20.529166230899996,1.583709716796875
13073,68692,106.22083562309999,20.529166230899996,1.5422950983047485
13073,68693,106.22500228979999,20.529166230899996,1.5028332471847534
13073,68694,106.22916895649999,20.529166230899996,1.5214062929153442
13073,68695,106.23333562319999,20.529166230899996,1.653870940208435
13073,68696,106.2375022899,20.529166230899996,1.4410169124603271
13073,68697,106.2416689566,20.529166230899996,1.1439343690872192
13073,68698,106.2458356233,20.529166230899996,1.0841270685195923
13073,68699,106.25000229,20.529166230899996,1.1943334341049194
13073,68700,106.2541689567,20.529166230899996,1.3108620643615723
13073,68701,106.25833562339999,20.529166230899996,1.4286667108535767
13073,68702,106.26250229009999,20.529166230899996,1.386379361152649
13073,68703,106.26666895679999,20.529166230899996,1.5008927583694458
13073,68704,106.27083562349999,20.529166230899996,0.0
13073,68705,106.27500229019999,20.529166230899996,1.5670369863510132
13073,68706,106.2791689569,20.529166230899996,1.5967273712158203
13073,68707,106.2833356236,20.529166230899996,1.803999900817871
13073,68708,106.2875022903,20.529166230899996,1.9501817226409912
13073,68709,106.291668957,20.529166230899996,1.5178183317184448
13073,68710,106.29583562369999,20.529166230899996,0.0
13073,68711,106.30000229039999,20.529166230899996,1.4146666526794434
13073,68712,106.30416895709999,20.529166230899996,1.3860656023025513
13073,68713,106.30833562379999,20.529166230899996,1.4312069416046143
13073,68714,106.31250229049999,20.529166230899996,1.718928575515747
13073,68715,106.3166689572,20.529166230899996,1.597118616104126
13073,68716,106.3208356239,20.529166230899996,1.3098386526107788
13073,68717,106.3250022906,20.529166230899996,0.0
13073,68718,106.3291689573,20.529166230899996,1.246315836906433
13073,68719,106.33333562399999,20.529166230899996,1.4017242193222046
13073,68720,106.33750229069999,20.529166230899996,1.7310168743133545
13073,68721,106.34166895739999,20.529166230899996,1.752930998802185
13073,68722,106.34583562409999,20.529166230899996,1.6265573501586914
13073,68723,106.35000229079999,20.529166230899996,1.810351014137268
13073,68724,106.3541689575,20.529166230899996,1.934073805809021
13073,68725,106.3583356242,20.529166230899996,2.344545364379883
13073,68726,106.3625022909,20.529166230899996,2.776909351348877
13073,68727,106.3666689576,20.529166230899996,2.2957141399383545
13073,68728,106.37083562429999,20.529166230899996,1.7098246812820435
13073,68729,106.37500229099999,20.529166230899996,1.490727424621582
13073,68730,106.37916895769999,20.529166230899996,1.437818169593811
13073,68731,106.38333562439999,20.529166230899996,1.4905556440353394
13073,68732,106.38750229109999,20.529166230899996,1.6898181438446045
13073,68733,106.3916689578,20.529166230899996,2.069423198699951
13073,68734,106.3958356245,20.529166230899996,2.3807692527770996
13073,68735,106.4000022912,20.529166230899996,2.3336362838745117
13073,68736,106.4041689579,20.529166230899996,2.096111297607422
13073,68737,106.40833562459999,20.529166230899996,2.0835087299346924
13073,68738,106.41250229129999,20.529166230899996,2.327857255935669
13073,68739,106.41666895799999,20.529166230899996,2.0559258460998535
13073,68740,106.42083562469999,20.529166230899996,2.1048214435577393
13073,68741,106.42500229139999,20.529166230899996,2.2207143306732178
13073,68742,106.42916895809999,20.529166230899996,1.9712499380111694
13073,68743,106.4333356248,20.529166230899996,1.7674139738082886
13073,68744,106.4375022915,20.529166230899996,1.4176270961761475
13073,68745,106.4416689582,20.529166230899996,1.343888759613037
13073,68746,106.4458356249,20.529166230899996,1.3250001668930054
13073,68747,106.45000229159999,20.529166230899996,1.5639287233352661
13073,68748,106.45416895829999,20.529166230899996,1.6124999523162842
13073,68749,106.45833562499999,20.529166230899996,1.4453572034835815
13073,68750,106.46250229169999,20.529166230899996,1.2987273931503296
13073,68751,106.46666895839999,20.529166230899996,1.154736876487732
13073,68752,106.4708356251,20.529166230899996,1.1396491527557373
13073,68753,106.4750022918,20.529166230899996,1.583400011062622
13073,68754,106.4791689585,20.529166230899996,2.5789361000061035
13073,68755,106.4833356252,20.529166230899996,3.249069929122925
13073,68756,106.48750229189999,20.529166230899996,2.792557954788208
13073,68757,106.49166895859999,20.529166230899996,2.199545383453369
13073,68758,106.49583562529999,20.529166230899996,1.5736362934112549
13073,68759,106.50000229199999,20.529166230899996,1.3554545640945435
13073,68760,106.50416895869999,20.529166230899996,1.1981395483016968
13073,68761,106.5083356254,20.529166230899996,1.3614286184310913
13073,68762,106.5125022921,20.529166230899996,1.6583720445632935
13073,68763,106.5166689588,20.529166230899996,1.7184444665908813
13073,68764,106.5208356255,20.529166230899996,1.442272663116455
13073,68765,106.52500229219999,20.529166230899996,0.0
13073,68766,106.52916895889999,20.529166230899996,1.285122036933899
13073,68767,106.53333562559999,20.529166230899996,1.5323076248168945
13073,68768,106.53750229229999,20.529166230899996,1.8556408882141113
13073,68769,106.54166895899999,20.529166230899996,2.020238161087036
13073,68770,106.5458356257,20.529166230899996,1.8860000371932983
13073,68771,106.5500022924,20.529166230899996,1.6722500324249268
13073,68772,106.5541689591,20.529166230899996,1.7234212160110474
13073,68773,106.5583356258,20.529166230899996,1.7770733833312988
13073,68774,106.56250229249999,20.529166230899996,1.753499984741211
13073,68775,106.56666895919999,20.529166230899996,2.2326316833496094
13073,68776,106.57083562589999,20.529166230899996,2.001000165939331
13073,68777,106.57500229259999,20.529166230899996,1.3876190185546875
13073,68778,106.57916895929999,20.529166230899996,1.116410255432129
13073,68779,106.583335626,20.529166230899996,0.0
13074,68682,106.17916895609999,20.524999564199998,1.5794916152954102
13074,68683,106.18333562279999,20.524999564199998,1.4206665754318237
13074,68684,106.18750228949999,20.524999564199998,1.5466071367263794
13074,68685,106.19166895619999,20.524999564199998,1.6728332042694092
13074,68686,106.19583562289999,20.524999564199998,1.5990322828292847
13074,68687,106.2000022896,20.524999564199998,2.0239343643188477
13074,68688,106.2041689563,20.524999564199998,3.1070001125335693
13074,68689,106.208335623,20.524999564199998,3.2799999713897705
13074,68690,106.2125022897,20.524999564199998,2.4630157947540283
13074,68691,106.21666895639999,20.524999564199998,1.8404837846755981
13074,68692,106.22083562309999,20.524999564199998,1.697288155555725
13074,68693,106.22500228979999,20.524999564199998,1.7884483337402344
13074,68694,106.22916895649999,20.524999564199998,1.8562711477279663
13074,68695,106.23333562319999,20.524999564199998,1.9722806215286255
13074,68696,106.2375022899,20.524999564199998,1.641034483909607
13074,68697,106.2416689566,20.524999564199998,1.2381967306137085
13074,68698,106.2458356233,20.524999564199998,1.1631147861480713
13074,68699,106.25000229,20.524999564199998,1.1975409984588623
13074,68700,106.2541689567,20.524999564199998,1.1720001697540283
13074,68701,106.25833562339999,20.524999564199998,1.2596721649169922
13074,68702,106.26250229009999,20.524999564199998,1.335762858390808
13074,68703,106.26666895679999,20.524999564199998,1.4237288236618042
13074,68704,106.27083562349999,20.524999564199998,1.4692857265472412
13074,68705,106.27500229019999,20.524999564199998,1.3660000562667847
13074,68706,106.2791689569,20.524999564199998,1.356909155845642
13074,68707,106.2833356236,20.524999564199998,1.5889471769332886
13074,68708,106.2875022903,20.524999564199998,1.7998214960098267
13074,68709,106.291668957,20.524999564199998,1.7007142305374146
13074,68710,106.29583562369999,20.524999564199998,0.0
13074,68711,106.30000229039999,20.524999564199998,1.55338716506958
13074,68712,106.30416895709999,20.524999564199998,1.5640323162078857
13074,68713,106.30833562379999,20.524999564199998,1.479827642440796
13074,68714,106.31250229049999,20.524999564199998,1.5605173110961914
13074,68715,106.3166689572,20.524999564199998,1.5122413635253906
13074,68716,106.3208356239,20.524999564199998,1.2526665925979614
13074,68717,106.3250022906,20.524999564199998,1.2058619260787964
13074,68718,106.3291689573,20.524999564199998,1.3124561309814453
13074,68719,106.33333562399999,20.524999564199998,1.5055934190750122
13074,68720,106.33750229069999,20.524999564199998,1.4640676975250244
13074,68721,106.34166895739999,20.524999564199998,1.4127119779586792
13074,68722,106.34583562409999,20.524999564199998,1.4600000381469727
13074,68723,106.35000229079999,20.524999564199998,1.5489473342895508
13074,68724,106.3541689575,20.524999564199998,1.8569490909576416
13074,68725,106.3583356242,20.524999564199998,2.77396559715271
13074,68726,106.3625022909,20.524999564199998,3.1335086822509766
13074,68727,106.3666689576,20.524999564199998,2.471296548843384
13074,68728,106.37083562429999,20.524999564199998,1.6935847997665405
13074,68729,106.37500229099999,20.524999564199998,1.5411112308502197
13074,68730,106.37916895769999,20.524999564199998,1.4477776288986206
13074,68731,106.38333562439999,20.524999564199998,1.423888921737671
13074,68732,106.38750229109999,20.524999564199998,1.6380001306533813
13074,68733,106.3916689578,20.524999564199998,2.2624528408050537
13074,68734,106.3958356245,20.524999564199998,2.492500066757202
13074,68735,106.4000022912,20.524999564199998,2.380678176879883
13074,68736,106.4041689579,20.524999564199998,2.319122791290283
13074,68737,106.40833562459999,20.524999564199998,3.6644644737243652
13074,68738,106.41250229129999,20.524999564199998,5.5112504959106445
13074,68739,106.41666895799999,20.524999564199998,4.428908824920654
13074,68740,106.42083562469999,20.524999564199998,1.9062068462371826
13074,68741,106.42500229139999,20.524999564199998,1.5786666870117188
13074,68742,106.42916895809999,20.524999564199998,1.4310345649719238
13074,68743,106.4333356248,20.524999564199998,1.3866101503372192
13074,68744,106.4375022915,20.524999564199998,1.1969090700149536
13074,68745,106.4416689582,20.524999564199998,1.1558492183685303
13074,68746,106.4458356249,20.524999564199998,1.3100000619888306
13074,68747,106.45000229159999,20.524999564199998,1.9920756816864014
13074,68748,106.45416895829999,20.524999564199998,2.1121819019317627
13074,68749,106.45833562499999,20.524999564199998,1.6947171688079834
13074,68750,106.46250229169999,20.524999564199998,1.4018518924713135
13074,68751,106.46666895839999,20.524999564199998,1.1710344552993774
13074,68752,106.4708356251,20.524999564199998,1.1561402082443237
13074,68753,106.4750022918,20.524999564199998,1.4682353734970093
13074,68754,106.4791689585,20.524999564199998,2.405681848526001
13074,68755,106.4833356252,20.524999564199998,2.7678048610687256
13074,68756,106.48750229189999,20.524999564199998,2.5321431159973145
13074,68757,106.49166895859999,20.524999564199998,2.1844186782836914
13074,68758,106.49583562529999,20.524999564199998,1.6146509647369385
13074,68759,106.50000229199999,20.524999564199998,1.5729546546936035
13074,68760,106.50416895869999,20.524999564199998,1.4602380990982056
13074,68761,106.5083356254,20.524999564199998,1.4029268026351929
13074,68762,106.5125022921,20.524999564199998,1.4919511079788208
13074,68763,106.5166689588,20.524999564199998,1.5809301137924194
13074,68764,106.5208356255,20.524999564199998,1.305952548980713
13074,68765,106.52500229219999,20.524999564199998,0.0
13074,68766,106.52916895889999,20.524999564199998,1.3804761171340942
13074,68767,106.53333562559999,20.524999564199998,1.5623078346252441
13074,68768,106.53750229229999,20.524999564199998,1.7630770206451416
13074,68769,106.54166895899999,20.524999564199998,1.6705000400543213
13074,68770,106.5458356257,20.524999564199998,1.544390320777893
13074,68771,106.5500022924,20.524999564199998,1.645609736442566
13074,68772,106.5541689591,20.524999564199998,1.8182499408721924
13074,68773,106.5583356258,20.524999564199998,0.0
13074,68774,106.56250229249999,20.524999564199998,1.9104878902435303
13074,68775,106.56666895919999,20.524999564199998,2.259230852127075
13074,68776,106.57083562589999,20.524999564199998,2.1357498168945312
13074,68777,106.57500229259999,20.524999564199998,1.5099999904632568
13074,68778,106.57916895929999,20.524999564199998,1.0992308855056763
13074,68779,106.583335626,20.524999564199998,0.9768293499946594
13075,68683,106.18333562279999,20.520832897499997,0.0
13075,68684,106.18750228949999,20.520832897499997,1.4328813552856445
13075,68685,106.19166895619999,20.520832897499997,1.5220690965652466
13075,68686,106.19583562289999,20.520832897499997,1.5296611785888672
13075,68687,106.2000022896,20.520832897499997,1.9127119779586792
13075,68688,106.2041689563,20.520832897499997,2.7528812885284424
13075,68689,106.208335623,20.520832897499997,2.82086181640625
13075,68690,106.2125022897,20.520832897499997,2.179830551147461
13075,68691,106.21666895639999,20.520832897499997,1.867368459701538
13075,68692,106.22083562309999,20.520832897499997,0.0
13075,68693,106.22500228979999,20.520832897499997,0.0
13075,68694,106.22916895649999,20.520832897499997,0.0
13075,68695,106.23333562319999,20.520832897499997,1.9041666984558105
13075,68696,106.2375022899,20.520832897499997,1.5429033041000366
13075,68697,106.2416689566,20.520832897499997,1.4085484743118286
13075,68698,106.2458356233,20.520832897499997,1.477966070175171
13075,68699,106.25000229,20.520832897499997,1.4714999198913574
13075,68700,106.2541689567,20.520832897499997,1.4211864471435547
13075,68701,106.25833562339999,20.520832897499997,1.3976271152496338
13075,68702,106.26250229009999,20.520832897499997,1.4264999628067017
13075,68703,106.26666895679999,20.520832897499997,0.0
13075,68704,106.27083562349999,20.520832897499997,1.362069010734558
13075,68705,106.27500229019999,20.520832897499997,0.0
13075,68706,106.2791689569,20.520832897499997,1.3235713243484497
13075,68707,106.2833356236,20.520832897499997,1.588448405265808
13075,68708,106.2875022903,20.520832897499997,1.69655179977417
13075,68709,106.291668957,20.520832897499997,1.5971428155899048
13075,68710,106.29583562369999,20.520832897499997,1.49379301071167
13075,68711,106.30000229039999,20.520832897499997,1.5726227760314941
13075,68712,106.30416895709999,20.520832897499997,1.5155930519104004
13075,68713,106.30833562379999,20.520832897499997,1.4015518426895142
13075,68714,106.31250229049999,20.520832897499997,1.2772412300109863
13075,68715,106.3166689572,20.520832897499997,1.2989654541015625
13075,68716,106.3208356239,20.520832897499997,1.2840678691864014
13075,68717,106.3250022906,20.520832897499997,1.4845000505447388
13075,68718,106.3291689573,20.520832897499997,1.7496609687805176
13075,68719,106.33333562399999,20.520832897499997,2.0277585983276367
13075,68720,106.33750229069999,20.520832897499997,1.668245553970337
13075,68721,106.34166895739999,20.520832897499997,1.4406898021697998
13075,68722,106.34583562409999,20.520832897499997,0.0
13075,68723,106.35000229079999,20.520832897499997,1.497069001197815
13075,68724,106.3541689575,20.520832897499997,1.7813559770584106
13075,68725,106.3583356242,20.520832897499997,3.092033863067627
13075,68726,106.3625022909,20.520832897499997,4.5571184158325195
13075,68727,106.3666689576,20.520832897499997,3.4157145023345947
13075,68728,106.37083562429999,20.520832897499997,2.1341817378997803
13075,68729,106.37500229099999,20.520832897499997,1.7184906005859375
13075,68730,106.37916895769999,20.520832897499997,1.5909433364868164
13075,68731,106.38333562439999,20.520832897499997,1.6452831029891968
13075,68732,106.38750229109999,20.520832897499997,1.7183637619018555
13075,68733,106.3916689578,20.520832897499997,2.138749837875366
13075,68734,106.3958356245,20.520832897499997,2.146250009536743
13075,68735,106.4000022912,20.520832897499997,1.8500001430511475
13075,68736,106.4041689579,20.520832897499997,1.9742857217788696
13075,68737,106.40833562459999,20.520832897499997,3.2180700302124023
13075,68738,106.41250229129999,20.520832897499997,5.330714702606201
13075,68739,106.41666895799999,20.520832897499997,4.251964092254639
13075,68740,106.42083562469999,20.520832897499997,1.8312501907348633
13075,68741,106.42500229139999,20.520832897499997,1.528833270072937
13075,68742,106.42916895809999,20.520832897499997,1.3753334283828735
13075,68743,106.4333356248,20.520832897499997,1.2768332958221436
13075,68744,106.4375022915,20.520832897499997,1.2373214960098267
13075,68745,106.4416689582,20.520832897499997,0.0
13075,68746,106.4458356249,20.520832897499997,1.356964349746704
13075,68747,106.45000229159999,20.520832897499997,1.913773536682129
13075,68748,106.45416895829999,20.520832897499997,1.9844231605529785
13075,68749,106.45833562499999,20.520832897499997,1.5350909233093262
13075,68750,106.46250229169999,20.520832897499997,1.386296272277832
13075,68751,106.46666895839999,20.520832897499997,1.2921429872512817
13075,68752,106.4708356251,20.520832897499997,1.2607017755508423
13075,68753,106.4750022918,20.520832897499997,1.3703844547271729
13075,68754,106.4791689585,20.520832897499997,1.8158535957336426
13075,68755,106.4833356252,20.520832897499997,2.150238037109375
13075,68756,106.48750229189999,20.520832897499997,2.6565909385681152
13075,68757,106.49166895859999,20.520832897499997,2.30488920211792
13075,68758,106.49583562529999,20.520832897499997,1.911860466003418
13075,68759,106.50000229199999,20.520832897499997,1.6636364459991455
13075,68760,106.50416895869999,20.520832897499997,1.4622727632522583
13075,68761,106.5083356254,20.520832897499997,1.2397499084472656
13075,68762,106.5125022921,20.520832897499997,1.2384999990463257
13075,68763,106.5166689588,20.520832897499997,1.217368483543396
13075,68764,106.5208356255,20.520832897499997,0.0
13075,68765,106.52500229219999,20.520832897499997,0.0
13075,68766,106.52916895889999,20.520832897499997,1.314634084701538
13075,68767,106.53333562559999,20.520832897499997,1.3869999647140503
13075,68768,106.53750229229999,20.520832897499997,1.3289743661880493
13075,68769,106.54166895899999,20.520832897499997,1.3551281690597534
13075,68770,106.5458356257,20.520832897499997,1.4774999618530273
13075,68771,106.5500022924,20.520832897499997,1.6104878187179565
13075,68772,106.5541689591,20.520832897499997,1.7512500286102295
13075,68773,106.5583356258,20.520832897499997,1.9570001363754272
13075,68774,106.56250229249999,20.520832897499997,1.9985365867614746
13075,68775,106.56666895919999,20.520832897499997,2.4056098461151123
13075,68776,106.57083562589999,20.520832897499997,2.5077500343322754
13075,68777,106.57500229259999,20.520832897499997,1.8069231510162354
13075,68778,106.57916895929999,20.520832897499997,1.2565789222717285
13075,68779,106.583335626,20.520832897499997,1.0609755516052246
13076,68683,106.18333562279999,20.516666230799995,1.4642856121063232
13076,68684,106.18750228949999,20.516666230799995,1.584642767906189
13076,68685,106.19166895619999,20.516666230799995,1.7098275423049927
13076,68686,106.19583562289999,20.516666230799995,1.688666820526123
13076,68687,106.2000022896,20.516666230799995,1.8565573692321777
13076,68688,106.2041689563,20.516666230799995,2.1214752197265625
13076,68689,106.208335623,20.516666230799995,2.1179659366607666
13076,68690,106.2125022897,20.516666230799995,1.666440725326538
13076,68691,106.21666895639999,20.516666230799995,1.6503448486328125
13076,68692,106.22083562309999,20.516666230799995,0.0
13076,68693,106.22500228979999,20.516666230799995,0.0
13076,68694,106.22916895649999,20.516666230799995,1.7663933038711548
13076,68695,106.23333562319999,20.516666230799995,1.6440677642822266
13076,68696,106.2375022899,20.516666230799995,1.5390164852142334
13076,68697,106.2416689566,20.516666230799995,1.5719999074935913
13076,68698,106.2458356233,20.516666230799995,1.6894915103912354
13076,68699,106.25000229,20.516666230799995,1.7403388023376465
13076,68700,106.2541689567,20.516666230799995,1.6343332529067993
13076,68701,106.25833562339999,20.516666230799995,0.0
13076,68702,106.26250229009999,20.516666230799995,1.4674136638641357
13076,68703,106.26666895679999,20.516666230799995,1.6207143068313599
13076,68704,106.27083562349999,20.516666230799995,1.471929907798767
13076,68705,106.27500229019999,20.516666230799995,1.302321434020996
13076,68706,106.2791689569,20.516666230799995,1.326909065246582
13076,68707,106.2833356236,20.516666230799995,1.5583927631378174
13076,68708,106.2875022903,20.516666230799995,1.9810168743133545
13076,68709,106.291668957,20.516666230799995,2.1733334064483643
13076,68710,106.29583562369999,20.516666230799995,2.2012500762939453
13076,68711,106.30000229039999,20.516666230799995,1.920357346534729
13076,68712,106.30416895709999,20.516666230799995,1.4480701684951782
13076,68713,106.30833562379999,20.516666230799995,1.3221051692962646
13076,68714,106.31250229049999,20.516666230799995,0.0
13076,68715,106.3166689572,20.516666230799995,0.0
13076,68716,106.3208356239,20.516666230799995,0.0
13076,68717,106.3250022906,20.516666230799995,1.5507017374038696
13076,68718,106.3291689573,20.516666230799995,1.7386666536331177
13076,68719,106.33333562399999,20.516666230799995,1.8816665410995483
13076,68720,106.33750229069999,20.516666230799995,1.7217544317245483
13076,68721,106.34166895739999,20.516666230799995,1.4607019424438477
13076,68722,106.34583562409999,20.516666230799995,0.0
13076,68723,106.35000229079999,20.516666230799995,1.605263113975525
13076,68724,106.3541689575,20.516666230799995,1.9224138259887695
13076,68725,106.3583356242,20.516666230799995,3.0383050441741943
13076,68726,106.3625022909,20.516666230799995,5.777288436889648
13076,68727,106.3666689576,20.516666230799995,5.208103656768799
13076,68728,106.37083562429999,20.516666230799995,2.67877197265625
13076,68729,106.37500229099999,20.516666230799995,2.0609090328216553
13076,68730,106.37916895769999,20.516666230799995,1.7314035892486572
13076,68731,106.38333562439999,20.516666230799995,1.4767272472381592
13076,68732,106.38750229109999,20.516666230799995,1.4076365232467651
13076,68733,106.3916689578,20.516666230799995,1.4622807502746582
13076,68734,106.3958356245,20.516666230799995,1.4199999570846558
13076,68735,106.4000022912,20.516666230799995,1.5142104625701904
13076,68736,106.4041689579,20.516666230799995,1.7161403894424438
13076,68737,106.40833562459999,20.516666230799995,2.100175380706787
13076,68738,106.41250229129999,20.516666230799995,2.654444456100464
13076,68739,106.41666895799999,20.516666230799995,2.382000207901001
13076,68740,106.42083562469999,20.516666230799995,1.7337735891342163
13076,68741,106.42500229139999,20.516666230799995,1.5903571844100952
13076,68742,106.42916895809999,20.516666230799995,1.3953334093093872
13076,68743,106.4333356248,20.516666230799995,1.2764999866485596
13076,68744,106.4375022915,20.516666230799995,0.0
13076,68745,106.4416689582,20.516666230799995,0.0
13076,68746,106.4458356249,20.516666230799995,1.3212499618530273
13076,68747,106.45000229159999,20.516666230799995,1.67037034034729
13076,68748,106.45416895829999,20.516666230799995,1.721153736114502
13076,68749,106.45833562499999,20.516666230799995,1.5147273540496826
13076,68750,106.46250229169999,20.516666230799995,1.4616072177886963
13076,68751,106.46666895839999,20.516666230799995,1.355636477470398
13076,68752,106.4708356251,20.516666230799995,1.3349121809005737
13076,68753,106.4750022918,20.516666230799995,1.4422000646591187
13076,68754,106.4791689585,20.516666230799995,1.6165001392364502
13076,68755,106.4833356252,20.516666230799995,1.8625640869140625
13076,68756,106.48750229189999,20.516666230799995,2.199512243270874
13076,68757,106.49166895859999,20.516666230799995,2.2367441654205322
13076,68758,106.49583562529999,20.516666230799995,1.8795348405838013
13076,68759,106.50000229199999,20.516666230799995,1.4659523963928223
13076,68760,106.50416895869999,20.516666230799995,1.3409525156021118
13076,68761,106.5083356254,20.516666230799995,1.1514285802841187
13076,68762,106.5125022921,20.516666230799995,0.0
13076,68763,106.5166689588,20.516666230799995,1.1994998455047607
13076,68764,106.5208356255,20.516666230799995,1.1762501001358032
13076,68765,106.52500229219999,20.516666230799995,1.2139023542404175
13076,68766,106.52916895889999,20.516666230799995,1.43666672706604
13076,68767,106.53333562559999,20.516666230799995,1.5195000171661377
13076,68768,106.53750229229999,20.516666230799995,1.5512820482254028
13076,68769,106.54166895899999,20.516666230799995,1.5143588781356812
13076,68770,106.5458356257,20.516666230799995,1.5042500495910645
13076,68771,106.5500022924,20.516666230799995,1.5772498846054077
13076,68772,106.5541689591,20.516666230799995,1.541190505027771
13076,68773,106.5583356258,20.516666230799995,1.778809666633606
13076,68774,106.56250229249999,20.516666230799995,1.977073073387146
13076,68775,106.56666895919999,20.516666230799995,2.4295122623443604
13076,68776,106.57083562589999,20.516666230799995,2.4570000171661377
13076,68777,106.57500229259999,20.516666230799995,1.9552632570266724
13076,68778,106.57916895929999,20.516666230799995,1.382307767868042
13077,68683,106.18333562279999,20.512499564099997,1.4996552467346191
13077,68684,106.18750228949999,20.512499564099997,1.8829090595245361
13077,68685,106.19166895619999,20.512499564099997,1.997368335723877
13077,68686,106.19583562289999,20.512499564099997,1.9427118301391602
13077,68687,106.2000022896,20.512499564099997,2.0161290168762207
13077,68688,106.2041689563,20.512499564099997,2.153491735458374
13077,68689,106.208335623,20.512499564099997,2.07016658782959
13077,68690,106.2125022897,20.512499564099997,1.7891380786895752
13077,68691,106.21666895639999,20.512499564099997,1.7291525602340698
13077,68692,106.22083562309999,20.512499564099997,1.6737288236618042
13077,68693,106.22500228979999,20.512499564099997,1.6859017610549927
13077,68694,106.22916895649999,20.512499564099997,1.6567741632461548
13077,68695,106.23333562319999,20.512499564099997,1.5279661417007446
13077,68696,106.2375022899,20.512499564099997,0.0
13077,68697,106.2416689566,20.512499564099997,0.0
13077,68698,106.2458356233,20.512499564099997,1.5731579065322876
13077,68699,106.25000229,20.512499564099997,1.6001665592193604
13077,68700,106.2541689567,20.512499564099997,1.5713560581207275
13077,68701,106.25833562339999,20.512499564099997,0.0
13077,68702,106.26250229009999,20.512499564099997,0.0
13077,68703,106.26666895679999,20.512499564099997,0.0
13077,68704,106.27083562349999,20.512499564099997,1.752631425857544
13077,68705,106.27500229019999,20.512499564099997,1.6846553087234497
13077,68706,106.2791689569,20.512499564099997,1.4329309463500977
13077,68707,106.2833356236,20.512499564099997,1.613035798072815
13077,68708,106.2875022903,20.512499564099997,2.3141379356384277
13077,68709,106.291668957,20.512499564099997,2.7358930110931396
13077,68710,106.29583562369999,20.512499564099997,2.526545524597168
13077,68711,106.30000229039999,20.512499564099997,2.1458182334899902
13077,68712,106.30416895709999,20.512499564099997,1.60785710811615
13077,68713,106.30833562379999,20.512499564099997,1.4062069654464722
13077,68714,106.31250229049999,20.512499564099997,0.0
13077,68715,106.3166689572,20.512499564099997,0.0
13077,68716,106.3208356239,20.512499564099997,0.0
13077,68717,106.3250022906,20.512499564099997,1.3524562120437622
13077,68718,106.3291689573,20.512499564099997,1.427457571029663
13077,68719,106.33333562399999,20.512499564099997,1.5901696681976318
13077,68720,106.33750229069999,20.512499564099997,1.5021053552627563
13077,68721,106.34166895739999,20.512499564099997,1.4896609783172607
13077,68722,106.34583562409999,20.512499564099997,0.0
13077,68723,106.35000229079999,20.512499564099997,1.6928571462631226
13077,68724,106.3541689575,20.512499564099997,2.0387721061706543
13077,68725,106.3583356242,20.512499564099997,3.063965320587158
13077,68726,106.3625022909,20.512499564099997,5.103103160858154
13077,68727,106.3666689576,20.512499564099997,4.76189661026001
13077,68728,106.37083562429999,20.512499564099997,3.0289831161499023
13077,68729,106.37500229099999,20.512499564099997,2.2460343837738037
13077,68730,106.37916895769999,20.512499564099997,1.7891227006912231
13077,68731,106.38333562439999,20.512499564099997,1.4459258317947388
13077,68732,106.38750229109999,20.512499564099997,1.3336365222930908
13077,68733,106.3916689578,20.512499564099997,1.2826786041259766
13077,68734,106.3958356245,20.512499564099997,1.3394643068313599
13077,68735,106.4000022912,20.512499564099997,1.4443104267120361
13077,68736,106.4041689579,20.512499564099997,1.9084210395812988
13077,68737,106.40833562459999,20.512499564099997,2.3160345554351807
13077,68738,106.41250229129999,20.512499564099997,2.1901721954345703
13077,68739,106.41666895799999,20.512499564099997,1.9305264949798584
13077,68740,106.42083562469999,20.512499564099997,1.8003571033477783
13077,68741,106.42500229139999,20.512499564099997,1.8605263233184814
13077,68742,106.42916895809999,20.512499564099997,1.6105172634124756
13077,68743,106.4333356248,20.512499564099997,1.379298448562622
13077,68744,106.4375022915,20.512499564099997,0.0
13077,68745,106.4416689582,20.512499564099997,0.0
13077,68746,106.4458356249,20.512499564099997,1.2475862503051758
13077,68747,106.45000229159999,20.512499564099997,1.5126314163208008
13077,68748,106.45416895829999,20.512499564099997,1.7833335399627686
13077,68749,106.45833562499999,20.512499564099997,1.787454605102539
13077,68750,106.46250229169999,20.512499564099997,1.5216666460037231
13077,68751,106.46666895839999,20.512499564099997,1.3836205005645752
13077,68752,106.4708356251,20.512499564099997,1.518772006034851
13077,68753,106.4750022918,20.512499564099997,1.6873469352722168
13077,68754,106.4791689585,20.512499564099997,1.8273169994354248
13077,68755,106.4833356252,20.512499564099997,1.6784615516662598
13077,68756,106.48750229189999,20.512499564099997,1.561000108718872
13077,68757,106.49166895859999,20.512499564099997,1.7640475034713745
13077,68758,106.49583562529999,20.512499564099997,1.7174420356750488
13077,68759,106.50000229199999,20.512499564099997,1.3443902730941772
13077,68760,106.50416895869999,20.512499564099997,0.0
13077,68761,106.5083356254,20.512499564099997,1.1292682886123657
13077,68762,106.5125022921,20.512499564099997,1.234473705291748
13077,68763,106.5166689588,20.512499564099997,1.4390244483947754
13077,68764,106.5208356255,20.512499564099997,1.6497559547424316
13077,68765,106.52500229219999,20.512499564099997,2.071951389312744
13077,68766,106.52916895889999,20.512499564099997,2.0399999618530273
13077,68767,106.53333562559999,20.512499564099997,1.9775609970092773
13077,68768,106.53750229229999,20.512499564099997,1.813249945640564
13077,68769,106.54166895899999,20.512499564099997,1.752307653427124
13077,68770,106.5458356257,20.512499564099997,1.8537498712539673
13077,68771,106.5500022924,20.512499564099997,1.9532499313354492
13077,68772,106.5541689591,20.512499564099997,1.7421051263809204
13077,68773,106.5583356258,20.512499564099997,1.6518422365188599
13077,68774,106.56250229249999,20.512499564099997,1.940512776374817
13077,68775,106.56666895919999,20.512499564099997,2.3331708908081055
13077,68776,106.57083562589999,20.512499564099997,2.3023808002471924
13077,68777,106.57500229259999,20.512499564099997,1.838749885559082
13077,68778,106.57916895929999,20.512499564099997,1.3356411457061768
13077,68779,106.583335626,20.512499564099997,1.0671052932739258
13078,68682,106.17916895609999,20.508332897399995,1.554181694984436
13078,68683,106.18333562279999,20.508332897399995,1.7899999618530273
13078,68684,106.18750228949999,20.508332897399995,2.072711706161499
13078,68685,106.19166895619999,20.508332897399995,2.1025807857513428
13078,68686,106.19583562289999,20.508332897399995,1.9895237684249878
13078,68687,106.2000022896,20.508332897399995,2.0824999809265137
13078,68688,106.2041689563,20.508332897399995,2.2050821781158447
13078,68689,106.208335623,20.508332897399995,2.0816948413848877
13078,68690,106.2125022897,20.508332897399995,1.8793221712112427
13078,68691,106.21666895639999,20.508332897399995,1.9683334827423096
13078,68692,106.22083562309999,20.508332897399995,2.103898286819458
13078,68693,106.22500228979999,20.508332897399995,2.115245819091797
13078,68694,106.22916895649999,20.508332897399995,2.026393413543701
13078,68695,106.23333562319999,20.508332897399995,1.735689640045166
13078,68696,106.2375022899,20.508332897399995,1.5579661130905151
13078,68697,106.2416689566,20.508332897399995,1.4564911127090454
13078,68698,106.2458356233,20.508332897399995,1.3958334922790527
13078,68699,106.25000229,20.508332897399995,0.0
13078,68700,106.2541689567,20.508332897399995,0.0
13078,68701,106.25833562339999,20.508332897399995,1.634912371635437
13078,68702,106.26250229009999,20.508332897399995,1.5296610593795776
13078,68703,106.26666895679999,20.508332897399995,1.505423903465271
13078,68704,106.27083562349999,20.508332897399995,1.6470000743865967
13078,68705,106.27500229019999,20.508332897399995,1.876551628112793
13078,68706,106.2791689569,20.508332897399995,1.5575437545776367
13078,68707,106.2833356236,20.508332897399995,1.4805357456207275
13078,68708,106.2875022903,20.508332897399995,1.7855358123779297
13078,68709,106.291668957,20.508332897399995,2.103773355484009
13078,68710,106.29583562369999,20.508332897399995,1.8849999904632568
13078,68711,106.30000229039999,20.508332897399995,1.8070690631866455
13078,68712,106.30416895709999,20.508332897399995,1.6354385614395142
13078,68713,106.30833562379999,20.508332897399995,1.4703447818756104
13078,68714,106.31250229049999,20.508332897399995,1.3775438070297241
13078,68715,106.3166689572,20.508332897399995,1.3789088726043701
13078,68716,106.3208356239,20.508332897399995,1.4082456827163696
13078,68717,106.3250022906,20.508332897399995,1.4184210300445557
13078,68718,106.3291689573,20.508332897399995,0.0
13078,68719,106.33333562399999,20.508332897399995,0.0
13078,68720,106.33750229069999,20.508332897399995,0.0
13078,68721,106.34166895739999,20.508332897399995,1.5841071605682373
13078,68722,106.34583562409999,20.508332897399995,1.6454544067382812
13078,68723,106.35000229079999,20.508332897399995,1.6743638515472412
13078,68724,106.3541689575,20.508332897399995,2.4964282512664795
13078,68725,106.3583356242,20.508332897399995,3.402585983276367
13078,68726,106.3625022909,20.508332897399995,4.337718963623047
13078,68727,106.3666689576,20.508332897399995,3.255263328552246
13078,68728,106.37083562429999,20.508332897399995,2.6686205863952637
13078,68729,106.37500229099999,20.508332897399995,2.1650876998901367
13078,68730,106.37916895769999,20.508332897399995,1.760357141494751
13078,68731,106.38333562439999,20.508332897399995,1.541636347770691
13078,68732,106.38750229109999,20.508332897399995,1.4787036180496216
13078,68733,106.3916689578,20.508332897399995,1.368727207183838
13078,68734,106.3958356245,20.508332897399995,1.4937036037445068
13078,68735,106.4000022912,20.508332897399995,1.705438494682312
13078,68736,106.4041689579,20.508332897399995,1.800175428390503
13078,68737,106.40833562459999,20.508332897399995,1.9627585411071777
13078,68738,106.41250229129999,20.508332897399995,1.8538599014282227
13078,68739,106.41666895799999,20.508332897399995,1.5924999713897705
13078,68740,106.42083562469999,20.508332897399995,1.78000009059906
13078,68741,106.42500229139999,20.508332897399995,2.096607208251953
13078,68742,106.42916895809999,20.508332897399995,1.9273213148117065
13078,68743,106.4333356248,20.508332897399995,1.3369090557098389
13078,68744,106.4375022915,20.508332897399995,0.0
13078,68745,106.4416689582,20.508332897399995,0.0
13078,68746,106.4458356249,20.508332897399995,1.1936205625534058
13078,68747,106.45000229159999,20.508332897399995,1.5179308652877808
13078,68748,106.45416895829999,20.508332897399995,1.9612728357315063
13078,68749,106.45833562499999,20.508332897399995,2.0303635597229004
13078,68750,106.46250229169999,20.508332897399995,1.657407522201538
13078,68751,106.46666895839999,20.508332897399995,1.600175380706787
13078,68752,106.4708356251,20.508332897399995,1.7537498474121094
13078,68753,106.4750022918,20.508332897399995,1.914255142211914
13078,68754,106.4791689585,20.508332897399995,1.8053655624389648
13078,68755,106.4833356252,20.508332897399995,1.4275000095367432
13078,68756,106.48750229189999,20.508332897399995,1.238718032836914
13078,68757,106.49166895859999,20.508332897399995,1.467250108718872
13078,68758,106.49583562529999,20.508332897399995,1.475000023841858
13078,68759,106.50000229199999,20.508332897399995,1.3045237064361572
13078,68760,106.50416895869999,20.508332897399995,1.2857143878936768
13078,68761,106.5083356254,20.508332897399995,1.3646341562271118
13078,68762,106.5125022921,20.508332897399995,1.9112820625305176
13078,68763,106.5166689588,20.508332897399995,2.056410551071167
13078,68764,106.5208356255,20.508332897399995,2.362307548522949
13078,68765,106.52500229219999,20.508332897399995,2.576000213623047
13078,68766,106.52916895889999,20.508332897399995,2.405250072479248
13078,68767,106.53333562559999,20.508332897399995,2.069756031036377
13078,68768,106.53750229229999,20.508332897399995,1.8975000381469727
13078,68769,106.54166895899999,20.508332897399995,2.1884615421295166
13078,68770,106.5458356257,20.508332897399995,2.5162501335144043
13078,68771,106.5500022924,20.508332897399995,2.4075610637664795
13078,68772,106.5541689591,20.508332897399995,2.1105129718780518
13078,68773,106.5583356258,20.508332897399995,1.9143590927124023
13078,68774,106.56250229249999,20.508332897399995,2.1556410789489746
13078,68775,106.56666895919999,20.508332897399995,2.5889999866485596
13078,68776,106.57083562589999,20.508332897399995,2.1090245246887207
13078,68777,106.57500229259999,20.508332897399995,1.7243901491165161
13078,68778,106.57916895929999,20.508332897399995,1.3047500848770142
13078,68779,106.583335626,20.508332897399995,1.1010255813598633
13078,68780,106.5875022927,20.508332897399995,0.9531707763671875
13079,68682,106.17916895609999,20.504166230699997,1.7608771324157715
13079,68683,106.18333562279999,20.504166230699997,1.9949121475219727
13079,68684,106.18750228949999,20.504166230699997,2.172833204269409
13079,68685,106.19166895619999,20.504166230699997,2.1786885261535645
13079,68686,106.19583562289999,20.504166230699997,2.0321311950683594
13079,68687,106.2000022896,20.504166230699997,2.0963492393493652
13079,68688,106.2041689563,20.504166230699997,2.154576301574707
13079,68689,106.208335623,20.504166230699997,1.8871667385101318
13079,68690,106.2125022897,20.504166230699997,1.7169841527938843
13079,68691,106.21666895639999,20.504166230699997,1.9027585983276367
13079,68692,106.22083562309999,20.504166230699997,2.1710524559020996
13079,68693,106.22500228979999,20.504166230699997,2.3145761489868164
13079,68694,106.22916895649999,20.504166230699997,2.425161361694336
13079,68695,106.23333562319999,20.504166230699997,2.1638333797454834
13079,68696,106.2375022899,20.504166230699997,1.8825422525405884
13079,68697,106.2416689566,20.504166230699997,1.7089831829071045
13079,68698,106.2458356233,20.504166230699997,1.5533870458602905
13079,68699,106.25000229,20.504166230699997,1.5406556129455566
13079,68700,106.2541689567,20.504166230699997,0.0
13079,68701,106.25833562339999,20.504166230699997,1.7485246658325195
13079,68702,106.26250229009999,20.504166230699997,1.5070490837097168
13079,68703,106.26666895679999,20.504166230699997,1.322786808013916
13079,68704,106.27083562349999,20.504166230699997,1.3055737018585205
13079,68705,106.27500229019999,20.504166230699997,1.3379660844802856
13079,68706,106.2791689569,20.504166230699997,1.352931022644043
13079,68707,106.2833356236,20.504166230699997,1.3285964727401733
13079,68708,106.2875022903,20.504166230699997,1.3442106246948242
13079,68709,106.291668957,20.504166230699997,1.345818281173706
13079,68710,106.29583562369999,20.504166230699997,1.4403448104858398
13079,68711,106.30000229039999,20.504166230699997,2.212280750274658
13079,68712,106.30416895709999,20.504166230699997,2.6415514945983887
13079,68713,106.30833562379999,20.504166230699997,1.709643006324768
13079,68714,106.31250229049999,20.504166230699997,1.4803508520126343
13079,68715,106.3166689572,20.504166230699997,1.5185964107513428
13079,68716,106.3208356239,20.504166230699997,0.0
13079,68717,106.3250022906,20.504166230699997,1.5590322017669678
13079,68718,106.3291689573,20.504166230699997,1.5243546962738037
13079,68719,106.33333562399999,20.504166230699997,1.6287931203842163
13079,68720,106.33750229069999,20.504166230699997,1.6621052026748657
13079,68721,106.34166895739999,20.504166230699997,1.6246551275253296
13079,68722,106.34583562409999,20.504166230699997,1.892727255821228
13079,68723,106.35000229079999,20.504166230699997,2.030892848968506
13079,68724,106.3541689575,20.504166230699997,2.8441073894500732
13079,68725,106.3583356242,20.504166230699997,4.724727630615234
13079,68726,106.3625022909,20.504166230699997,4.959464073181152
13079,68727,106.3666689576,20.504166230699997,2.9178569316864014
13079,68728,106.37083562429999,20.504166230699997,2.1310527324676514
13079,68729,106.37500229099999,20.504166230699997,2.0946428775787354
13079,68730,106.37916895769999,20.504166230699997,2.0658929347991943
13079,68731,106.38333562439999,20.504166230699997,2.0818517208099365
13079,68732,106.38750229109999,20.504166230699997,1.9405661821365356
13079,68733,106.3916689578,20.504166230699997,1.624814748764038
13079,68734,106.3958356245,20.504166230699997,1.8261109590530396
13079,68735,106.4000022912,20.504166230699997,2.1058621406555176
13079,68736,106.4041689579,20.504166230699997,1.7821427583694458
13079,68737,106.40833562459999,20.504166230699997,1.5756138563156128
13079,68738,106.41250229129999,20.504166230699997,1.5337499380111694
13079,68739,106.41666895799999,20.504166230699997,1.5058619976043701
13079,68740,106.42083562469999,20.504166230699997,1.5635089874267578
13079,68741,106.42500229139999,20.504166230699997,1.6305454969406128
13079,68742,106.42916895809999,20.504166230699997,1.5905555486679077
13079,68743,106.4333356248,20.504166230699997,1.3112962245941162
13079,68744,106.4375022915,20.504166230699997,1.238113284111023
13079,68745,106.4416689582,20.504166230699997,0.0
13079,68746,106.4458356249,20.504166230699997,1.1980701684951782
13079,68747,106.45000229159999,20.504166230699997,1.5270909070968628
13079,68748,106.45416895829999,20.504166230699997,2.026226758956909
13079,68749,106.45833562499999,20.504166230699997,2.036792278289795
13079,68750,106.46250229169999,20.504166230699997,1.69527268409729
13079,68751,106.46666895839999,20.504166230699997,1.4849122762680054
13079,68752,106.4708356251,20.504166230699997,1.5411111116409302
13079,68753,106.4750022918,20.504166230699997,1.4524444341659546
13079,68754,106.4791689585,20.504166230699997,1.4321950674057007
13079,68755,106.4833356252,20.504166230699997,1.2089998722076416
13079,68756,106.48750229189999,20.504166230699997,1.125749945640564
13079,68757,106.49166895859999,20.504166230699997,1.3186047077178955
13079,68758,106.49583562529999,20.504166230699997,1.3211627006530762
13079,68759,106.50000229199999,20.504166230699997,1.1735714673995972
13079,68760,106.50416895869999,20.504166230699997,1.2878570556640625
13079,68761,106.5083356254,20.504166230699997,1.6288095712661743
13079,68762,106.5125022921,20.504166230699997,2.0983333587646484
13079,68763,106.5166689588,20.504166230699997,2.175476551055908
13079,68764,106.5208356255,20.504166230699997,2.071190357208252
13079,68765,106.52500229219999,20.504166230699997,2.200714349746704
13079,68766,106.52916895889999,20.504166230699997,2.2820000648498535
13079,68767,106.53333562559999,20.504166230699997,2.128000020980835
13079,68768,106.53750229229999,20.504166230699997,2.0605263710021973
13079,68769,106.54166895899999,20.504166230699997,2.543947219848633
13079,68770,106.5458356257,20.504166230699997,2.681025505065918
13079,68771,106.5500022924,20.504166230699997,2.6815383434295654
13079,68772,106.5541689591,20.504166230699997,2.4826314449310303
13079,68773,106.5583356258,20.504166230699997,2.312105178833008
13079,68774,106.56250229249999,20.504166230699997,2.523158073425293
13079,68775,106.56666895919999,20.504166230699997,2.686923027038574
13079,68776,106.57083562589999,20.504166230699997,2.0274996757507324
13079,68777,106.57500229259999,20.504166230699997,1.6142499446868896
13079,68778,106.57916895929999,20.504166230699997,1.2910000085830688
13079,68779,106.583335626,20.504166230699997,1.1730952262878418
13079,68780,106.5875022927,20.504166230699997,1.0209524631500244
13079,68781,106.5916689594,20.504166230699997,0.9002499580383301
13080,68682,106.17916895609999,20.499999563999996,1.8198362588882446
13080,68683,106.18333562279999,20.499999563999996,2.1358065605163574
13080,68684,106.18750228949999,20.499999563999996,2.490666627883911
13080,68685,106.19166895619999,20.499999563999996,2.4639341831207275
13080,68686,106.19583562289999,20.499999563999996,2.339322090148926
13080,68687,106.2000022896,20.499999563999996,2.391833543777466
13080,68688,106.2041689563,20.499999563999996,2.4927117824554443
13080,68689,106.208335623,20.499999563999996,2.156393527984619
13080,68690,106.2125022897,20.499999563999996,1.84765625
13080,68691,106.21666895639999,20.499999563999996,1.7925806045532227
13080,68692,106.22083562309999,20.499999563999996,1.8959320783615112
13080,68693,106.22500228979999,20.499999563999996,2.0589287281036377
13080,68694,106.22916895649999,20.499999563999996,2.4236207008361816
13080,68695,106.23333562319999,20.499999563999996,2.6684746742248535
13080,68696,106.2375022899,20.499999563999996,2.4929308891296387
13080,68697,106.2416689566,20.499999563999996,2.32122802734375
13080,68698,106.2458356233,20.499999563999996,1.9651665687561035
13080,68699,106.25000229,20.499999563999996,1.664677381515503
13080,68700,106.2541689567,20.499999563999996,1.6850818395614624
13080,68701,106.25833562339999,20.499999563999996,1.7837289571762085
13080,68702,106.26250229009999,20.499999563999996,1.5349178314208984
13080,68703,106.26666895679999,20.499999563999996,1.4044262170791626
13080,68704,106.27083562349999,20.499999563999996,1.3941270112991333
13080,68705,106.27500229019999,20.499999563999996,1.4411864280700684
13080,68706,106.2791689569,20.499999563999996,1.4644827842712402
13080,68707,106.2833356236,20.499999563999996,0.0
13080,68708,106.2875022903,20.499999563999996,0.0
13080,68709,106.291668957,20.499999563999996,1.272372841835022
13080,68710,106.29583562369999,20.499999563999996,1.3478947877883911
13080,68711,106.30000229039999,20.499999563999996,2.6681036949157715
13080,68712,106.30416895709999,20.499999563999996,3.2977044582366943
13080,68713,106.30833562379999,20.499999563999996,1.9981666803359985
13080,68714,106.31250229049999,20.499999563999996,1.5241665840148926
13080,68715,106.3166689572,20.499999563999996,0.0
13080,68716,106.3208356239,20.499999563999996,0.0
13080,68717,106.3250022906,20.499999563999996,1.6136507987976074
13080,68718,106.3291689573,20.499999563999996,1.8711475133895874
13080,68719,106.33333562399999,20.499999563999996,1.933275818824768
13080,68720,106.33750229069999,20.499999563999996,1.8923215866088867
13080,68721,106.34166895739999,20.499999563999996,2.0226786136627197
13080,68722,106.34583562409999,20.499999563999996,2.279824733734131
13080,68723,106.35000229079999,20.499999563999996,2.46142840385437
13080,68724,106.3541689575,20.499999563999996,3.286607265472412
13080,68725,106.3583356242,20.499999563999996,6.460350513458252
13080,68726,106.3625022909,20.499999563999996,6.5323333740234375
13080,68727,106.3666689576,20.499999563999996,3.5167858600616455
13080,68728,106.37083562429999,20.499999563999996,2.4807016849517822
13080,68729,106.37500229099999,20.499999563999996,2.2105355262756348
13080,68730,106.37916895769999,20.499999563999996,2.353684186935425
13080,68731,106.38333562439999,20.499999563999996,2.420344829559326
13080,68732,106.38750229109999,20.499999563999996,2.3210909366607666
13080,68733,106.3916689578,20.499999563999996,2.0630910396575928
13080,68734,106.3958356245,20.499999563999996,2.1339621543884277
13080,68735,106.4000022912,20.499999563999996,2.197894811630249
13080,68736,106.4041689579,20.499999563999996,1.8967273235321045
13080,68737,106.40833562459999,20.499999563999996,1.6181819438934326
13080,68738,106.41250229129999,20.499999563999996,0.0
13080,68739,106.41666895799999,20.499999563999996,1.6295000314712524
13080,68740,106.42083562469999,20.499999563999996,1.5493104457855225
13080,68741,106.42500229139999,20.499999563999996,1.554909110069275
13080,68742,106.42916895809999,20.499999563999996,1.6579627990722656
13080,68743,106.4333356248,20.499999563999996,1.5596227645874023
13080,68744,106.4375022915,20.499999563999996,1.302941083908081
13080,68745,106.4416689582,20.499999563999996,1.1707408428192139
13080,68746,106.4458356249,20.499999563999996,1.3060001134872437
13080,68747,106.45000229159999,20.499999563999996,1.6777358055114746
13080,68748,106.45416895829999,20.499999563999996,2.18603777885437
13080,68749,106.45833562499999,20.499999563999996,2.1416666507720947
13080,68750,106.46250229169999,20.499999563999996,1.6203703880310059
13080,68751,106.46666895839999,20.499999563999996,1.3672223091125488
13080,68752,106.4708356251,20.499999563999996,1.2589091062545776
13080,68753,106.4750022918,20.499999563999996,1.1115217208862305
13080,68754,106.4791689585,20.499999563999996,1.0810256004333496
13080,68755,106.4833356252,20.499999563999996,1.022564172744751
13080,68756,106.48750229189999,20.499999563999996,0.0
13080,68757,106.49166895859999,20.499999563999996,0.0
13080,68758,106.49583562529999,20.499999563999996,1.1088095903396606
13080,68759,106.50000229199999,20.499999563999996,1.2442858219146729
13080,68760,106.50416895869999,20.499999563999996,1.5679069757461548
13080,68761,106.5083356254,20.499999563999996,1.5878570079803467
13080,68762,106.5125022921,20.499999563999996,1.6425580978393555
13080,68763,106.5166689588,20.499999563999996,1.6029547452926636
13080,68764,106.5208356255,20.499999563999996,1.7152272462844849
13080,68765,106.52500229219999,20.499999563999996,1.920465111732483
13080,68766,106.52916895889999,20.499999563999996,2.228250026702881
13080,68767,106.53333562559999,20.499999563999996,2.2385001182556152
13080,68768,106.53750229229999,20.499999563999996,2.3897299766540527
13080,68769,106.54166895899999,20.499999563999996,3.275135040283203
13080,68770,106.5458356257,20.499999563999996,3.1892497539520264
13080,68771,106.5500022924,20.499999563999996,2.673658609390259
13080,68772,106.5541689591,20.499999563999996,2.5797438621520996
13080,68773,106.5583356258,20.499999563999996,2.472564220428467
13080,68774,106.56250229249999,20.499999563999996,2.391538619995117
13080,68775,106.56666895919999,20.499999563999996,2.5542104244232178
13080,68776,106.57083562589999,20.499999563999996,2.0423076152801514
13080,68777,106.57500229259999,20.499999563999996,1.7642103433609009
13080,68778,106.57916895929999,20.499999563999996,1.468974232673645
13080,68779,106.583335626,20.499999563999996,1.2482925653457642
13080,68780,106.5875022927,20.499999563999996,1.0848780870437622
13080,68781,106.5916689594,20.499999563999996,0.9315000772476196
13080,68782,106.5958356261,20.499999563999996,0.8614634275436401
13081,68682,106.17916895609999,20.495832897299998,1.6775860786437988
13081,68683,106.18333562279999,20.495832897299998,1.9860656261444092
13081,68684,106.18750228949999,20.495832897299998,2.4693443775177
13081,68685,106.19166895619999,20.495832897299998,2.7731146812438965
13081,68686,106.19583562289999,20.495832897299998,2.6286885738372803
13081,68687,106.2000022896,20.495832897299998,2.7260653972625732
13081,68688,106.2041689563,20.495832897299998,2.721639394760132
13081,68689,106.208335623,20.495832897299998,2.334355115890503
13081,68690,106.2125022897,20.495832897299998,2.133166551589966
13081,68691,106.21666895639999,20.495832897299998,2.0753448009490967
13081,68692,106.22083562309999,20.495832897299998,2.0271928310394287
13081,68693,106.22500228979999,20.495832897299998,1.937999963760376
13081,68694,106.22916895649999,20.495832897299998,2.0984482765197754
13081,68695,106.23333562319999,20.495832897299998,2.270172357559204
13081,68696,106.2375022899,20.495832897299998,2.318448066711426
13081,68697,106.2416689566,20.495832897299998,2.610689878463745
13081,68698,106.2458356233,20.495832897299998,2.306551694869995
13081,68699,106.25000229,20.495832897299998,1.926140308380127
13081,68700,106.2541689567,20.495832897299998,1.8843859434127808
13081,68701,106.25833562339999,20.495832897299998,1.7988134622573853
13081,68702,106.26250229009999,20.495832897299998,1.5868334770202637
13081,68703,106.26666895679999,20.495832897299998,1.5519355535507202
13081,68704,106.27083562349999,20.495832897299998,1.5547620058059692
13081,68705,106.27500229019999,20.495832897299998,1.5057376623153687
13081,68706,106.2791689569,20.495832897299998,1.4496666193008423
13081,68707,106.2833356236,20.495832897299998,1.3645000457763672
13081,68708,106.2875022903,20.495832897299998,1.4328813552856445
13081,68709,106.291668957,20.495832897299998,1.4646666049957275
13081,68710,106.29583562369999,20.495832897299998,1.588793158531189
13081,68711,106.30000229039999,20.495832897299998,2.1403446197509766
13081,68712,106.30416895709999,20.495832897299998,2.475689649581909
13081,68713,106.30833562379999,20.495832897299998,1.8888334035873413
13081,68714,106.31250229049999,20.495832897299998,1.5106779336929321
13081,68715,106.3166689572,20.495832897299998,0.0
13081,68716,106.3208356239,20.495832897299998,0.0
13081,68717,106.3250022906,20.495832897299998,1.6524240970611572
13081,68718,106.3291689573,20.495832897299998,2.0293445587158203
13081,68719,106.33333562399999,20.495832897299998,2.211379289627075
13081,68720,106.33750229069999,20.495832897299998,2.369137763977051
13081,68721,106.34166895739999,20.495832897299998,2.6265451908111572
13081,68722,106.34583562409999,20.495832897299998,2.9458181858062744
13081,68723,106.35000229079999,20.495832897299998,2.7801849842071533
13081,68724,106.3541689575,20.495832897299998,2.9067270755767822
13081,68725,106.3583356242,20.495832897299998,4.728750705718994
13081,68726,106.3625022909,20.495832897299998,5.668666362762451
13081,68727,106.3666689576,20.495832897299998,3.478793144226074
13081,68728,106.37083562429999,20.495832897299998,2.7687931060791016
13081,68729,106.37500229099999,20.495832897299998,2.231428623199463
13081,68730,106.37916895769999,20.495832897299998,2.205000162124634
13081,68731,106.38333562439999,20.495832897299998,2.2367241382598877
13081,68732,106.38750229109999,20.495832897299998,2.0629823207855225
13081,68733,106.3916689578,20.495832897299998,1.9164284467697144
13081,68734,106.3958356245,20.495832897299998,1.9247171878814697
13081,68735,106.4000022912,20.495832897299998,1.8833929300308228
13081,68736,106.4041689579,20.495832897299998,1.7353570461273193
13081,68737,106.40833562459999,20.495832897299998,1.6464405059814453
13081,68738,106.41250229129999,20.495832897299998,1.549473524093628
13081,68739,106.41666895799999,20.495832897299998,1.4514285326004028
13081,68740,106.42083562469999,20.495832897299998,1.4019643068313599
13081,68741,106.42500229139999,20.495832897299998,1.7457894086837769
13081,68742,106.42916895809999,20.495832897299998,2.2939999103546143
13081,68743,106.4333356248,20.495832897299998,1.9983928203582764
13081,68744,106.4375022915,20.495832897299998,1.3774073123931885
13081,68745,106.4416689582,20.495832897299998,1.2711111307144165
13081,68746,106.4458356249,20.495832897299998,1.4992856979370117
13081,68747,106.45000229159999,20.495832897299998,1.6426414251327515
13081,68748,106.45416895829999,20.495832897299998,1.7311322689056396
13081,68749,106.45833562499999,20.495832897299998,1.5462499856948853
13081,68750,106.46250229169999,20.495832897299998,1.276249885559082
13081,68751,106.46666895839999,20.495832897299998,1.17245614528656
13081,68752,106.4708356251,20.495832897299998,1.247069001197815
13081,68753,106.4750022918,20.495832897299998,1.1714285612106323
13081,68754,106.4791689585,20.495832897299998,1.0765115022659302
13081,68755,106.4833356252,20.495832897299998,0.0
13081,68756,106.48750229189999,20.495832897299998,0.0
13081,68757,106.49166895859999,20.495832897299998,1.0659091472625732
13081,68758,106.49583562529999,20.495832897299998,1.1806977987289429
13081,68759,106.50000229199999,20.495832897299998,1.3393023014068604
13081,68760,106.50416895869999,20.495832897299998,1.5973172187805176
13081,68761,106.5083356254,20.495832897299998,0.0
13081,68762,106.5125022921,20.495832897299998,1.5390697717666626
13081,68763,106.5166689588,20.495832897299998,1.624883770942688
13081,68764,106.5208356255,20.495832897299998,1.8211110830307007
13081,68765,106.52500229219999,20.495832897299998,2.0809755325317383
13081,68766,106.52916895889999,20.495832897299998,2.2143590450286865
13081,68767,106.53333562559999,20.495832897299998,2.497560977935791
13081,68768,106.53750229229999,20.495832897299998,3.2970001697540283
13081,68769,106.54166895899999,20.495832897299998,4.247560977935791
13081,68770,106.5458356257,20.495832897299998,4.140749931335449
13081,68771,106.5500022924,20.495832897299998,2.915365695953369
13081,68772,106.5541689591,20.495832897299998,2.611499786376953
13081,68773,106.5583356258,20.495832897299998,2.6376922130584717
13081,68774,106.56250229249999,20.495832897299998,2.530250072479248
13081,68775,106.56666895919999,20.495832897299998,2.523589611053467
13081,68776,106.57083562589999,20.495832897299998,2.33270263671875
13081,68777,106.57500229259999,20.495832897299998,1.990789532661438
13081,68778,106.57916895929999,20.495832897299998,1.6955000162124634
13081,68779,106.583335626,20.495832897299998,1.3314285278320312
13081,68780,106.5875022927,20.495832897299998,1.1370731592178345
13081,68781,106.5916689594,20.495832897299998,1.0447618961334229
13081,68782,106.5958356261,20.495832897299998,0.0
13082,68683,106.18333562279999,20.491666230599996,1.8403278589248657
13082,68684,106.18750228949999,20.491666230599996,2.1774137020111084
13082,68685,106.19166895619999,20.491666230599996,2.4930002689361572
13082,68686,106.19583562289999,20.491666230599996,2.526721477508545
13082,68687,106.2000022896,20.491666230599996,2.6354098320007324
13082,68688,106.2041689563,20.491666230599996,2.50803279876709
13082,68689,106.208335623,20.491666230599996,2.2801666259765625
13082,68690,106.2125022897,20.491666230599996,2.3113558292388916
13082,68691,106.21666895639999,20.491666230599996,2.3426785469055176
13082,68692,106.22083562309999,20.491666230599996,2.177090883255005
13082,68693,106.22500228979999,20.491666230599996,2.0138182640075684
13082,68694,106.22916895649999,20.491666230599996,1.888245701789856
13082,68695,106.23333562319999,20.491666230599996,1.847931146621704
13082,68696,106.2375022899,20.491666230599996,2.023214101791382
13082,68697,106.2416689566,20.491666230599996,2.3863158226013184
13082,68698,106.2458356233,20.491666230599996,2.4259321689605713
13082,68699,106.25000229,20.491666230599996,2.1879310607910156
13082,68700,106.2541689567,20.491666230599996,2.306896448135376
13082,68701,106.25833562339999,20.491666230599996,2.055666446685791
13082,68702,106.26250229009999,20.491666230599996,1.9148333072662354
13082,68703,106.26666895679999,20.491666230599996,1.8908196687698364
13082,68704,106.27083562349999,20.491666230599996,1.7296968698501587
13082,68705,106.27500229019999,20.491666230599996,1.6290909051895142
13082,68706,106.2791689569,20.491666230599996,1.5203279256820679
13082,68707,106.2833356236,20.491666230599996,0.0
13082,68708,106.2875022903,20.491666230599996,0.0
13082,68709,106.291668957,20.491666230599996,0.0
13082,68710,106.29583562369999,20.491666230599996,1.6428815126419067
13082,68711,106.30000229039999,20.491666230599996,1.9084745645523071
13082,68712,106.30416895709999,20.491666230599996,1.9029309749603271
13082,68713,106.30833562379999,20.491666230599996,1.5389654636383057
13082,68714,106.31250229049999,20.491666230599996,1.4801723957061768
13082,68715,106.3166689572,20.491666230599996,0.0
13082,68716,106.3208356239,20.491666230599996,0.0
13082,68717,106.3250022906,20.491666230599996,1.6898304224014282
13082,68718,106.3291689573,20.491666230599996,2.021017074584961
13082,68719,106.33333562399999,20.491666230599996,2.44950008392334
13082,68720,106.33750229069999,20.491666230599996,3.0238986015319824
13082,68721,106.34166895739999,20.491666230599996,3.0539283752441406
13082,68722,106.34583562409999,20.491666230599996,2.9784209728240967
13082,68723,106.35000229079999,20.491666230599996,2.740727424621582
13082,68724,106.3541689575,20.491666230599996,2.6205451488494873
13082,68725,106.3583356242,20.491666230599996,4.554736614227295
13082,68726,106.3625022909,20.491666230599996,4.9296488761901855
13082,68727,106.3666689576,20.491666230599996,3.60132098197937
13082,68728,106.37083562429999,20.491666230599996,2.755660057067871
13082,68729,106.37500229099999,20.491666230599996,2.4152727127075195
13082,68730,106.37916895769999,20.491666230599996,1.9989091157913208
13082,68731,106.38333562439999,20.491666230599996,2.0303704738616943
13082,68732,106.38750229109999,20.491666230599996,1.9646427631378174
13082,68733,106.3916689578,20.491666230599996,1.9428844451904297
13082,68734,106.3958356245,20.491666230599996,1.7992305755615234
13082,68735,106.4000022912,20.491666230599996,1.669090986251831
13082,68736,106.4041689579,20.491666230599996,1.4871931076049805
13082,68737,106.40833562459999,20.491666230599996,1.36214280128479
13082,68738,106.41250229129999,20.491666230599996,1.2730909585952759
13082,68739,106.41666895799999,20.491666230599996,1.3030357360839844
13082,68740,106.42083562469999,20.491666230599996,1.3430355787277222
13082,68741,106.42500229139999,20.491666230599996,1.4848276376724243
13082,68742,106.42916895809999,20.491666230599996,1.7381666898727417
13082,68743,106.4333356248,20.491666230599996,1.6868964433670044
13082,68744,106.4375022915,20.491666230599996,1.3455358743667603
13082,68745,106.4416689582,20.491666230599996,1.4649122953414917
13082,68746,106.4458356249,20.491666230599996,1.8605263233184814
13082,68747,106.45000229159999,20.491666230599996,2.109090805053711
13082,68748,106.45416895829999,20.491666230599996,1.9292593002319336
13082,68749,106.45833562499999,20.491666230599996,1.5413209199905396
13082,68750,106.46250229169999,20.491666230599996,1.4610713720321655
13082,68751,106.46666895839999,20.491666230599996,1.4856140613555908
13082,68752,106.4708356251,20.491666230599996,1.518909215927124
13082,68753,106.4750022918,20.491666230599996,1.3565306663513184
13082,68754,106.4791689585,20.491666230599996,1.1926666498184204
13082,68755,106.4833356252,20.491666230599996,0.0
13082,68756,106.48750229189999,20.491666230599996,0.0
13082,68757,106.49166895859999,20.491666230599996,1.097333312034607
13082,68758,106.49583562529999,20.491666230599996,1.3270454406738281
13082,68759,106.50000229199999,20.491666230599996,1.4800000190734863
13082,68760,106.50416895869999,20.491666230599996,1.6295238733291626
13082,68761,106.5083356254,20.491666230599996,1.65756094455719
13082,68762,106.5125022921,20.491666230599996,1.6061904430389404
13082,68763,106.5166689588,20.491666230599996,1.8983720541000366
13082,68764,106.5208356255,20.491666230599996,2.1918182373046875
13082,68765,106.52500229219999,20.491666230599996,2.4265854358673096
13082,68766,106.52916895889999,20.491666230599996,2.46524977684021
13082,68767,106.53333562559999,20.491666230599996,2.952439308166504
13082,68768,106.53750229229999,20.491666230599996,3.9021425247192383
13082,68769,106.54166895899999,20.491666230599996,6.144883155822754
13082,68770,106.5458356257,20.491666230599996,5.603684425354004
13082,68771,106.5500022924,20.491666230599996,3.51025652885437
13082,68772,106.5541689591,20.491666230599996,3.354473829269409
13082,68773,106.5583356258,20.491666230599996,3.782973051071167
13082,68774,106.56250229249999,20.491666230599996,4.898249626159668
13082,68775,106.56666895919999,20.491666230599996,4.338250160217285
13082,68776,106.57083562589999,20.491666230599996,3.527750015258789
13082,68777,106.57500229259999,20.491666230599996,2.6690242290496826
13082,68778,106.57916895929999,20.491666230599996,2.095237970352173
13082,68779,106.583335626,20.491666230599996,1.6756819486618042
13082,68780,106.5875022927,20.491666230599996,1.4376192092895508
13082,68781,106.5916689594,20.491666230599996,1.188604712486267
13082,68782,106.5958356261,20.491666230599996,0.0
13083,68683,106.18333562279999,20.487499563899995,1.8793333768844604
13083,68684,106.18750228949999,20.487499563899995,1.9171428680419922
13083,68685,106.19166895619999,20.487499563899995,2.132758617401123
13083,68686,106.19583562289999,20.487499563899995,2.3791069984436035
13083,68687,106.2000022896,20.487499563899995,2.6277966499328613
13083,68688,106.2041689563,20.487499563899995,2.576551675796509
13083,68689,106.208335623,20.487499563899995,2.5858616828918457
13083,68690,106.2125022897,20.487499563899995,2.565516948699951
13083,68691,106.21666895639999,20.487499563899995,2.6875927448272705
13083,68692,106.22083562309999,20.487499563899995,2.594545364379883
13083,68693,106.22500228979999,20.487499563899995,2.415817975997925
13083,68694,106.22916895649999,20.487499563899995,2.296726942062378
13083,68695,106.23333562319999,20.487499563899995,2.1982760429382324
13083,68696,106.2375022899,20.487499563899995,2.051964282989502
13083,68697,106.2416689566,20.487499563899995,2.0189285278320312
13083,68698,106.2458356233,20.487499563899995,1.9875000715255737
13083,68699,106.25000229,20.487499563899995,2.0501697063446045
13083,68700,106.2541689567,20.487499563899995,2.297287940979004
13083,68701,106.25833562339999,20.487499563899995,2.446500062942505
13083,68702,106.26250229009999,20.487499563899995,2.448166847229004
13083,68703,106.26666895679999,20.487499563899995,2.2459676265716553
13083,68704,106.27083562349999,20.487499563899995,1.8535937070846558
13083,68705,106.27500229019999,20.487499563899995,1.6003077030181885
13083,68706,106.2791689569,20.487499563899995,1.5739063024520874
13083,68707,106.2833356236,20.487499563899995,1.5424193143844604
13083,68708,106.2875022903,20.487499563899995,1.5040323734283447
13083,68709,106.291668957,20.487499563899995,1.4301724433898926
13083,68710,106.29583562369999,20.487499563899995,1.5801665782928467
13083,68711,106.30000229039999,20.487499563899995,1.7284482717514038
13083,68712,106.30416895709999,20.487499563899995,1.7432725429534912
13083,68713,106.30833562379999,20.487499563899995,1.5905357599258423
13083,68714,106.31250229049999,20.487499563899995,1.5866667032241821
13083,68715,106.3166689572,20.487499563899995,1.6446551084518433
13083,68716,106.3208356239,20.487499563899995,1.742456078529358
13083,68717,106.3250022906,20.487499563899995,1.8031668663024902
13083,68718,106.3291689573,20.487499563899995,2.1768853664398193
13083,68719,106.33333562399999,20.487499563899995,2.6741936206817627
13083,68720,106.33750229069999,20.487499563899995,3.13016414642334
13083,68721,106.34166895739999,20.487499563899995,3.0347542762756348
13083,68722,106.34583562409999,20.487499563899995,2.999833345413208
13083,68723,106.35000229079999,20.487499563899995,2.844576358795166
13083,68724,106.3541689575,20.487499563899995,2.904426336288452
13083,68725,106.3583356242,20.487499563899995,5.334137916564941
13083,68726,106.3625022909,20.487499563899995,7.565932273864746
13083,68727,106.3666689576,20.487499563899995,5.607856750488281
13083,68728,106.37083562429999,20.487499563899995,3.1881818771362305
13083,68729,106.37500229099999,20.487499563899995,2.5879628658294678
13083,68730,106.37916895769999,20.487499563899995,2.080188751220703
13083,68731,106.38333562439999,20.487499563899995,1.8666664361953735
13083,68732,106.38750229109999,20.487499563899995,1.7373077869415283
13083,68733,106.3916689578,20.487499563899995,1.7351925373077393
13083,68734,106.3958356245,20.487499563899995,1.5592726469039917
13083,68735,106.4000022912,20.487499563899995,1.4331481456756592
13083,68736,106.4041689579,20.487499563899995,1.311403512954712
13083,68737,106.40833562459999,20.487499563899995,1.1529090404510498
13083,68738,106.41250229129999,20.487499563899995,0.0
13083,68739,106.41666895799999,20.487499563899995,0.0
13083,68740,106.42083562469999,20.487499563899995,0.0
13083,68741,106.42500229139999,20.487499563899995,1.2236206531524658
13083,68742,106.42916895809999,20.487499563899995,1.1905171871185303
13083,68743,106.4333356248,20.487499563899995,1.219298243522644
13083,68744,106.4375022915,20.487499563899995,1.2551785707473755
13083,68745,106.4416689582,20.487499563899995,1.5358928442001343
13083,68746,106.4458356249,20.487499563899995,1.8896428346633911
13083,68747,106.45000229159999,20.487499563899995,2.083818197250366
13083,68748,106.45416895829999,20.487499563899995,1.9826782941818237
13083,68749,106.45833562499999,20.487499563899995,1.9059258699417114
13083,68750,106.46250229169999,20.487499563899995,1.9942103624343872
13083,68751,106.46666895839999,20.487499563899995,1.8000001907348633
13083,68752,106.4708356251,20.487499563899995,1.655961513519287
13083,68753,106.4750022918,20.487499563899995,1.5116328001022339
13083,68754,106.4791689585,20.487499563899995,1.3470454216003418
13083,68755,106.4833356252,20.487499563899995,0.0
13083,68756,106.48750229189999,20.487499563899995,0.0
13083,68757,106.49166895859999,20.487499563899995,1.1691111326217651
13083,68758,106.49583562529999,20.487499563899995,1.4519565105438232
13083,68759,106.50000229199999,20.487499563899995,1.7374420166015625
13083,68760,106.50416895869999,20.487499563899995,1.9176191091537476
13083,68761,106.5083356254,20.487499563899995,1.8947619199752808
13083,68762,106.5125022921,20.487499563899995,1.8656096458435059
13083,68763,106.5166689588,20.487499563899995,2.3933331966400146
13083,68764,106.5208356255,20.487499563899995,2.884047269821167
13083,68765,106.52500229219999,20.487499563899995,2.7565114498138428
13083,68766,106.52916895889999,20.487499563899995,2.761951446533203
13083,68767,106.53333562559999,20.487499563899995,2.9075608253479004
13083,68768,106.53750229229999,20.487499563899995,3.204390287399292
13083,68769,106.54166895899999,20.487499563899995,4.199756622314453
13083,68770,106.5458356257,20.487499563899995,3.781463146209717
13083,68771,106.5500022924,20.487499563899995,3.7104995250701904
13083,68772,106.5541689591,20.487499563899995,4.959486961364746
13083,68773,106.5583356258,20.487499563899995,10.746315002441406
13083,68774,106.56250229249999,20.487499563899995,23.683000564575195
13083,68775,106.56666895919999,20.487499563899995,26.711498260498047
13083,68776,106.57083562589999,20.487499563899995,10.780750274658203
13083,68777,106.57500229259999,20.487499563899995,4.523749828338623
13083,68778,106.57916895929999,20.487499563899995,2.7766664028167725
13083,68779,106.583335626,20.487499563899995,1.8707140684127808
13083,68780,106.5875022927,20.487499563899995,1.6539534330368042
13083,68781,106.5916689594,20.487499563899995,1.2702381610870361
13083,68782,106.5958356261,20.487499563899995,1.129756212234497
13084,68684,106.18750228949999,20.483332897199997,2.437894582748413
13084,68685,106.19166895619999,20.483332897199997,2.359827756881714
13084,68686,106.19583562289999,20.483332897199997,2.6050002574920654
13084,68687,106.2000022896,20.483332897199997,2.863818407058716
13084,68688,106.2041689563,20.483332897199997,3.1872222423553467
13084,68689,106.208335623,20.483332897199997,3.514561414718628
13084,68690,106.2125022897,20.483332897199997,3.31807017326355
13084,68691,106.21666895639999,20.483332897199997,3.3592982292175293
13084,68692,106.22083562309999,20.483332897199997,3.224181890487671
13084,68693,106.22500228979999,20.483332897199997,3.1422221660614014
13084,68694,106.22916895649999,20.483332897199997,3.0887036323547363
13084,68695,106.23333562319999,20.483332897199997,2.607142925262451
13084,68696,106.2375022899,20.483332897199997,2.2603635787963867
13084,68697,106.2416689566,20.483332897199997,1.9684745073318481
13084,68698,106.2458356233,20.483332897199997,1.8930506706237793
13084,68699,106.25000229,20.483332897199997,1.887758731842041
13084,68700,106.2541689567,20.483332897199997,2.0248332023620605
13084,68701,106.25833562339999,20.483332897199997,2.532069206237793
13084,68702,106.26250229009999,20.483332897199997,2.868983030319214
13084,68703,106.26666895679999,20.483332897199997,2.8393445014953613
13084,68704,106.27083562349999,20.483332897199997,2.6503076553344727
13084,68705,106.27500229019999,20.483332897199997,2.0101513862609863
13084,68706,106.2791689569,20.483332897199997,1.7182090282440186
13084,68707,106.2833356236,20.483332897199997,1.7331746816635132
13084,68708,106.2875022903,20.483332897199997,1.6844443082809448
13084,68709,106.291668957,20.483332897199997,1.6067214012145996
13084,68710,106.29583562369999,20.483332897199997,1.7975409030914307
13084,68711,106.30000229039999,20.483332897199997,2.0250000953674316
13084,68712,106.30416895709999,20.483332897199997,1.940166711807251
13084,68713,106.30833562379999,20.483332897199997,1.8311865329742432
13084,68714,106.31250229049999,20.483332897199997,1.9824192523956299
13084,68715,106.3166689572,20.483332897199997,2.194666862487793
13084,68716,106.3208356239,20.483332897199997,2.85758638381958
13084,68717,106.3250022906,20.483332897199997,3.4646666049957275
13084,68718,106.3291689573,20.483332897199997,3.223548173904419
13084,68719,106.33333562399999,20.483332897199997,3.178548812866211
13084,68720,106.33750229069999,20.483332897199997,3.0032260417938232
13084,68721,106.34166895739999,20.483332897199997,3.136129140853882
13084,68722,106.34583562409999,20.483332897199997,3.229830503463745
13084,68723,106.35000229079999,20.483332897199997,3.4218335151672363
13084,68724,106.3541689575,20.483332897199997,3.7358334064483643
13084,68725,106.3583356242,20.483332897199997,5.797333717346191
13084,68726,106.3625022909,20.483332897199997,7.9768967628479
13084,68727,106.3666689576,20.483332897199997,6.991724014282227
13084,68728,106.37083562429999,20.483332897199997,3.470350503921509
13084,68729,106.37500229099999,20.483332897199997,2.6631579399108887
13084,68730,106.37916895769999,20.483332897199997,2.3277359008789062
13084,68731,106.38333562439999,20.483332897199997,2.0564815998077393
13084,68732,106.38750229109999,20.483332897199997,1.7601817846298218
13084,68733,106.3916689578,20.483332897199997,1.6727780103683472
13084,68734,106.3958356245,20.483332897199997,1.6590907573699951
13084,68735,106.4000022912,20.483332897199997,1.5873212814331055
13084,68736,106.4041689579,20.483332897199997,1.370892882347107
13084,68737,106.40833562459999,20.483332897199997,1.177924394607544
13084,68738,106.41250229129999,20.483332897199997,0.0
13084,68739,106.41666895799999,20.483332897199997,0.0
13084,68740,106.42083562469999,20.483332897199997,0.0
13084,68741,106.42500229139999,20.483332897199997,0.0
13084,68742,106.42916895809999,20.483332897199997,1.241964340209961
13084,68743,106.4333356248,20.483332897199997,1.199824571609497
13084,68744,106.4375022915,20.483332897199997,1.1483334302902222
13084,68745,106.4416689582,20.483332897199997,1.4246294498443604
13084,68746,106.4458356249,20.483332897199997,1.6058928966522217
13084,68747,106.45000229159999,20.483332897199997,1.489122748374939
13084,68748,106.45416895829999,20.483332897199997,1.5408772230148315
13084,68749,106.45833562499999,20.483332897199997,1.693000078201294
13084,68750,106.46250229169999,20.483332897199997,1.885689616203308
13084,68751,106.46666895839999,20.483332897199997,1.8314998149871826
13084,68752,106.4708356251,20.483332897199997,1.5396490097045898
13084,68753,106.4750022918,20.483332897199997,1.2047998905181885
13084,68754,106.4791689585,20.483332897199997,1.1481817960739136
13084,68755,106.4833356252,20.483332897199997,0.0
13084,68756,106.48750229189999,20.483332897199997,0.0
13084,68757,106.49166895859999,20.483332897199997,1.203953504562378
13084,68758,106.49583562529999,20.483332897199997,1.4858694076538086
13084,68759,106.50000229199999,20.483332897199997,1.8237777948379517
13084,68760,106.50416895869999,20.483332897199997,2.2027907371520996
13084,68761,106.5083356254,20.483332897199997,2.305814027786255
13084,68762,106.5125022921,20.483332897199997,2.4847726821899414
13084,68763,106.5166689588,20.483332897199997,3.5819051265716553
13084,68764,106.5208356255,20.483332897199997,3.718571186065674
13084,68765,106.52500229219999,20.483332897199997,3.0555810928344727
13084,68766,106.52916895889999,20.483332897199997,2.74833345413208
13084,68767,106.53333562559999,20.483332897199997,2.358048677444458
13084,68768,106.53750229229999,20.483332897199997,2.060499906539917
13084,68769,106.54166895899999,20.483332897199997,2.094102621078491
13084,68770,106.5458356257,20.483332897199997,2.6649997234344482
13084,68771,106.5500022924,20.483332897199997,3.5567498207092285
13084,68772,106.5541689591,20.483332897199997,9.68871784210205
13084,68773,106.5583356258,20.483332897199997,20.316749572753906
13084,68774,106.56250229249999,20.483332897199997,63.36707305908203
13084,68775,106.56666895919999,20.483332897199997,58.40511703491211
13084,68776,106.57083562589999,20.483332897199997,22.144147872924805
13084,68777,106.57500229259999,20.483332897199997,5.725000381469727
13084,68778,106.57916895929999,20.483332897199997,3.7535712718963623
13084,68779,106.583335626,20.483332897199997,2.573902130126953
13084,68780,106.5875022927,20.483332897199997,2.154418706893921
13084,68781,106.5916689594,20.483332897199997,1.5974419116973877
13084,68782,106.5958356261,20.483332897199997,1.3919512033462524
13084,68783,106.60000229279999,20.483332897199997,1.3353846073150635
13085,68690,106.2125022897,20.479166230499995,5.563636302947998
13085,68691,106.21666895639999,20.479166230499995,4.284545421600342
13085,68692,106.22083562309999,20.479166230499995,4.2492594718933105
13085,68693,106.22500228979999,20.479166230499995,4.045660495758057
13085,68694,106.22916895649999,20.479166230499995,3.857454299926758
13085,68695,106.23333562319999,20.479166230499995,3.6071929931640625
13085,68696,106.2375022899,20.479166230499995,2.766909122467041
13085,68697,106.2416689566,20.479166230499995,2.296428680419922
13085,68698,106.2458356233,20.479166230499995,2.021228075027466
13085,68699,106.25000229,20.479166230499995,2.0050878524780273
13085,68700,106.2541689567,20.479166230499995,2.056166887283325
13085,68701,106.25833562339999,20.479166230499995,2.2253332138061523
13085,68702,106.26250229009999,20.479166230499995,2.4573333263397217
13085,68703,106.26666895679999,20.479166230499995,2.9727418422698975
13085,68704,106.27083562349999,20.479166230499995,3.1453030109405518
13085,68705,106.27500229019999,20.479166230499995,2.890734910964966
13085,68706,106.2791689569,20.479166230499995,2.6279995441436768
13085,68707,106.2833356236,20.479166230499995,2.327812433242798
13085,68708,106.2875022903,20.479166230499995,1.9723809957504272
13085,68709,106.291668957,20.479166230499995,2.0822224617004395
13085,68710,106.29583562369999,20.479166230499995,2.2498362064361572
13085,68711,106.30000229039999,20.479166230499995,2.4624195098876953
13085,68712,106.30416895709999,20.479166230499995,2.384754180908203
13085,68713,106.30833562379999,20.479166230499995,2.499500036239624
13085,68714,106.31250229049999,20.479166230499995,2.7495081424713135
13085,68715,106.3166689572,20.479166230499995,3.546034336090088
13085,68716,106.3208356239,20.479166230499995,5.976271152496338
13085,68717,106.3250022906,20.479166230499995,7.593277931213379
13085,68718,106.3291689573,20.479166230499995,7.943934440612793
13085,68719,106.33333562399999,20.479166230499995,6.4766669273376465
13085,68720,106.33750229069999,20.479166230499995,4.55790376663208
13085,68721,106.34166895739999,20.479166230499995,3.9704837799072266
13085,68722,106.34583562409999,20.479166230499995,3.819999933242798
13085,68723,106.35000229079999,20.479166230499995,3.9149999618530273
13085,68724,106.3541689575,20.479166230499995,4.883559226989746
13085,68725,106.3583356242,20.479166230499995,6.712459087371826
13085,68726,106.3625022909,20.479166230499995,6.966491222381592
13085,68727,106.3666689576,20.479166230499995,5.769137859344482
13085,68728,106.37083562429999,20.479166230499995,3.2993218898773193
13085,68729,106.37500229099999,20.479166230499995,2.84491229057312
13085,68730,106.37916895769999,20.479166230499995,2.314821243286133
13085,68731,106.38333562439999,20.479166230499995,1.9891071319580078
13085,68732,106.38750229109999,20.479166230499995,1.7577193975448608
13085,68733,106.3916689578,20.479166230499995,0.0
13085,68734,106.3958356245,20.479166230499995,1.8575001955032349
13085,68735,106.4000022912,20.479166230499995,1.7228814363479614
13085,68736,106.4041689579,20.479166230499995,1.4996609687805176
13085,68737,106.40833562459999,20.479166230499995,1.2520689964294434
13085,68738,106.41250229129999,20.479166230499995,1.261578917503357
13085,68739,106.41666895799999,20.479166230499995,1.3398276567459106
13085,68740,106.42083562469999,20.479166230499995,0.0
13085,68741,106.42500229139999,20.479166230499995,1.2830909490585327
13085,68742,106.42916895809999,20.479166230499995,1.386727213859558
13085,68743,106.4333356248,20.479166230499995,1.4287035465240479
13085,68744,106.4375022915,20.479166230499995,1.261481523513794
13085,68745,106.4416689582,20.479166230499995,1.202222228050232
13085,68746,106.4458356249,20.479166230499995,1.3678181171417236
13085,68747,106.45000229159999,20.479166230499995,1.3563637733459473
13085,68748,106.45416895829999,20.479166230499995,1.5912728309631348
13085,68749,106.45833562499999,20.479166230499995,1.7146552801132202
13085,68750,106.46250229169999,20.479166230499995,1.5651668310165405
13085,68751,106.46666895839999,20.479166230499995,1.365254282951355
13085,68752,106.4708356251,20.479166230499995,1.2475862503051758
13085,68753,106.4750022918,20.479166230499995,1.0694339275360107
13085,68754,106.4791689585,20.479166230499995,0.0
13085,68755,106.4833356252,20.479166230499995,0.0
13085,68756,106.48750229189999,20.479166230499995,0.0
13085,68757,106.49166895859999,20.479166230499995,0.0
13085,68758,106.49583562529999,20.479166230499995,1.3079999685287476
13085,68759,106.50000229199999,20.479166230499995,1.660465121269226
13085,68760,106.50416895869999,20.479166230499995,1.9053657054901123
13085,68761,106.5083356254,20.479166230499995,2.0895349979400635
13085,68762,106.5125022921,20.479166230499995,2.6306817531585693
13085,68763,106.5166689588,20.479166230499995,4.240714073181152
13085,68764,106.5208356255,20.479166230499995,3.952439069747925
13085,68765,106.52500229219999,20.479166230499995,2.685476303100586
13085,68766,106.52916895889999,20.479166230499995,2.2459089756011963
13085,68767,106.53333562559999,20.479166230499995,1.8382925987243652
13085,68768,106.53750229229999,20.479166230499995,1.801707148551941
13085,68769,106.54166895899999,20.479166230499995,1.938780426979065
13085,68770,106.5458356257,20.479166230499995,2.8040478229522705
13085,68771,106.5500022924,20.479166230499995,3.612618923187256
13085,68772,106.5541689591,20.479166230499995,7.932618618011475
13085,68773,106.5583356258,20.479166230499995,25.068138122558594
13085,68774,106.56250229249999,20.479166230499995,56.15810012817383
13085,68775,106.56666895919999,20.479166230499995,47.3697509765625
13085,68776,106.57083562589999,20.479166230499995,25.6247615814209
13085,68777,106.57500229259999,20.479166230499995,9.093414306640625
13085,68778,106.57916895929999,20.479166230499995,6.101363658905029
13085,68779,106.583335626,20.479166230499995,3.3268182277679443
13085,68780,106.5875022927,20.479166230499995,2.67409086227417
13085,68781,106.5916689594,20.479166230499995,2.043863534927368
13085,68782,106.5958356261,20.479166230499995,1.6720513105392456
13085,68783,106.60000229279999,20.479166230499995,1.412750005722046
13086,68692,106.22083562309999,20.474999563799997,9.429818153381348
13086,68693,106.22500228979999,20.474999563799997,5.509817600250244
13086,68694,106.22916895649999,20.474999563799997,4.99333381652832
13086,68695,106.23333562319999,20.474999563799997,4.2747368812561035
13086,68696,106.2375022899,20.474999563799997,3.269122838973999
13086,68697,106.2416689566,20.474999563799997,2.6617543697357178
13086,68698,106.2458356233,20.474999563799997,2.3152544498443604
13086,68699,106.25000229,20.474999563799997,2.337272882461548
13086,68700,106.2541689567,20.474999563799997,2.3421425819396973
13086,68701,106.25833562339999,20.474999563799997,2.1682143211364746
13086,68702,106.26250229009999,20.474999563799997,2.2156896591186523
13086,68703,106.26666895679999,20.474999563799997,2.4590163230895996
13086,68704,106.27083562349999,20.474999563799997,2.6287691593170166
13086,68705,106.27500229019999,20.474999563799997,3.0247058868408203
13086,68706,106.2791689569,20.474999563799997,3.326716423034668
13086,68707,106.2833356236,20.474999563799997,2.9501538276672363
13086,68708,106.2875022903,20.474999563799997,2.4870493412017822
13086,68709,106.291668957,20.474999563799997,2.5840322971343994
13086,68710,106.29583562369999,20.474999563799997,2.632742166519165
13086,68711,106.30000229039999,20.474999563799997,2.657705068588257
13086,68712,106.30416895709999,20.474999563799997,2.999500274658203
13086,68713,106.30833562379999,20.474999563799997,3.315166711807251
13086,68714,106.31250229049999,20.474999563799997,4.060333251953125
13086,68715,106.3166689572,20.474999563799997,5.224915504455566
13086,68716,106.3208356239,20.474999563799997,7.494332790374756
13086,68717,106.3250022906,20.474999563799997,8.5390625
13086,68718,106.3291689573,20.474999563799997,7.680781364440918
13086,68719,106.33333562399999,20.474999563799997,6.597666263580322
13086,68720,106.33750229069999,20.474999563799997,5.67838716506958
13086,68721,106.34166895739999,20.474999563799997,4.793386459350586
13086,68722,106.34583562409999,20.474999563799997,4.527419090270996
13086,68723,106.35000229079999,20.474999563799997,4.537627220153809
13086,68724,106.3541689575,20.474999563799997,6.151500225067139
13086,68725,106.3583356242,20.474999563799997,8.235166549682617
13086,68726,106.3625022909,20.474999563799997,8.679482460021973
13086,68727,106.3666689576,20.474999563799997,5.97306489944458
13086,68728,106.37083562429999,20.474999563799997,3.414915084838867
13086,68729,106.37500229099999,20.474999563799997,2.905789613723755
13086,68730,106.37916895769999,20.474999563799997,2.3967857360839844
13086,68731,106.38333562439999,20.474999563799997,2.0694644451141357
13086,68732,106.38750229109999,20.474999563799997,1.820535659790039
13086,68733,106.3916689578,20.474999563799997,1.6842855215072632
13086,68734,106.3958356245,20.474999563799997,1.6322414875030518
13086,68735,106.4000022912,20.474999563799997,1.5820341110229492
13086,68736,106.4041689579,20.474999563799997,1.3668965101242065
13086,68737,106.40833562459999,20.474999563799997,1.2869641780853271
13086,68738,106.41250229129999,20.474999563799997,1.4069643020629883
13086,68739,106.41666895799999,20.474999563799997,1.4061403274536133
13086,68740,106.42083562469999,20.474999563799997,1.273220419883728
13086,68741,106.42500229139999,20.474999563799997,1.2633333206176758
13086,68742,106.42916895809999,20.474999563799997,1.6067856550216675
13086,68743,106.4333356248,20.474999563799997,1.7950907945632935
13086,68744,106.4375022915,20.474999563799997,1.3785964250564575
13086,68745,106.4416689582,20.474999563799997,1.2710169553756714
13086,68746,106.4458356249,20.474999563799997,1.4413559436798096
13086,68747,106.45000229159999,20.474999563799997,1.546842098236084
13086,68748,106.45416895829999,20.474999563799997,1.8635088205337524
13086,68749,106.45833562499999,20.474999563799997,2.1182453632354736
13086,68750,106.46250229169999,20.474999563799997,1.5888135433197021
13086,68751,106.46666895839999,20.474999563799997,1.334385871887207
13086,68752,106.4708356251,20.474999563799997,1.1628069877624512
13086,68753,106.4750022918,20.474999563799997,0.0
13086,68754,106.4791689585,20.474999563799997,0.0
13086,68755,106.4833356252,20.474999563799997,0.0
13086,68756,106.48750229189999,20.474999563799997,0.0
13086,68757,106.49166895859999,20.474999563799997,0.0
13086,68758,106.49583562529999,20.474999563799997,1.203953504562378
13086,68759,106.50000229199999,20.474999563799997,1.4453657865524292
13086,68760,106.50416895869999,20.474999563799997,1.5329999923706055
13086,68761,106.5083356254,20.474999563799997,1.6953659057617188
13086,68762,106.5125022921,20.474999563799997,1.8909523487091064
13086,68763,106.5166689588,20.474999563799997,2.844250202178955
13086,68764,106.5208356255,20.474999563799997,2.5884616374969482
13086,68765,106.52500229219999,20.474999563799997,1.7902381420135498
13086,68766,106.52916895889999,20.474999563799997,1.6816667318344116
13086,68767,106.53333562559999,20.474999563799997,1.6379998922348022
13086,68768,106.53750229229999,20.474999563799997,1.7057501077651978
13086,68769,106.54166895899999,20.474999563799997,1.8659999370574951
13086,68770,106.5458356257,20.474999563799997,2.7990474700927734
13086,68771,106.5500022924,20.474999563799997,4.019285678863525
13086,68772,106.5541689591,20.474999563799997,5.233170509338379
13086,68773,106.5583356258,20.474999563799997,11.539999008178711
13086,68774,106.56250229249999,20.474999563799997,22.3848819732666
13086,68775,106.56666895919999,20.474999563799997,16.39350128173828
13086,68776,106.57083562589999,20.474999563799997,15.296977043151855
13086,68777,106.57500229259999,20.474999563799997,7.593901634216309
13086,68778,106.57916895929999,20.474999563799997,5.324090957641602
13086,68779,106.583335626,20.474999563799997,3.0826666355133057
13086,68780,106.5875022927,20.474999563799997,2.4295454025268555
13086,68781,106.5916689594,20.474999563799997,2.153095245361328
13086,68782,106.5958356261,20.474999563799997,1.7456097602844238
13087,68693,106.22500228979999,20.470832897099996,9.600909233093262
13087,68694,106.22916895649999,20.470832897099996,6.903888702392578
13087,68695,106.23333562319999,20.470832897099996,5.524107456207275
13087,68696,106.2375022899,20.470832897099996,4.400862216949463
13087,68697,106.2416689566,20.470832897099996,3.3791069984436035
13087,68698,106.2458356233,20.470832897099996,2.9127585887908936
13087,68699,106.25000229,20.470832897099996,2.7919297218322754
13087,68700,106.2541689567,20.470832897099996,2.5526316165924072
13087,68701,106.25833562339999,20.470832897099996,2.145817995071411
13087,68702,106.26250229009999,20.470832897099996,2.0198333263397217
13087,68703,106.26666895679999,20.470832897099996,2.0245161056518555
13087,68704,106.27083562349999,20.470832897099996,2.066129207611084
13087,68705,106.27500229019999,20.470832897099996,2.2066667079925537
13087,68706,106.2791689569,20.470832897099996,2.6204612255096436
13087,68707,106.2833356236,20.470832897099996,2.691270112991333
13087,68708,106.2875022903,20.470832897099996,2.3844261169433594
13087,68709,106.291668957,20.470832897099996,2.262698173522949
13087,68710,106.29583562369999,20.470832897099996,2.37786865234375
13087,68711,106.30000229039999,20.470832897099996,2.4791669845581055
13087,68712,106.30416895709999,20.470832897099996,2.782459020614624
13087,68713,106.30833562379999,20.470832897099996,3.1986207962036133
13087,68714,106.31250229049999,20.470832897099996,4.482881546020508
13087,68715,106.3166689572,20.470832897099996,5.74770450592041
13087,68716,106.3208356239,20.470832897099996,7.514589309692383
13087,68717,106.3250022906,20.470832897099996,6.502272605895996
13087,68718,106.3291689573,20.470832897099996,5.234394073486328
13087,68719,106.33333562399999,20.470832897099996,5.9170966148376465
13087,68720,106.33750229069999,20.470832897099996,5.794999599456787
13087,68721,106.34166895739999,20.470832897099996,4.9074602127075195
13087,68722,106.34583562409999,20.470832897099996,4.784753799438477
13087,68723,106.35000229079999,20.470832897099996,5.18683385848999
13087,68724,106.3541689575,20.470832897099996,7.686610221862793
13087,68725,106.3583356242,20.470832897099996,9.858500480651855
13087,68726,106.3625022909,20.470832897099996,9.94081974029541
13087,68727,106.3666689576,20.470832897099996,7.976393699645996
13087,68728,106.37083562429999,20.470832897099996,5.433897972106934
13087,68729,106.37500229099999,20.470832897099996,3.986896276473999
13087,68730,106.37916895769999,20.470832897099996,3.2463159561157227
13087,68731,106.38333562439999,20.470832897099996,2.3161401748657227
13087,68732,106.38750229109999,20.470832897099996,1.9677191972732544
13087,68733,106.3916689578,20.470832897099996,1.8072415590286255
13087,68734,106.3958356245,20.470832897099996,1.7116949558258057
13087,68735,106.4000022912,20.470832897099996,1.616101622581482
13087,68736,106.4041689579,20.470832897099996,1.4827584028244019
13087,68737,106.40833562459999,20.470832897099996,1.563684105873108
13087,68738,106.41250229129999,20.470832897099996,2.0777587890625
13087,68739,106.41666895799999,20.470832897099996,1.9956141710281372
13087,68740,106.42083562469999,20.470832897099996,1.4866664409637451
13087,68741,106.42500229139999,20.470832897099996,1.4194737672805786
13087,68742,106.42916895809999,20.470832897099996,1.9171428680419922
13087,68743,106.4333356248,20.470832897099996,2.368727207183838
13087,68744,106.4375022915,20.470832897099996,1.873684287071228
13087,68745,106.4416689582,20.470832897099996,1.7044827938079834
13087,68746,106.4458356249,20.470832897099996,1.5899999141693115
13087,68747,106.45000229159999,20.470832897099996,1.4767858982086182
13087,68748,106.45416895829999,20.470832897099996,1.5931578874588013
13087,68749,106.45833562499999,20.470832897099996,1.80543851852417
13087,68750,106.46250229169999,20.470832897099996,1.5487500429153442
13087,68751,106.46666895839999,20.470832897099996,1.3056141138076782
13087,68752,106.4708356251,20.470832897099996,1.1246428489685059
13087,68753,106.4750022918,20.470832897099996,1.1397958993911743
13087,68754,106.4791689585,20.470832897099996,1.268048882484436
13087,68755,106.4833356252,20.470832897099996,1.257209300994873
13087,68756,106.48750229189999,20.470832897099996,1.2893023490905762
13087,68757,106.49166895859999,20.470832897099996,1.3309522867202759
13087,68758,106.49583562529999,20.470832897099996,1.3616666793823242
13087,68759,106.50000229199999,20.470832897099996,1.8538095951080322
13087,68760,106.50416895869999,20.470832897099996,1.7695454359054565
13087,68761,106.5083356254,20.470832897099996,1.378095030784607
13087,68762,106.5125022921,20.470832897099996,1.4106978178024292
13087,68763,106.5166689588,20.470832897099996,1.724761724472046
13087,68764,106.5208356255,20.470832897099996,1.6802382469177246
13087,68765,106.52500229219999,20.470832897099996,1.4300000667572021
13087,68766,106.52916895889999,20.470832897099996,1.7099997997283936
13087,68767,106.53333562559999,20.470832897099996,2.555609703063965
13087,68768,106.53750229229999,20.470832897099996,1.9760000705718994
13087,68769,106.54166895899999,20.470832897099996,1.9253488779067993
13087,68770,106.5458356257,20.470832897099996,3.369534969329834
13087,68771,106.5500022924,20.470832897099996,5.110000133514404
13087,68772,106.5541689591,20.470832897099996,4.798863410949707
13087,68773,106.5583356258,20.470832897099996,4.333863735198975
13087,68774,106.56250229249999,20.470832897099996,6.528536796569824
13087,68775,106.56666895919999,20.470832897099996,5.400000095367432
13087,68776,106.57083562589999,20.470832897099996,5.202381134033203
13087,68777,106.57500229259999,20.470832897099996,3.5514638423919678
13087,68778,106.57916895929999,20.470832897099996,3.0361902713775635
13087,68779,106.583335626,20.470832897099996,2.442682981491089
13087,68780,106.5875022927,20.470832897099996,1.9030232429504395
13087,68781,106.5916689594,20.470832897099996,1.7366665601730347
13087,68782,106.5958356261,20.470832897099996,1.4864286184310913
13088,68693,106.22500228979999,20.466666230399998,32.23908996582031
13088,68694,106.22916895649999,20.466666230399998,9.360546112060547
13088,68695,106.23333562319999,20.466666230399998,6.369107246398926
13088,68696,106.2375022899,20.466666230399998,4.794464111328125
13088,68697,106.2416689566,20.466666230399998,3.8262500762939453
13088,68698,106.2458356233,20.466666230399998,3.4370691776275635
13088,68699,106.25000229,20.466666230399998,3.1087498664855957
13088,68700,106.2541689567,20.466666230399998,2.6798183917999268
13088,68701,106.25833562339999,20.466666230399998,2.334310293197632
13088,68702,106.26250229009999,20.466666230399998,2.247936725616455
13088,68703,106.26666895679999,20.466666230399998,2.1633870601654053
13088,68704,106.27083562349999,20.466666230399998,2.10737681388855
13088,68705,106.27500229019999,20.466666230399998,2.164032459259033
13088,68706,106.2791689569,20.466666230399998,1.9996922016143799
13088,68707,106.2833356236,20.466666230399998,2.509672164916992
13088,68708,106.2875022903,20.466666230399998,3.5904998779296875
13088,68709,106.291668957,20.466666230399998,2.9186887741088867
13088,68710,106.29583562369999,20.466666230399998,2.435245990753174
13088,68711,106.30000229039999,20.466666230399998,2.633833408355713
13088,68712,106.30416895709999,20.466666230399998,2.588548421859741
13088,68713,106.30833562379999,20.466666230399998,2.713709592819214
13088,68714,106.31250229049999,20.466666230399998,3.623333215713501
13088,68715,106.3166689572,20.466666230399998,4.883333206176758
13088,68716,106.3208356239,20.466666230399998,6.201803207397461
13088,68717,106.3250022906,20.466666230399998,6.78317403793335
13088,68718,106.3291689573,20.466666230399998,7.17949914932251
13088,68719,106.33333562399999,20.466666230399998,7.666166305541992
13088,68720,106.33750229069999,20.466666230399998,7.180666923522949
13088,68721,106.34166895739999,20.466666230399998,5.889138221740723
13088,68722,106.34583562409999,20.466666230399998,5.693499565124512
13088,68723,106.35000229079999,20.466666230399998,6.485082626342773
13088,68724,106.3541689575,20.466666230399998,8.833769798278809
13088,68725,106.3583356242,20.466666230399998,9.937376976013184
13088,68726,106.3625022909,20.466666230399998,9.241127967834473
13088,68727,106.3666689576,20.466666230399998,6.437301158905029
13088,68728,106.37083562429999,20.466666230399998,5.480689525604248
13088,68729,106.37500229099999,20.466666230399998,4.679122447967529
13088,68730,106.37916895769999,20.466666230399998,3.7727272510528564
13088,68731,106.38333562439999,20.466666230399998,2.656607151031494
13088,68732,106.38750229109999,20.466666230399998,2.246000051498413
13088,68733,106.3916689578,20.466666230399998,2.2613794803619385
13088,68734,106.3958356245,20.466666230399998,2.4258623123168945
13088,68735,106.4000022912,20.466666230399998,2.407931089401245
13088,68736,106.4041689579,20.466666230399998,2.0656898021698
13088,68737,106.40833562459999,20.466666230399998,2.07438588142395
13088,68738,106.41250229129999,20.466666230399998,2.7908620834350586
13088,68739,106.41666895799999,20.466666230399998,2.6105260848999023
13088,68740,106.42083562469999,20.466666230399998,1.7963157892227173
13088,68741,106.42500229139999,20.466666230399998,1.5961403846740723
13088,68742,106.42916895809999,20.466666230399998,2.0831031799316406
13088,68743,106.4333356248,20.466666230399998,2.101964235305786
13088,68744,106.4375022915,20.466666230399998,1.8657894134521484
13088,68745,106.4416689582,20.466666230399998,1.8589473962783813
13088,68746,106.4458356249,20.466666230399998,1.6071932315826416
13088,68747,106.45000229159999,20.466666230399998,1.4249999523162842
13088,68748,106.45416895829999,20.466666230399998,1.4337286949157715
13088,68749,106.45833562499999,20.466666230399998,1.358245611190796
13088,68750,106.46250229169999,20.466666230399998,1.475357174873352
13088,68751,106.46666895839999,20.466666230399998,1.2880702018737793
13088,68752,106.4708356251,20.466666230399998,1.1296491622924805
13088,68753,106.4750022918,20.466666230399998,1.2797917127609253
13088,68754,106.4791689585,20.466666230399998,0.0
13088,68755,106.4833356252,20.466666230399998,0.0
13088,68756,106.48750229189999,20.466666230399998,1.3611905574798584
13088,68757,106.49166895859999,20.466666230399998,1.8253487348556519
13088,68758,106.49583562529999,20.466666230399998,1.8588634729385376
13088,68759,106.50000229199999,20.466666230399998,2.130000114440918
13088,68760,106.50416895869999,20.466666230399998,1.865227460861206
13088,68761,106.5083356254,20.466666230399998,1.3014634847640991
13088,68762,106.5125022921,20.466666230399998,1.234285593032837
13088,68763,106.5166689588,20.466666230399998,1.3945238590240479
13088,68764,106.5208356255,20.466666230399998,1.6061906814575195
13088,68765,106.52500229219999,20.466666230399998,1.6597434282302856
13088,68766,106.52916895889999,20.466666230399998,2.149024486541748
13088,68767,106.53333562559999,20.466666230399998,3.2430953979492188
13088,68768,106.53750229229999,20.466666230399998,3.2543587684631348
13088,68769,106.54166895899999,20.466666230399998,2.7083723545074463
13088,68770,106.5458356257,20.466666230399998,3.1597673892974854
13088,68771,106.5500022924,20.466666230399998,4.076976776123047
13088,68772,106.5541689591,20.466666230399998,4.05222225189209
13088,68773,106.5583356258,20.466666230399998,2.9674997329711914
13088,68774,106.56250229249999,20.466666230399998,2.992619037628174
13088,68775,106.56666895919999,20.466666230399998,3.222381114959717
13088,68776,106.57083562589999,20.466666230399998,2.9483723640441895
13088,68777,106.57500229259999,20.466666230399998,2.769024610519409
13088,68778,106.57916895929999,20.466666230399998,2.977436065673828
13088,68779,106.583335626,20.466666230399998,2.3579487800598145
13088,68780,106.5875022927,20.466666230399998,1.6946340799331665
13088,68781,106.5916689594,20.466666230399998,1.5469048023223877
13088,68782,106.5958356261,20.466666230399998,1.2568293809890747
13088,68783,106.60000229279999,20.466666230399998,1.1353846788406372
13089,68694,106.22916895649999,20.462499563699996,11.864034652709961
13089,68695,106.23333562319999,20.462499563699996,6.748304843902588
13089,68696,106.2375022899,20.462499563699996,5.383965492248535
13089,68697,106.2416689566,20.462499563699996,4.414545059204102
13089,68698,106.2458356233,20.462499563699996,4.05084753036499
13089,68699,106.25000229,20.462499563699996,3.7475860118865967
13089,68700,106.2541689567,20.462499563699996,3.447458028793335
13089,68701,106.25833562339999,20.462499563699996,2.6255555152893066
13089,68702,106.26250229009999,20.462499563699996,2.3637096881866455
13089,68703,106.26666895679999,20.462499563699996,2.2931666374206543
13089,68704,106.27083562349999,20.462499563699996,2.2467212677001953
13089,68705,106.27500229019999,20.462499563699996,2.179999828338623
13089,68706,106.2791689569,20.462499563699996,2.1182541847229004
13089,68707,106.2833356236,20.462499563699996,3.0909523963928223
13089,68708,106.2875022903,20.462499563699996,4.4586663246154785
13089,68709,106.291668957,20.462499563699996,3.69950795173645
13089,68710,106.29583562369999,20.462499563699996,2.699671983718872
13089,68711,106.30000229039999,20.462499563699996,2.795762777328491
13089,68712,106.30416895709999,20.462499563699996,2.7593443393707275
13089,68713,106.30833562379999,20.462499563699996,3.3140981197357178
13089,68714,106.31250229049999,20.462499563699996,4.2106451988220215
13089,68715,106.3166689572,20.462499563699996,4.583548069000244
13089,68716,106.3208356239,20.462499563699996,5.759032249450684
13089,68717,106.3250022906,20.462499563699996,8.17557430267334
13089,68718,106.3291689573,20.462499563699996,9.688794136047363
13089,68719,106.33333562399999,20.462499563699996,10.87508487701416
13089,68720,106.33750229069999,20.462499563699996,11.398103713989258
13089,68721,106.34166895739999,20.462499563699996,10.81517219543457
13089,68722,106.34583562409999,20.462499563699996,10.063666343688965
13089,68723,106.35000229079999,20.462499563699996,11.201611518859863
13089,68724,106.3541689575,20.462499563699996,13.23210620880127
13089,68725,106.3583356242,20.462499563699996,10.571016311645508
13089,68726,106.3625022909,20.462499563699996,7.372656345367432
13089,68727,106.3666689576,20.462499563699996,5.172770023345947
13089,68728,106.37083562429999,20.462499563699996,5.04311466217041
13089,68729,106.37500229099999,20.462499563699996,5.3429999351501465
13089,68730,106.37916895769999,20.462499563699996,4.123793125152588
13089,68731,106.38333562439999,20.462499563699996,2.726949453353882
13089,68732,106.38750229109999,20.462499563699996,2.3481035232543945
13089,68733,106.3916689578,20.462499563699996,2.438103199005127
13089,68734,106.3958356245,20.462499563699996,2.8433897495269775
13089,68735,106.4000022912,20.462499563699996,2.888620615005493
13089,68736,106.4041689579,20.462499563699996,2.4950876235961914
13089,68737,106.40833562459999,20.462499563699996,2.1617543697357178
13089,68738,106.41250229129999,20.462499563699996,2.4253571033477783
13089,68739,106.41666895799999,20.462499563699996,2.2792725563049316
13089,68740,106.42083562469999,20.462499563699996,1.9522806406021118
13089,68741,106.42500229139999,20.462499563699996,1.957241177558899
13089,68742,106.42916895809999,20.462499563699996,2.169830560684204
13089,68743,106.4333356248,20.462499563699996,2.017636299133301
13089,68744,106.4375022915,20.462499563699996,1.6975438594818115
13089,68745,106.4416689582,20.462499563699996,1.5188136100769043
13089,68746,106.4458356249,20.462499563699996,1.4482758045196533
13089,68747,106.45000229159999,20.462499563699996,1.3247367143630981
13089,68748,106.45416895829999,20.462499563699996,1.2347368001937866
13089,68749,106.45833562499999,20.462499563699996,1.3642855882644653
13089,68750,106.46250229169999,20.462499563699996,1.6969643831253052
13089,68751,106.46666895839999,20.462499563699996,1.685438632965088
13089,68752,106.4708356251,20.462499563699996,1.256666660308838
13089,68753,106.4750022918,20.462499563699996,1.3245834112167358
13089,68754,106.4791689585,20.462499563699996,1.4597618579864502
13089,68755,106.4833356252,20.462499563699996,1.2158139944076538
13089,68756,106.48750229189999,20.462499563699996,1.3016279935836792
13089,68757,106.49166895859999,20.462499563699996,1.9902379512786865
13089,68758,106.49583562529999,20.462499563699996,1.7860466241836548
13089,68759,106.50000229199999,20.462499563699996,1.5997674465179443
13089,68760,106.50416895869999,20.462499563699996,1.4364444017410278
13089,68761,106.5083356254,20.462499563699996,1.2083721160888672
13089,68762,106.5125022921,20.462499563699996,1.3325581550598145
13089,68763,106.5166689588,20.462499563699996,1.558095097541809
13089,68764,106.5208356255,20.462499563699996,1.7495123147964478
13089,68765,106.52500229219999,20.462499563699996,1.8669999837875366
13089,68766,106.52916895889999,20.462499563699996,2.790731906890869
13089,68767,106.53333562559999,20.462499563699996,4.328499794006348
13089,68768,106.53750229229999,20.462499563699996,4.1628947257995605
13089,68769,106.54166895899999,20.462499563699996,3.349749803543091
13089,68770,106.5458356257,20.462499563699996,2.8457140922546387
13089,68771,106.5500022924,20.462499563699996,2.2116665840148926
13089,68772,106.5541689591,20.462499563699996,2.379534959793091
13089,68773,106.5583356258,20.462499563699996,2.4878571033477783
13089,68774,106.56250229249999,20.462499563699996,2.6495351791381836
13089,68775,106.56666895919999,20.462499563699996,2.987555503845215
13089,68776,106.57083562589999,20.462499563699996,2.7030951976776123
13089,68777,106.57500229259999,20.462499563699996,2.513000011444092
13089,68778,106.57916895929999,20.462499563699996,2.7369232177734375
13089,68779,106.583335626,20.462499563699996,2.483947277069092
13089,68780,106.5875022927,20.462499563699996,1.6902439594268799
13089,68781,106.5916689594,20.462499563699996,1.427380919456482
13089,68782,106.5958356261,20.462499563699996,1.1602439880371094
13089,68783,106.60000229279999,20.462499563699996,1.0690243244171143
13090,68694,106.22916895649999,20.458332897,12.71649169921875
13090,68695,106.23333562319999,20.458332897,7.018420696258545
13090,68696,106.2375022899,20.458332897,5.508813381195068
13090,68697,106.2416689566,20.458332897,4.546102046966553
13090,68698,106.2458356233,20.458332897,4.231579303741455
13090,68699,106.25000229,20.458332897,4.305088043212891
13090,68700,106.2541689567,20.458332897,4.4386887550354
13090,68701,106.25833562339999,20.458332897,4.187301158905029
13090,68702,106.26250229009999,20.458332897,3.151428699493408
13090,68703,106.26666895679999,20.458332897,2.7770001888275146
13090,68704,106.27083562349999,20.458332897,2.4442858695983887
13090,68705,106.27500229019999,20.458332897,2.323906421661377
13090,68706,106.2791689569,20.458332897,2.4306349754333496
13090,68707,106.2833356236,20.458332897,2.6314284801483154
13090,68708,106.2875022903,20.458332897,3.2427868843078613
13090,68709,106.291668957,20.458332897,2.929333448410034
13090,68710,106.29583562369999,20.458332897,2.628833532333374
13090,68711,106.30000229039999,20.458332897,3.320819616317749
13090,68712,106.30416895709999,20.458332897,3.739830493927002
13090,68713,106.30833562379999,20.458332897,4.52881383895874
13090,68714,106.31250229049999,20.458332897,6.0403337478637695
13090,68715,106.3166689572,20.458332897,6.359677791595459
13090,68716,106.3208356239,20.458332897,6.591187000274658
13090,68717,106.3250022906,20.458332897,9.362166404724121
13090,68718,106.3291689573,20.458332897,11.595964431762695
13090,68719,106.33333562399999,20.458332897,13.083052635192871
13090,68720,106.33750229069999,20.458332897,14.998814582824707
13090,68721,106.34166895739999,20.458332897,16.040332794189453
13090,68722,106.34583562409999,20.458332897,14.688644409179688
13090,68723,106.35000229079999,20.458332897,14.992856979370117
13090,68724,106.3541689575,20.458332897,15.531966209411621
13090,68725,106.3583356242,20.458332897,10.79781723022461
13090,68726,106.3625022909,20.458332897,6.171428203582764
13090,68727,106.3666689576,20.458332897,4.565454483032227
13090,68728,106.37083562429999,20.458332897,4.814762592315674
13090,68729,106.37500229099999,20.458332897,5.138305187225342
13090,68730,106.37916895769999,20.458332897,4.054067611694336
13090,68731,106.38333562439999,20.458332897,2.724576234817505
13090,68732,106.38750229109999,20.458332897,2.304915428161621
13090,68733,106.3916689578,20.458332897,2.359152317047119
13090,68734,106.3958356245,20.458332897,2.652881383895874
13090,68735,106.4000022912,20.458332897,2.620344638824463
13090,68736,106.4041689579,20.458332897,2.364107131958008
13090,68737,106.40833562459999,20.458332897,2.081754207611084
13090,68738,106.41250229129999,20.458332897,1.9708772897720337
13090,68739,106.41666895799999,20.458332897,2.0046427249908447
13090,68740,106.42083562469999,20.458332897,2.132321357727051
13090,68741,106.42500229139999,20.458332897,2.453859567642212
13090,68742,106.42916895809999,20.458332897,2.7231578826904297
13090,68743,106.4333356248,20.458332897,2.289074420928955
13090,68744,106.4375022915,20.458332897,1.6143862009048462
13090,68745,106.4416689582,20.458332897,1.3859323263168335
13090,68746,106.4458356249,20.458332897,1.293214201927185
13090,68747,106.45000229159999,20.458332897,1.2564287185668945
13090,68748,106.45416895829999,20.458332897,1.2077585458755493
13090,68749,106.45833562499999,20.458332897,1.5456897020339966
13090,68750,106.46250229169999,20.458332897,2.1224563121795654
13090,68751,106.46666895839999,20.458332897,2.065263271331787
13090,68752,106.4708356251,20.458332897,1.5023213624954224
13090,68753,106.4750022918,20.458332897,1.2537500858306885
13090,68754,106.4791689585,20.458332897,1.3156098127365112
13090,68755,106.4833356252,20.458332897,1.1652380228042603
13090,68756,106.48750229189999,20.458332897,1.1359089612960815
13090,68757,106.49166895859999,20.458332897,1.4414632320404053
13090,68758,106.49583562529999,20.458332897,1.4028570652008057
13090,68759,106.50000229199999,20.458332897,1.190464973449707
13090,68760,106.50416895869999,20.458332897,1.2593023777008057
13090,68761,106.5083356254,20.458332897,1.2934883832931519
13090,68762,106.5125022921,20.458332897,1.6322498321533203
13090,68763,106.5166689588,20.458332897,1.6473169326782227
13090,68764,106.5208356255,20.458332897,1.5569766759872437
13090,68765,106.52500229219999,20.458332897,1.790697693824768
13090,68766,106.52916895889999,20.458332897,5.843488693237305
13090,68767,106.53333562559999,20.458332897,8.387500762939453
13090,68768,106.53750229229999,20.458332897,6.657272815704346
13090,68769,106.54166895899999,20.458332897,3.1377501487731934
13090,68770,106.5458356257,20.458332897,2.4812192916870117
13090,68771,106.5500022924,20.458332897,2.1528573036193848
13090,68772,106.5541689591,20.458332897,2.2875609397888184
13090,68773,106.5583356258,20.458332897,2.5934884548187256
13090,68774,106.56250229249999,20.458332897,2.565476179122925
13090,68775,106.56666895919999,20.458332897,2.9454545974731445
13090,68776,106.57083562589999,20.458332897,2.3024392127990723
13090,68777,106.57500229259999,20.458332897,2.0265002250671387
13090,68778,106.57916895929999,20.458332897,1.8992854356765747
13090,68779,106.583335626,20.458332897,1.8541462421417236
13090,68780,106.5875022927,20.458332897,1.8879998922348022
13090,68781,106.5916689594,20.458332897,1.6487804651260376
13091,68693,106.22500228979999,20.454166230299997,21.708036422729492
13091,68694,106.22916895649999,20.454166230299997,9.643509864807129
13091,68695,106.23333562319999,20.454166230299997,6.428103923797607
13091,68696,106.2375022899,20.454166230299997,5.480713844299316
13091,68697,106.2416689566,20.454166230299997,4.746140480041504
13091,68698,106.2458356233,20.454166230299997,4.274210453033447
13091,68699,106.25000229,20.454166230299997,4.394482612609863
13091,68700,106.2541689567,20.454166230299997,4.753500461578369
13091,68701,106.25833562339999,20.454166230299997,4.6012067794799805
13091,68702,106.26250229009999,20.454166230299997,3.58327579498291
13091,68703,106.26666895679999,20.454166230299997,3.304915189743042
13091,68704,106.27083562349999,20.454166230299997,2.731745719909668
13091,68705,106.27500229019999,20.454166230299997,2.4566664695739746
13091,68706,106.2791689569,20.454166230299997,2.503384590148926
13091,68707,106.2833356236,20.454166230299997,2.433692455291748
13091,68708,106.2875022903,20.454166230299997,2.544843912124634
13091,68709,106.291668957,20.454166230299997,2.7423436641693115
13091,68710,106.29583562369999,20.454166230299997,3.101475477218628
13091,68711,106.30000229039999,20.454166230299997,3.592787027359009
13091,68712,106.30416895709999,20.454166230299997,4.3682756423950195
13091,68713,106.30833562379999,20.454166230299997,5.154482841491699
13091,68714,106.31250229049999,20.454166230299997,8.94706916809082
13091,68715,106.3166689572,20.454166230299997,11.270333290100098
13091,68716,106.3208356239,20.454166230299997,10.388833999633789
13091,68717,106.3250022906,20.454166230299997,11.31779670715332
13091,68718,106.3291689573,20.454166230299997,13.142858505249023
13091,68719,106.33333562399999,20.454166230299997,15.73966121673584
13091,68720,106.33750229069999,20.454166230299997,18.154666900634766
13091,68721,106.34166895739999,20.454166230299997,21.1125431060791
13091,68722,106.34583562409999,20.454166230299997,20.044559478759766
13091,68723,106.35000229079999,20.454166230299997,18.04916763305664
13091,68724,106.3541689575,20.454166230299997,14.895613670349121
13091,68725,106.3583356242,20.454166230299997,8.808069229125977
13091,68726,106.3625022909,20.454166230299997,5.990922451019287
13091,68727,106.3666689576,20.454166230299997,4.7524614334106445
13091,68728,106.37083562429999,20.454166230299997,4.282258033752441
13091,68729,106.37500229099999,20.454166230299997,4.1056671142578125
13091,68730,106.37916895769999,20.454166230299997,3.6372416019439697
13091,68731,106.38333562439999,20.454166230299997,2.879298210144043
13091,68732,106.38750229109999,20.454166230299997,2.4944825172424316
13091,68733,106.3916689578,20.454166230299997,2.533275842666626
13091,68734,106.3958356245,20.454166230299997,2.619655132293701
13091,68735,106.4000022912,20.454166230299997,2.2498273849487305
13091,68736,106.4041689579,20.454166230299997,1.9487718343734741
13091,68737,106.40833562459999,20.454166230299997,1.8619998693466187
13091,68738,106.41250229129999,20.454166230299997,1.9137930870056152
13091,68739,106.41666895799999,20.454166230299997,1.8763792514801025
13091,68740,106.42083562469999,20.454166230299997,2.1508476734161377
13091,68741,106.42500229139999,20.454166230299997,3.067457914352417
13091,68742,106.42916895809999,20.454166230299997,3.969106912612915
13091,68743,106.4333356248,20.454166230299997,3.153454542160034
13091,68744,106.4375022915,20.454166230299997,1.8174543380737305
13091,68745,106.4416689582,20.454166230299997,1.4972727298736572
13091,68746,106.4458356249,20.454166230299997,1.3616364002227783
13091,68747,106.45000229159999,20.454166230299997,1.286607027053833
13091,68748,106.45416895829999,20.454166230299997,1.2839999198913574
13091,68749,106.45833562499999,20.454166230299997,1.7673685550689697
13091,68750,106.46250229169999,20.454166230299997,2.215454578399658
13091,68751,106.46666895839999,20.454166230299997,1.8041073083877563
13091,68752,106.4708356251,20.454166230299997,1.5609616041183472
13091,68753,106.4750022918,20.454166230299997,1.4082977771759033
13091,68754,106.4791689585,20.454166230299997,0.0
13091,68755,106.4833356252,20.454166230299997,1.2755000591278076
13091,68756,106.48750229189999,20.454166230299997,1.1324388980865479
13091,68757,106.49166895859999,20.454166230299997,1.0381394624710083
13091,68758,106.49583562529999,20.454166230299997,1.1052272319793701
13091,68759,106.50000229199999,20.454166230299997,1.2265117168426514
13091,68760,106.50416895869999,20.454166230299997,1.237619161605835
13091,68761,106.5083356254,20.454166230299997,1.5195238590240479
13091,68762,106.5125022921,20.454166230299997,1.9407316446304321
13091,68763,106.5166689588,20.454166230299997,1.9157142639160156
13091,68764,106.5208356255,20.454166230299997,1.6881394386291504
13091,68765,106.52500229219999,20.454166230299997,1.89214289188385
13091,68766,106.52916895889999,20.454166230299997,4.853487968444824
13091,68767,106.53333562559999,20.454166230299997,6.7030229568481445
13091,68768,106.53750229229999,20.454166230299997,4.747272968292236
13091,68769,106.54166895899999,20.454166230299997,2.4278571605682373
13091,68770,106.5458356257,20.454166230299997,2.1032559871673584
13091,68771,106.5500022924,20.454166230299997,2.0995237827301025
13091,68772,106.5541689591,20.454166230299997,2.484761953353882
13091,68773,106.5583356258,20.454166230299997,2.9054763317108154
13091,68774,106.56250229249999,20.454166230299997,3.101707696914673
13091,68775,106.56666895919999,20.454166230299997,3.1168181896209717
13091,68776,106.57083562589999,20.454166230299997,2.9728567600250244
13091,68777,106.57500229259999,20.454166230299997,2.469048023223877
13091,68778,106.57916895929999,20.454166230299997,1.6600000858306885
13091,68779,106.583335626,20.454166230299997,1.5095124244689941
13091,68780,106.5875022927,20.454166230299997,1.536744236946106
13091,68781,106.5916689594,20.454166230299997,1.6620930433273315
13091,68782,106.5958356261,20.454166230299997,1.348371982574463
13091,68783,106.60000229279999,20.454166230299997,1.020227313041687
13091,68785,106.60833562619999,20.454166230299997,0.0
13092,68693,106.22500228979999,20.449999563599995,12.790369987487793
13092,68694,106.22916895649999,20.449999563599995,7.103332996368408
13092,68695,106.23333562319999,20.449999563599995,5.655438423156738
13092,68696,106.2375022899,20.449999563599995,5.2099995613098145
13092,68697,106.2416689566,20.449999563599995,4.696963787078857
13092,68698,106.2458356233,20.449999563599995,4.355762481689453
13092,68699,106.25000229,20.449999563599995,4.301525592803955
13092,68700,106.2541689567,20.449999563599995,4.032166481018066
13092,68701,106.25833562339999,20.449999563599995,3.6193220615386963
13092,68702,106.26250229009999,20.449999563599995,3.192758560180664
13092,68703,106.26666895679999,20.449999563599995,3.187288284301758
13092,68704,106.27083562349999,20.449999563599995,2.8228814601898193
13092,68705,106.27500229019999,20.449999563599995,2.5796666145324707
13092,68706,106.2791689569,20.449999563599995,2.5814061164855957
13092,68707,106.2833356236,20.449999563599995,2.8201584815979004
13092,68708,106.2875022903,20.449999563599995,3.0736923217773438
13092,68709,106.291668957,20.449999563599995,4.054218769073486
13092,68710,106.29583562369999,20.449999563599995,4.903606414794922
13092,68711,106.30000229039999,20.449999563599995,4.775082111358643
13092,68712,106.30416895709999,20.449999563599995,5.028275966644287
13092,68713,106.30833562379999,20.449999563599995,4.912758827209473
13092,68714,106.31250229049999,20.449999563599995,7.308276653289795
13092,68715,106.3166689572,20.449999563599995,11.375517845153809
13092,68716,106.3208356239,20.449999563599995,12.977119445800781
13092,68717,106.3250022906,20.449999563599995,14.19310188293457
13092,68718,106.3291689573,20.449999563599995,15.481378555297852
13092,68719,106.33333562399999,20.449999563599995,19.882413864135742
13092,68720,106.33750229069999,20.449999563599995,21.93377113342285
13092,68721,106.34166895739999,20.449999563599995,23.76590347290039
13092,68722,106.34583562409999,20.449999563599995,23.487459182739258
13092,68723,106.35000229079999,20.449999563599995,20.408422470092773
13092,68724,106.3541689575,20.449999563599995,14.527718544006348
13092,68725,106.3583356242,20.449999563599995,8.89816665649414
13092,68726,106.3625022909,20.449999563599995,6.350317478179932
13092,68727,106.3666689576,20.449999563599995,5.539166450500488
13092,68728,106.37083562429999,20.449999563599995,4.883499622344971
13092,68729,106.37500229099999,20.449999563599995,4.589016437530518
13092,68730,106.37916895769999,20.449999563599995,3.5332207679748535
13092,68731,106.38333562439999,20.449999563599995,2.859285831451416
13092,68732,106.38750229109999,20.449999563599995,2.6112067699432373
13092,68733,106.3916689578,20.449999563599995,2.619152545928955
13092,68734,106.3958356245,20.449999563599995,2.6336207389831543
13092,68735,106.4000022912,20.449999563599995,2.248474597930908
13092,68736,106.4041689579,20.449999563599995,1.893157958984375
13092,68737,106.40833562459999,20.449999563599995,1.7424999475479126
13092,68738,106.41250229129999,20.449999563599995,1.7324137687683105
13092,68739,106.41666895799999,20.449999563599995,1.8834999799728394
13092,68740,106.42083562469999,20.449999563599995,2.571333646774292
13092,68741,106.42500229139999,20.449999563599995,3.5624136924743652
13092,68742,106.42916895809999,20.449999563599995,4.137635707855225
13092,68743,106.4333356248,20.449999563599995,2.971428394317627
13092,68744,106.4375022915,20.449999563599995,1.9180701971054077
13092,68745,106.4416689582,20.449999563599995,1.6462712287902832
13092,68746,106.4458356249,20.449999563599995,1.5489654541015625
13092,68747,106.45000229159999,20.449999563599995,1.4929310083389282
13092,68748,106.45416895829999,20.449999563599995,1.4144642353057861
13092,68749,106.45833562499999,20.449999563599995,1.8401786088943481
13092,68750,106.46250229169999,20.449999563599995,2.1072726249694824
13092,68751,106.46666895839999,20.449999563599995,1.737963080406189
13092,68752,106.4708356251,20.449999563599995,1.4937736988067627
13092,68753,106.4750022918,20.449999563599995,1.3610204458236694
13092,68754,106.4791689585,20.449999563599995,1.333809494972229
13092,68755,106.4833356252,20.449999563599995,1.2500001192092896
13092,68756,106.48750229189999,20.449999563599995,0.0
13092,68757,106.49166895859999,20.449999563599995,1.0897560119628906
13092,68758,106.49583562529999,20.449999563599995,1.2753487825393677
13092,68759,106.50000229199999,20.449999563599995,1.4297728538513184
13092,68760,106.50416895869999,20.449999563599995,1.5088889598846436
13092,68761,106.5083356254,20.449999563599995,1.6950000524520874
13092,68762,106.5125022921,20.449999563599995,1.9629268646240234
13092,68763,106.5166689588,20.449999563599995,2.1499998569488525
13092,68764,106.5208356255,20.449999563599995,1.9023256301879883
13092,68765,106.52500229219999,20.449999563599995,1.7072727680206299
13092,68766,106.52916895889999,20.449999563599995,1.8266665935516357
13092,68767,106.53333562559999,20.449999563599995,1.9997776746749878
13092,68768,106.53750229229999,20.449999563599995,1.800697684288025
13092,68769,106.54166895899999,20.449999563599995,1.6804649829864502
13092,68770,106.5458356257,20.449999563599995,1.6355814933776855
13092,68771,106.5500022924,20.449999563599995,1.8166667222976685
13092,68772,106.5541689591,20.449999563599995,2.0124387741088867
13092,68773,106.5583356258,20.449999563599995,2.461219549179077
13092,68774,106.56250229249999,20.449999563599995,2.947381019592285
13092,68775,106.56666895919999,20.449999563599995,3.2737207412719727
13092,68776,106.57083562589999,20.449999563599995,4.083023548126221
13092,68777,106.57500229259999,20.449999563599995,3.3034884929656982
13092,68778,106.57916895929999,20.449999563599995,1.7002382278442383
13092,68779,106.583335626,20.449999563599995,1.4457143545150757
13092,68780,106.5875022927,20.449999563599995,1.315999984741211
13092,68781,106.5916689594,20.449999563599995,1.5299999713897705
13092,68782,106.5958356261,20.449999563599995,1.6042855978012085
13092,68783,106.60000229279999,20.449999563599995,1.1818604469299316
13092,68784,106.60416895949999,20.449999563599995,0.9512820243835449
13092,68785,106.60833562619999,20.449999563599995,0.0
13092,68786,106.61250229289999,20.449999563599995,0.0
13093,68692,106.22083562309999,20.445832896899997,7.554643154144287
13093,68693,106.22500228979999,20.445832896899997,6.748908519744873
13093,68694,106.22916895649999,20.445832896899997,5.699090480804443
13093,68695,106.23333562319999,20.445832896899997,5.040926456451416
13093,68696,106.2375022899,20.445832896899997,4.807962417602539
13093,68697,106.2416689566,20.445832896899997,4.234655380249023
13093,68698,106.2458356233,20.445832896899997,4.380350589752197
13093,68699,106.25000229,20.445832896899997,4.358448505401611
13093,68700,106.2541689567,20.445832896899997,3.531724452972412
13093,68701,106.25833562339999,20.445832896899997,3.1089656352996826
13093,68702,106.26250229009999,20.445832896899997,3.1442854404449463
13093,68703,106.26666895679999,20.445832896899997,3.4503448009490967
13093,68704,106.27083562349999,20.445832896899997,3.5644826889038086
13093,68705,106.27500229019999,20.445832896899997,3.311525583267212
13093,68706,106.2791689569,20.445832896899997,3.0888712406158447
13093,68707,106.2833356236,20.445832896899997,3.5684375762939453
13093,68708,106.2875022903,20.445832896899997,3.9520633220672607
13093,68709,106.291668957,20.445832896899997,5.027742385864258
13093,68710,106.29583562369999,20.445832896899997,6.369507789611816
13093,68711,106.30000229039999,20.445832896899997,6.176609992980957
13093,68712,106.30416895709999,20.445832896899997,6.496779441833496
13093,68713,106.30833562379999,20.445832896899997,7.728813648223877
13093,68714,106.31250229049999,20.445832896899997,8.567000389099121
13093,68715,106.3166689572,20.445832896899997,10.822882652282715
13093,68716,106.3208356239,20.445832896899997,14.52016830444336
13093,68717,106.3250022906,20.445832896899997,19.84482765197754
13093,68718,106.3291689573,20.445832896899997,23.158248901367188
13093,68719,106.33333562399999,20.445832896899997,24.862586975097656
13093,68720,106.33750229069999,20.445832896899997,26.906335830688477
13093,68721,106.34166895739999,20.445832896899997,28.015321731567383
13093,68722,106.34583562409999,20.445832896899997,26.265247344970703
13093,68723,106.35000229079999,20.445832896899997,22.506610870361328
13093,68724,106.3541689575,20.445832896899997,16.531185150146484
13093,68725,106.3583356242,20.445832896899997,11.089834213256836
13093,68726,106.3625022909,20.445832896899997,7.4530158042907715
13093,68727,106.3666689576,20.445832896899997,5.893015384674072
13093,68728,106.37083562429999,20.445832896899997,5.530167102813721
13093,68729,106.37500229099999,20.445832896899997,5.3186445236206055
13093,68730,106.37916895769999,20.445832896899997,3.708103656768799
13093,68731,106.38333562439999,20.445832896899997,3.0425453186035156
13093,68732,106.38750229109999,20.445832896899997,2.8425452709198
13093,68733,106.3916689578,20.445832896899997,2.6215789318084717
13093,68734,106.3958356245,20.445832896899997,2.581206798553467
13093,68735,106.4000022912,20.445832896899997,2.330517530441284
13093,68736,106.4041689579,20.445832896899997,1.998833179473877
13093,68737,106.40833562459999,20.445832896899997,1.841355800628662
13093,68738,106.41250229129999,20.445832896899997,1.7681033611297607
13093,68739,106.41666895799999,20.445832896899997,2.0349152088165283
13093,68740,106.42083562469999,20.445832896899997,2.7572882175445557
13093,68741,106.42500229139999,20.445832896899997,3.1549155712127686
13093,68742,106.42916895809999,20.445832896899997,2.84928560256958
13093,68743,106.4333356248,20.445832896899997,2.2180356979370117
13093,68744,106.4375022915,20.445832896899997,1.5664284229278564
13093,68745,106.4416689582,20.445832896899997,1.5722033977508545
13093,68746,106.4458356249,20.445832896899997,1.7296552658081055
13093,68747,106.45000229159999,20.445832896899997,1.7217241525650024
13093,68748,106.45416895829999,20.445832896899997,1.6788461208343506
13093,68749,106.45833562499999,20.445832896899997,2.119433879852295
13093,68750,106.46250229169999,20.445832896899997,2.2179999351501465
13093,68751,106.46666895839999,20.445832896899997,1.6549999713897705
13093,68752,106.4708356251,20.445832896899997,1.3653572797775269
13093,68753,106.4750022918,20.445832896899997,1.2593616247177124
13093,68754,106.4791689585,20.445832896899997,1.2052500247955322
13093,68755,106.4833356252,20.445832896899997,0.0
13093,68756,106.48750229189999,20.445832896899997,0.0
13093,68757,106.49166895859999,20.445832896899997,1.190512776374817
13093,68758,106.49583562529999,20.445832896899997,1.3997560739517212
13093,68759,106.50000229199999,20.445832896899997,1.549302339553833
13093,68760,106.50416895869999,20.445832896899997,1.6469565629959106
13093,68761,106.5083356254,20.445832896899997,1.8722221851348877
13093,68762,106.5125022921,20.445832896899997,2.131136417388916
13093,68763,106.5166689588,20.445832896899997,2.2178261280059814
13093,68764,106.5208356255,20.445832896899997,2.0784783363342285
13093,68765,106.52500229219999,20.445832896899997,1.7360000610351562
13093,68766,106.52916895889999,20.445832896899997,1.5686665773391724
13093,68767,106.53333562559999,20.445832896899997,1.476222276687622
13093,68768,106.53750229229999,20.445832896899997,1.4706977605819702
13093,68769,106.54166895899999,20.445832896899997,1.5375555753707886
13093,68770,106.5458356257,20.445832896899997,1.5174418687820435
13093,68771,106.5500022924,20.445832896899997,1.567555546760559
13093,68772,106.5541689591,20.445832896899997,1.924285650253296
13093,68773,106.5583356258,20.445832896899997,2.6375608444213867
13093,68774,106.56250229249999,20.445832896899997,3.894761562347412
13093,68775,106.56666895919999,20.445832896899997,4.634999752044678
13093,68776,106.57083562589999,20.445832896899997,5.5497612953186035
13093,68777,106.57500229259999,20.445832896899997,4.591190338134766
13093,68778,106.57916895929999,20.445832896899997,2.5704762935638428
13093,68779,106.583335626,20.445832896899997,1.78761887550354
13093,68780,106.5875022927,20.445832896899997,1.655249834060669
13093,68781,106.5916689594,20.445832896899997,1.8361903429031372
13093,68782,106.5958356261,20.445832896899997,1.9895122051239014
13093,68783,106.60000229279999,20.445832896899997,1.3040475845336914
13093,68784,106.60416895949999,20.445832896899997,1.0231707096099854
13093,68785,106.60833562619999,20.445832896899997,0.8154545426368713
13093,68787,106.61666895959999,20.445832896899997,0.0
13094,68692,106.22083562309999,20.441666230199996,7.124821186065674
13094,68693,106.22500228979999,20.441666230199996,6.835818290710449
13094,68694,106.22916895649999,20.441666230199996,6.446363925933838
13094,68695,106.23333562319999,20.441666230199996,6.216110706329346
13094,68696,106.2375022899,20.441666230199996,5.532641887664795
13094,68697,106.2416689566,20.441666230199996,5.413636684417725
13094,68698,106.2458356233,20.441666230199996,5.250000476837158
13094,68699,106.25000229,20.441666230199996,4.5032758712768555
13094,68700,106.2541689567,20.441666230199996,4.093035697937012
13094,68701,106.25833562339999,20.441666230199996,3.892631769180298
13094,68702,106.26250229009999,20.441666230199996,4.967678546905518
13094,68703,106.26666895679999,20.441666230199996,6.164286136627197
13094,68704,106.27083562349999,20.441666230199996,6.181403636932373
13094,68705,106.27500229019999,20.441666230199996,5.3163161277771
13094,68706,106.2791689569,20.441666230199996,4.0579657554626465
13094,68707,106.2833356236,20.441666230199996,4.40419340133667
13094,68708,106.2875022903,20.441666230199996,4.630645275115967
13094,68709,106.291668957,20.441666230199996,5.670806407928467
13094,68710,106.29583562369999,20.441666230199996,7.051864147186279
13094,68711,106.30000229039999,20.441666230199996,7.195573329925537
13094,68712,106.30416895709999,20.441666230199996,8.113064765930176
13094,68713,106.30833562379999,20.441666230199996,10.907869338989258
13094,68714,106.31250229049999,20.441666230199996,12.211967468261719
13094,68715,106.3166689572,20.441666230199996,14.204575538635254
13094,68716,106.3208356239,20.441666230199996,17.091501235961914
13094,68717,106.3250022906,20.441666230199996,21.992204666137695
13094,68718,106.3291689573,20.441666230199996,22.77396583557129
13094,68719,106.33333562399999,20.441666230199996,24.246950149536133
13094,68720,106.33750229069999,20.441666230199996,28.09370994567871
13094,68721,106.34166895739999,20.441666230199996,27.201168060302734
13094,68722,106.34583562409999,20.441666230199996,25.548524856567383
13094,68723,106.35000229079999,20.441666230199996,24.40883445739746
13094,68724,106.3541689575,20.441666230199996,18.993450164794922
13094,68725,106.3583356242,20.441666230199996,13.001017570495605
13094,68726,106.3625022909,20.441666230199996,7.841936111450195
13094,68727,106.3666689576,20.441666230199996,5.725967884063721
13094,68728,106.37083562429999,20.441666230199996,4.957627296447754
13094,68729,106.37500229099999,20.441666230199996,4.629491806030273
13094,68730,106.37916895769999,20.441666230199996,3.749500036239624
13094,68731,106.38333562439999,20.441666230199996,3.218620538711548
13094,68732,106.38750229109999,20.441666230199996,3.178245782852173
13094,68733,106.3916689578,20.441666230199996,2.9473211765289307
13094,68734,106.3958356245,20.441666230199996,2.6521055698394775
13094,68735,106.4000022912,20.441666230199996,2.5720691680908203
13094,68736,106.4041689579,20.441666230199996,2.2910525798797607
13094,68737,106.40833562459999,20.441666230199996,2.090892791748047
13094,68738,106.41250229129999,20.441666230199996,2.1814286708831787
13094,68739,106.41666895799999,20.441666230199996,2.2073214054107666
13094,68740,106.42083562469999,20.441666230199996,2.65290904045105
13094,68741,106.42500229139999,20.441666230199996,2.6705172061920166
13094,68742,106.42916895809999,20.441666230199996,2.2275002002716064
13094,68743,106.4333356248,20.441666230199996,1.7316073179244995
13094,68744,106.4375022915,20.441666230199996,1.5526784658432007
13094,68745,106.4416689582,20.441666230199996,1.6321818828582764
13094,68746,106.4458356249,20.441666230199996,1.7456363439559937
13094,68747,106.45000229159999,20.441666230199996,1.7838597297668457
13094,68748,106.45416895829999,20.441666230199996,1.9920369386672974
13094,68749,106.45833562499999,20.441666230199996,2.3866665363311768
13094,68750,106.46250229169999,20.441666230199996,2.233090877532959
13094,68751,106.46666895839999,20.441666230199996,1.5986205339431763
13094,68752,106.4708356251,20.441666230199996,1.2652631998062134
13094,68753,106.4750022918,20.441666230199996,0.0
13094,68754,106.4791689585,20.441666230199996,0.0
13094,68755,106.4833356252,20.441666230199996,0.0
13094,68756,106.48750229189999,20.441666230199996,0.0
13094,68757,106.49166895859999,20.441666230199996,0.0
13094,68758,106.49583562529999,20.441666230199996,1.3165853023529053
13094,68759,106.50000229199999,20.441666230199996,1.5911364555358887
13094,68760,106.50416895869999,20.441666230199996,1.6920000314712524
13094,68761,106.5083356254,20.441666230199996,2.4137778282165527
13094,68762,106.5125022921,20.441666230199996,3.0042223930358887
13094,68763,106.5166689588,20.441666230199996,3.407447099685669
13094,68764,106.5208356255,20.441666230199996,2.783829689025879
13094,68765,106.52500229219999,20.441666230199996,2.333409070968628
13094,68766,106.52916895889999,20.441666230199996,1.8411628007888794
13094,68767,106.53333562559999,20.441666230199996,1.6782222986221313
13094,68768,106.53750229229999,20.441666230199996,2.0941860675811768
13094,68769,106.54166895899999,20.441666230199996,2.349069833755493
13094,68770,106.5458356257,20.441666230199996,1.9409303665161133
13094,68771,106.5500022924,20.441666230199996,1.6027271747589111
13094,68772,106.5541689591,20.441666230199996,1.7370734214782715
13094,68773,106.5583356258,20.441666230199996,2.5299999713897705
13094,68774,106.56250229249999,20.441666230199996,4.4320454597473145
13094,68775,106.56666895919999,20.441666230199996,5.10590934753418
13094,68776,106.57083562589999,20.441666230199996,4.854666709899902
13094,68777,106.57500229259999,20.441666230199996,3.9426193237304688
13094,68778,106.57916895929999,20.441666230199996,2.5985000133514404
13094,68779,106.583335626,20.441666230199996,1.7583333253860474
13094,68780,106.5875022927,20.441666230199996,1.5476192235946655
13094,68781,106.5916689594,20.441666230199996,1.7597618103027344
13094,68782,106.5958356261,20.441666230199996,2.024749994277954
13094,68783,106.60000229279999,20.441666230199996,1.7373169660568237
13094,68785,106.60833562619999,20.441666230199996,0.8818181753158569
13094,68786,106.61250229289999,20.441666230199996,0.0
13094,68787,106.61666895959999,20.441666230199996,0.0
13095,68691,106.21666895639999,20.437499563499998,7.601963996887207
13095,68692,106.22083562309999,20.437499563499998,7.1433329582214355
13095,68693,106.22500228979999,20.437499563499998,7.639814376831055
13095,68694,106.22916895649999,20.437499563499998,7.836111068725586
13095,68695,106.23333562319999,20.437499563499998,7.594259738922119
13095,68696,106.2375022899,20.437499563499998,7.158750057220459
13095,68697,106.2416689566,20.437499563499998,7.523396015167236
13095,68698,106.2458356233,20.437499563499998,7.407169342041016
13095,68699,106.25000229,20.437499563499998,6.151454925537109
13095,68700,106.2541689567,20.437499563499998,5.5461812019348145
13095,68701,106.25833562339999,20.437499563499998,7.207857608795166
13095,68702,106.26250229009999,20.437499563499998,8.097414016723633
13095,68703,106.26666895679999,20.437499563499998,8.080526351928711
13095,68704,106.27083562349999,20.437499563499998,7.497627258300781
13095,68705,106.27500229019999,20.437499563499998,6.755832195281982
13095,68706,106.2791689569,20.437499563499998,6.33852481842041
13095,68707,106.2833356236,20.437499563499998,6.636128902435303
13095,68708,106.2875022903,20.437499563499998,7.433635711669922
13095,68709,106.291668957,20.437499563499998,8.523125648498535
13095,68710,106.29583562369999,20.437499563499998,8.484654426574707
13095,68711,106.30000229039999,20.437499563499998,8.222373008728027
13095,68712,106.30416895709999,20.437499563499998,8.192167282104492
13095,68713,106.30833562379999,20.437499563499998,9.324666976928711
13095,68714,106.31250229049999,20.437499563499998,11.251666069030762
13095,68715,106.3166689572,20.437499563499998,15.293499946594238
13095,68716,106.3208356239,20.437499563499998,17.559179306030273
13095,68717,106.3250022906,20.437499563499998,18.764482498168945
13095,68718,106.3291689573,20.437499563499998,17.398834228515625
13095,68719,106.33333562399999,20.437499563499998,17.258729934692383
13095,68720,106.33750229069999,20.437499563499998,18.600936889648438
13095,68721,106.34166895739999,20.437499563499998,18.484237670898438
13095,68722,106.34583562409999,20.437499563499998,21.943510055541992
13095,68723,106.35000229079999,20.437499563499998,24.016841888427734
13095,68724,106.3541689575,20.437499563499998,18.977191925048828
13095,68725,106.3583356242,20.437499563499998,12.818421363830566
13095,68726,106.3625022909,20.437499563499998,9.431379318237305
13095,68727,106.3666689576,20.437499563499998,6.183157920837402
13095,68728,106.37083562429999,20.437499563499998,5.033859729766846
13095,68729,106.37500229099999,20.437499563499998,4.686896324157715
13095,68730,106.37916895769999,20.437499563499998,4.093897819519043
13095,68731,106.38333562439999,20.437499563499998,3.821052312850952
13095,68732,106.38750229109999,20.437499563499998,3.719630002975464
13095,68733,106.3916689578,20.437499563499998,3.4558491706848145
13095,68734,106.3958356245,20.437499563499998,3.2329089641571045
13095,68735,106.4000022912,20.437499563499998,3.07596492767334
13095,68736,106.4041689579,20.437499563499998,3.1261403560638428
13095,68737,106.40833562459999,20.437499563499998,2.9040000438690186
13095,68738,106.41250229129999,20.437499563499998,2.5876784324645996
13095,68739,106.41666895799999,20.437499563499998,2.596315860748291
13095,68740,106.42083562469999,20.437499563499998,2.855818033218384
13095,68741,106.42500229139999,20.437499563499998,2.857368230819702
13095,68742,106.42916895809999,20.437499563499998,2.0875437259674072
13095,68743,106.4333356248,20.437499563499998,1.7087273597717285
13095,68744,106.4375022915,20.437499563499998,1.625087857246399
13095,68745,106.4416689582,20.437499563499998,1.6141071319580078
13095,68746,106.4458356249,20.437499563499998,1.569636583328247
13095,68747,106.45000229159999,20.437499563499998,1.6447370052337646
13095,68748,106.45416895829999,20.437499563499998,2.349464178085327
13095,68749,106.45833562499999,20.437499563499998,2.640000104904175
13095,68750,106.46250229169999,20.437499563499998,2.1081480979919434
13095,68751,106.46666895839999,20.437499563499998,1.4445453882217407
13095,68752,106.4708356251,20.437499563499998,1.2936841249465942
13095,68753,106.4750022918,20.437499563499998,0.0
13095,68754,106.4791689585,20.437499563499998,0.0
13095,68755,106.4833356252,20.437499563499998,0.0
13095,68756,106.48750229189999,20.437499563499998,0.0
13095,68757,106.49166895859999,20.437499563499998,0.0
13095,68758,106.49583562529999,20.437499563499998,1.3261361122131348
13095,68759,106.50000229199999,20.437499563499998,1.644444465637207
13095,68760,106.50416895869999,20.437499563499998,1.7728888988494873
13095,68761,106.5083356254,20.437499563499998,2.524782657623291
13095,68762,106.5125022921,20.437499563499998,4.629782676696777
13095,68763,106.5166689588,20.437499563499998,4.681087493896484
13095,68764,106.5208356255,20.437499563499998,3.0482609272003174
13095,68765,106.52500229219999,20.437499563499998,2.391136407852173
13095,68766,106.52916895889999,20.437499563499998,1.7748781442642212
13095,68767,106.53333562559999,20.437499563499998,1.7548836469650269
13095,68768,106.53750229229999,20.437499563499998,2.2502381801605225
13095,68769,106.54166895899999,20.437499563499998,2.6255812644958496
13095,68770,106.5458356257,20.437499563499998,1.806511402130127
13095,68771,106.5500022924,20.437499563499998,1.5916279554367065
13095,68772,106.5541689591,20.437499563499998,1.5399999618530273
13095,68773,106.5583356258,20.437499563499998,1.752439022064209
13095,68774,106.56250229249999,20.437499563499998,2.8265907764434814
13095,68775,106.56666895919999,20.437499563499998,3.2715909481048584
13095,68776,106.57083562589999,20.437499563499998,3.8366668224334717
13095,68777,106.57500229259999,20.437499563499998,3.5251166820526123
13095,68778,106.57916895929999,20.437499563499998,2.8956096172332764
13095,68779,106.583335626,20.437499563499998,1.7935714721679688
13095,68780,106.5875022927,20.437499563499998,1.3657143115997314
13095,68781,106.5916689594,20.437499563499998,1.373095154762268
13095,68782,106.5958356261,20.437499563499998,1.385500192642212
13095,68785,106.60833562619999,20.437499563499998,0.8714286088943481
13095,68786,106.61250229289999,20.437499563499998,0.0
13095,68787,106.61666895959999,20.437499563499998,0.0
13096,68690,106.2125022897,20.433332896799996,8.335965156555176
13096,68691,106.21666895639999,20.433332896799996,7.398136138916016
13096,68692,106.22083562309999,20.433332896799996,6.919137954711914
13096,68693,106.22500228979999,20.433332896799996,6.6858930587768555
13096,68694,106.22916895649999,20.433332896799996,6.483090400695801
13096,68695,106.23333562319999,20.433332896799996,6.6666035652160645
13096,68696,106.2375022899,20.433332896799996,6.578000068664551
13096,68697,106.2416689566,20.433332896799996,6.288928508758545
13096,68698,106.2458356233,20.433332896799996,6.008112907409668
13096,68699,106.25000229,20.433332896799996,5.305740833282471
13096,68700,106.2541689567,20.433332896799996,5.304363250732422
13096,68701,106.25833562339999,20.433332896799996,7.387856960296631
13096,68702,106.26250229009999,20.433332896799996,9.110526084899902
13096,68703,106.26666895679999,20.433332896799996,6.4583635330200195
13096,68704,106.27083562349999,20.433332896799996,5.34807014465332
13096,68705,106.27500229019999,20.433332896799996,5.465000152587891
13096,68706,106.2791689569,20.433332896799996,5.768393039703369
13096,68707,106.2833356236,20.433332896799996,6.824333667755127
13096,68708,106.2875022903,20.433332896799996,8.27409839630127
13096,68709,106.291668957,20.433332896799996,8.017499923706055
13096,68710,106.29583562369999,20.433332896799996,6.858813285827637
13096,68711,106.30000229039999,20.433332896799996,6.218333721160889
13096,68712,106.30416895709999,20.433332896799996,6.018643856048584
13096,68713,106.30833562379999,20.433332896799996,6.215483665466309
13096,68714,106.31250229049999,20.433332896799996,7.607580184936523
13096,68715,106.3166689572,20.433332896799996,11.405409812927246
13096,68716,106.3208356239,20.433332896799996,12.486207962036133
13096,68717,106.3250022906,20.433332896799996,13.2637939453125
13096,68718,106.3291689573,20.433332896799996,11.421451568603516
13096,68719,106.33333562399999,20.433332896799996,10.644844055175781
13096,68720,106.33750229069999,20.433332896799996,9.511249542236328
13096,68721,106.34166895739999,20.433332896799996,11.414999008178711
13096,68722,106.34583562409999,20.433332896799996,14.321694374084473
13096,68723,106.35000229079999,20.433332896799996,15.618103981018066
13096,68724,106.3541689575,20.433332896799996,14.736949920654297
13096,68725,106.3583356242,20.433332896799996,9.430876731872559
13096,68726,106.3625022909,20.433332896799996,7.476841926574707
13096,68727,106.3666689576,20.433332896799996,6.298448085784912
13096,68728,106.37083562429999,20.433332896799996,5.716207027435303
13096,68729,106.37500229099999,20.433332896799996,5.461864471435547
13096,68730,106.37916895769999,20.433332896799996,4.724745273590088
13096,68731,106.38333562439999,20.433332896799996,4.2133893966674805
13096,68732,106.38750229109999,20.433332896799996,3.9876363277435303
13096,68733,106.3916689578,20.433332896799996,3.48370361328125
13096,68734,106.3958356245,20.433332896799996,3.0433335304260254
13096,68735,106.4000022912,20.433332896799996,2.756666660308838
13096,68736,106.4041689579,20.433332896799996,2.858070135116577
13096,68737,106.40833562459999,20.433332896799996,2.6009092330932617
13096,68738,106.41250229129999,20.433332896799996,2.3266665935516357
13096,68739,106.41666895799999,20.433332896799996,2.448392868041992
13096,68740,106.42083562469999,20.433332896799996,2.857407569885254
13096,68741,106.42500229139999,20.433332896799996,2.638035535812378
13096,68742,106.42916895809999,20.433332896799996,2.112586259841919
13096,68743,106.4333356248,20.433332896799996,1.8776787519454956
13096,68744,106.4375022915,20.433332896799996,1.7414286136627197
13096,68745,106.4416689582,20.433332896799996,1.5601818561553955
13096,68746,106.4458356249,20.433332896799996,1.5069091320037842
13096,68747,106.45000229159999,20.433332896799996,1.8354545831680298
13096,68748,106.45416895829999,20.433332896799996,2.6117546558380127
13096,68749,106.45833562499999,20.433332896799996,3.013148307800293
13096,68750,106.46250229169999,20.433332896799996,2.066296339035034
13096,68751,106.46666895839999,20.433332896799996,1.4803636074066162
13096,68752,106.4708356251,20.433332896799996,0.0
13096,68753,106.4750022918,20.433332896799996,0.0
13096,68754,106.4791689585,20.433332896799996,1.2925000190734863
13096,68755,106.4833356252,20.433332896799996,1.2808109521865845
13096,68756,106.48750229189999,20.433332896799996,1.3149999380111694
13096,68757,106.49166895859999,20.433332896799996,1.306046724319458
13096,68758,106.49583562529999,20.433332896799996,1.2630233764648438
13096,68759,106.50000229199999,20.433332896799996,1.4786365032196045
13096,68760,106.50416895869999,20.433332896799996,1.6234042644500732
13096,68761,106.5083356254,20.433332896799996,2.203111171722412
13096,68762,106.5125022921,20.433332896799996,3.33978271484375
13096,68763,106.5166689588,20.433332896799996,3.6495556831359863
13096,68764,106.5208356255,20.433332896799996,2.4513635635375977
13096,68765,106.52500229219999,20.433332896799996,1.866590976715088
13096,68766,106.52916895889999,20.433332896799996,1.5826829671859741
13096,68767,106.53333562559999,20.433332896799996,1.6265907287597656
13096,68768,106.53750229229999,20.433332896799996,2.1656816005706787
13096,68769,106.54166895899999,20.433332896799996,2.0655555725097656
13096,68770,106.5458356257,20.433332896799996,1.8240000009536743
13096,68771,106.5500022924,20.433332896799996,1.852222204208374
13096,68772,106.5541689591,20.433332896799996,1.9252378940582275
13096,68773,106.5583356258,20.433332896799996,1.800227403640747
13096,68774,106.56250229249999,20.433332896799996,1.580714464187622
13096,68775,106.56666895919999,20.433332896799996,1.950714111328125
13096,68776,106.57083562589999,20.433332896799996,2.551555633544922
13096,68777,106.57500229259999,20.433332896799996,2.999302387237549
13096,68778,106.57916895929999,20.433332896799996,2.7695000171661377
13096,68779,106.583335626,20.433332896799996,1.7697436809539795
13096,68780,106.5875022927,20.433332896799996,1.3514634370803833
13096,68781,106.5916689594,20.433332896799996,0.0
13096,68782,106.5958356261,20.433332896799996,0.0
13096,68783,106.60000229279999,20.433332896799996,1.0426315069198608
13096,68784,106.60416895949999,20.433332896799996,0.9376922845840454
13096,68785,106.60833562619999,20.433332896799996,0.831250011920929
13096,68786,106.61250229289999,20.433332896799996,0.0
13097,68690,106.2125022897,20.429166230099998,8.569310188293457
13097,68691,106.21666895639999,20.429166230099998,8.364999771118164
13097,68692,106.22083562309999,20.429166230099998,6.87000036239624
13097,68693,106.22500228979999,20.429166230099998,6.025357723236084
13097,68694,106.22916895649999,20.429166230099998,5.553214073181152
13097,68695,106.23333562319999,20.429166230099998,5.420727729797363
13097,68696,106.2375022899,20.429166230099998,5.2900004386901855
13097,68697,106.2416689566,20.429166230099998,4.633454322814941
13097,68698,106.2458356233,20.429166230099998,3.859215497970581
13097,68699,106.25000229,20.429166230099998,3.5007545948028564
13097,68700,106.2541689567,20.429166230099998,3.2385711669921875
13097,68701,106.25833562339999,20.429166230099998,3.6255171298980713
13097,68702,106.26250229009999,20.429166230099998,4.561723709106445
13097,68703,106.26666895679999,20.429166230099998,4.240535259246826
13097,68704,106.27083562349999,20.429166230099998,3.778965711593628
13097,68705,106.27500229019999,20.429166230099998,3.599273204803467
13097,68706,106.2791689569,20.429166230099998,3.802142858505249
13097,68707,106.2833356236,20.429166230099998,4.576897144317627
13097,68708,106.2875022903,20.429166230099998,5.808666706085205
13097,68709,106.291668957,20.429166230099998,4.879830360412598
13097,68710,106.29583562369999,20.429166230099998,3.4584484100341797
13097,68711,106.30000229039999,20.429166230099998,3.2315256595611572
13097,68712,106.30416895709999,20.429166230099998,3.4094738960266113
13097,68713,106.30833562379999,20.429166230099998,3.277541160583496
13097,68714,106.31250229049999,20.429166230099998,4.1464996337890625
13097,68715,106.3166689572,20.429166230099998,6.246440887451172
13097,68716,106.3208356239,20.429166230099998,6.909999847412109
13097,68717,106.3250022906,20.429166230099998,8.062280654907227
13097,68718,106.3291689573,20.429166230099998,7.728643894195557
13097,68719,106.33333562399999,20.429166230099998,6.707499980926514
13097,68720,106.33750229069999,20.429166230099998,6.6483073234558105
13097,68721,106.34166895739999,20.429166230099998,8.153666496276855
13097,68722,106.34583562409999,20.429166230099998,9.289830207824707
13097,68723,106.35000229079999,20.429166230099998,8.90864372253418
13097,68724,106.3541689575,20.429166230099998,9.267166137695312
13097,68725,106.3583356242,20.429166230099998,6.011356353759766
13097,68726,106.3625022909,20.429166230099998,4.552541732788086
13097,68727,106.3666689576,20.429166230099998,4.962951183319092
13097,68728,106.37083562429999,20.429166230099998,4.97016716003418
13097,68729,106.37500229099999,20.429166230099998,4.755789756774902
13097,68730,106.37916895769999,20.429166230099998,3.7457895278930664
13097,68731,106.38333562439999,20.429166230099998,3.0734481811523438
13097,68732,106.38750229109999,20.429166230099998,3.1592981815338135
13097,68733,106.3916689578,20.429166230099998,2.881636381149292
13097,68734,106.3958356245,20.429166230099998,2.797142744064331
13097,68735,106.4000022912,20.429166230099998,2.5470173358917236
13097,68736,106.4041689579,20.429166230099998,2.357719659805298
13097,68737,106.40833562459999,20.429166230099998,2.104482650756836
13097,68738,106.41250229129999,20.429166230099998,1.9007272720336914
13097,68739,106.41666895799999,20.429166230099998,1.8781816959381104
13097,68740,106.42083562469999,20.429166230099998,2.0461108684539795
13097,68741,106.42500229139999,20.429166230099998,2.000356912612915
13097,68742,106.42916895809999,20.429166230099998,2.0567240715026855
13097,68743,106.4333356248,20.429166230099998,2.15781831741333
13097,68744,106.4375022915,20.429166230099998,1.76796293258667
13097,68745,106.4416689582,20.429166230099998,1.4985454082489014
13097,68746,106.4458356249,20.429166230099998,1.571454405784607
13097,68747,106.45000229159999,20.429166230099998,2.0514814853668213
13097,68748,106.45416895829999,20.429166230099998,2.723749876022339
13097,68749,106.45833562499999,20.429166230099998,2.71818208694458
13097,68750,106.46250229169999,20.429166230099998,1.789814829826355
13097,68751,106.46666895839999,20.429166230099998,1.5318868160247803
13097,68752,106.4708356251,20.429166230099998,1.4698182344436646
13097,68753,106.4750022918,20.429166230099998,1.3676470518112183
13097,68754,106.4791689585,20.429166230099998,1.3846511840820312
13097,68755,106.4833356252,20.429166230099998,1.5600000619888306
13097,68756,106.48750229189999,20.429166230099998,1.6047500371932983
13097,68757,106.49166895859999,20.429166230099998,1.4485713243484497
13097,68758,106.49583562529999,20.429166230099998,0.0
13097,68759,106.50000229199999,20.429166230099998,1.3385714292526245
13097,68760,106.50416895869999,20.429166230099998,1.503255844116211
13097,68761,106.5083356254,20.429166230099998,1.867777705192566
13097,68762,106.5125022921,20.429166230099998,2.339555501937866
13097,68763,106.5166689588,20.429166230099998,2.311136484146118
13097,68764,106.5208356255,20.429166230099998,2.224545478820801
13097,68765,106.52500229219999,20.429166230099998,1.8031110763549805
13097,68766,106.52916895889999,20.429166230099998,1.5239131450653076
13097,68767,106.53333562559999,20.429166230099998,1.718372106552124
13097,68768,106.53750229229999,20.429166230099998,2.5936362743377686
13097,68769,106.54166895899999,20.429166230099998,2.6633334159851074
13097,68770,106.5458356257,20.429166230099998,2.5924999713897705
13097,68771,106.5500022924,20.429166230099998,2.4317071437835693
13097,68772,106.5541689591,20.429166230099998,2.3278048038482666
13097,68773,106.5583356258,20.429166230099998,1.9027272462844849
13097,68774,106.56250229249999,20.429166230099998,1.5094999074935913
13097,68775,106.56666895919999,20.429166230099998,1.726578950881958
13097,68776,106.57083562589999,20.429166230099998,1.8858975172042847
13097,68777,106.57500229259999,20.429166230099998,2.498500108718872
13097,68778,106.57916895929999,20.429166230099998,2.67214298248291
13097,68779,106.583335626,20.429166230099998,1.8658332824707031
13097,68780,106.5875022927,20.429166230099998,1.5223685503005981
13097,68781,106.5916689594,20.429166230099998,0.0
13097,68782,106.5958356261,20.429166230099998,0.0
13097,68783,106.60000229279999,20.429166230099998,1.2812501192092896
13097,68784,106.60416895949999,20.429166230099998,1.3328206539154053
13097,68785,106.60833562619999,20.429166230099998,0.9318420886993408
13097,68786,106.61250229289999,20.429166230099998,0.0
13098,68690,106.2125022897,20.424999563399997,9.711524963378906
13098,68691,106.21666895639999,20.424999563399997,10.281188011169434
13098,68692,106.22083562309999,20.424999563399997,8.55508804321289
13098,68693,106.22500228979999,20.424999563399997,6.427962779998779
13098,68694,106.22916895649999,20.424999563399997,5.546297073364258
13098,68695,106.23333562319999,20.424999563399997,4.671666622161865
13098,68696,106.2375022899,20.424999563399997,4.304259777069092
13098,68697,106.2416689566,20.424999563399997,3.980185031890869
13098,68698,106.2458356233,20.424999563399997,3.579423189163208
13098,68699,106.25000229,20.424999563399997,3.3337252140045166
13098,68700,106.2541689567,20.424999563399997,3.1050002574920654
13098,68701,106.25833562339999,20.424999563399997,2.9519999027252197
13098,68702,106.26250229009999,20.424999563399997,2.9611473083496094
13098,68703,106.26666895679999,20.424999563399997,3.212033987045288
13098,68704,106.27083562349999,20.424999563399997,3.276949405670166
13098,68705,106.27500229019999,20.424999563399997,2.8898274898529053
13098,68706,106.2791689569,20.424999563399997,2.907719135284424
13098,68707,106.2833356236,20.424999563399997,3.4668967723846436
13098,68708,106.2875022903,20.424999563399997,3.54305100440979
13098,68709,106.291668957,20.424999563399997,3.242105007171631
13098,68710,106.29583562369999,20.424999563399997,2.728947401046753
13098,68711,106.30000229039999,20.424999563399997,2.7742371559143066
13098,68712,106.30416895709999,20.424999563399997,2.754918098449707
13098,68713,106.30833562379999,20.424999563399997,2.9898412227630615
13098,68714,106.31250229049999,20.424999563399997,3.1503334045410156
13098,68715,106.3166689572,20.424999563399997,3.244310140609741
13098,68716,106.3208356239,20.424999563399997,3.8969645500183105
13098,68717,106.3250022906,20.424999563399997,4.489107131958008
13098,68718,106.3291689573,20.424999563399997,5.379473686218262
13098,68719,106.33333562399999,20.424999563399997,5.442741870880127
13098,68720,106.33750229069999,20.424999563399997,6.177541255950928
13098,68721,106.34166895739999,20.424999563399997,8.562458038330078
13098,68722,106.34583562409999,20.424999563399997,11.961111068725586
13098,68723,106.35000229079999,20.424999563399997,11.19174575805664
13098,68724,106.3541689575,20.424999563399997,6.088196277618408
13098,68725,106.3583356242,20.424999563399997,4.2060651779174805
13098,68726,106.3625022909,20.424999563399997,3.655484199523926
13098,68727,106.3666689576,20.424999563399997,3.6851608753204346
13098,68728,106.37083562429999,20.424999563399997,3.942333698272705
13098,68729,106.37500229099999,20.424999563399997,3.9174578189849854
13098,68730,106.37916895769999,20.424999563399997,3.0923216342926025
13098,68731,106.38333562439999,20.424999563399997,2.6774139404296875
13098,68732,106.38750229109999,20.424999563399997,2.585714101791382
13098,68733,106.3916689578,20.424999563399997,2.7032077312469482
13098,68734,106.3958356245,20.424999563399997,2.802363634109497
13098,68735,106.4000022912,20.424999563399997,2.5557892322540283
13098,68736,106.4041689579,20.424999563399997,2.4338595867156982
13098,68737,106.40833562459999,20.424999563399997,1.9212069511413574
13098,68738,106.41250229129999,20.424999563399997,0.0
13098,68739,106.41666895799999,20.424999563399997,0.0
13098,68740,106.42083562469999,20.424999563399997,1.894464373588562
13098,68741,106.42500229139999,20.424999563399997,1.7713558673858643
13098,68742,106.42916895809999,20.424999563399997,1.8267796039581299
13098,68743,106.4333356248,20.424999563399997,1.9937736988067627
13098,68744,106.4375022915,20.424999563399997,1.770943284034729
13098,68745,106.4416689582,20.424999563399997,1.4975000619888306
13098,68746,106.4458356249,20.424999563399997,1.5238462686538696
13098,68747,106.45000229159999,20.424999563399997,1.7243635654449463
13098,68748,106.45416895829999,20.424999563399997,1.9228571653366089
13098,68749,106.45833562499999,20.424999563399997,1.8664913177490234
13098,68750,106.46250229169999,20.424999563399997,1.6989474296569824
13098,68751,106.46666895839999,20.424999563399997,1.7003705501556396
13098,68752,106.4708356251,20.424999563399997,1.6144442558288574
13098,68753,106.4750022918,20.424999563399997,1.5388234853744507
13098,68754,106.4791689585,20.424999563399997,1.6872726678848267
13098,68755,106.4833356252,20.424999563399997,2.0151219367980957
13098,68756,106.48750229189999,20.424999563399997,1.8717501163482666
13098,68757,106.49166895859999,20.424999563399997,1.554146409034729
13098,68758,106.49583562529999,20.424999563399997,1.5041025876998901
13098,68759,106.50000229199999,20.424999563399997,1.5299999713897705
13098,68760,106.50416895869999,20.424999563399997,1.8058140277862549
13098,68761,106.5083356254,20.424999563399997,2.1154541969299316
13098,68762,106.5125022921,20.424999563399997,2.2447729110717773
13098,68763,106.5166689588,20.424999563399997,2.4959089756011963
13098,68764,106.5208356255,20.424999563399997,2.6462790966033936
13098,68765,106.52500229219999,20.424999563399997,2.170666456222534
13098,68766,106.52916895889999,20.424999563399997,1.6667391061782837
13098,68767,106.53333562559999,20.424999563399997,2.010909080505371
13098,68768,106.53750229229999,20.424999563399997,3.342954397201538
13098,68769,106.54166895899999,20.424999563399997,3.4800000190734863
13098,68770,106.5458356257,20.424999563399997,2.7525579929351807
13098,68771,106.5500022924,20.424999563399997,2.1297435760498047
13098,68772,106.5541689591,20.424999563399997,1.9692680835723877
13098,68773,106.5583356258,20.424999563399997,1.509069800376892
13098,68774,106.56250229249999,20.424999563399997,1.3038461208343506
13098,68775,106.56666895919999,20.424999563399997,1.4178378582000732
13098,68776,106.57083562589999,20.424999563399997,1.562000036239624
13098,68777,106.57500229259999,20.424999563399997,1.883500099182129
13098,68778,106.57916895929999,20.424999563399997,2.1317074298858643
13098,68779,106.583335626,20.424999563399997,1.702162265777588
13098,68780,106.5875022927,20.424999563399997,1.424594521522522
13098,68781,106.5916689594,20.424999563399997,1.7032501697540283
13098,68782,106.5958356261,20.424999563399997,1.395609736442566
13098,68783,106.60000229279999,20.424999563399997,1.3817499876022339
13098,68784,106.60416895949999,20.424999563399997,1.4541025161743164
13098,68785,106.60833562619999,20.424999563399997,1.1033333539962769
13099,68690,106.2125022897,20.420832896699995,7.001320838928223
13099,68691,106.21666895639999,20.420832896699995,7.961110591888428
13099,68692,106.22083562309999,20.420832896699995,8.504444122314453
13099,68693,106.22500228979999,20.420832896699995,6.524705410003662
13099,68694,106.22916895649999,20.420832896699995,5.281321048736572
13099,68695,106.23333562319999,20.420832896699995,4.4518866539001465
13099,68696,106.2375022899,20.420832896699995,3.863818407058716
13099,68697,106.2416689566,20.420832896699995,3.711111307144165
13099,68698,106.2458356233,20.420832896699995,3.714905261993408
13099,68699,106.25000229,20.420832896699995,3.6798038482666016
13099,68700,106.2541689567,20.420832896699995,3.2450907230377197
13099,68701,106.25833562339999,20.420832896699995,2.9109673500061035
13099,68702,106.26250229009999,20.420832896699995,2.7739346027374268
13099,68703,106.26666895679999,20.420832896699995,2.7090001106262207
13099,68704,106.27083562349999,20.420832896699995,2.7555930614471436
13099,68705,106.27500229019999,20.420832896699995,2.5357375144958496
13099,68706,106.2791689569,20.420832896699995,2.7796669006347656
13099,68707,106.2833356236,20.420832896699995,3.010655641555786
13099,68708,106.2875022903,20.420832896699995,2.6220335960388184
13099,68709,106.291668957,20.420832896699995,2.3187718391418457
13099,68710,106.29583562369999,20.420832896699995,2.505964756011963
13099,68711,106.30000229039999,20.420832896699995,2.7137930393218994
13099,68712,106.30416895709999,20.420832896699995,2.944833278656006
13099,68713,106.30833562379999,20.420832896699995,3.3077964782714844
13099,68714,106.31250229049999,20.420832896699995,3.371785879135132
13099,68715,106.3166689572,20.420832896699995,2.8055360317230225
13099,68716,106.3208356239,20.420832896699995,2.989999771118164
13099,68717,106.3250022906,20.420832896699995,4.27684211730957
13099,68718,106.3291689573,20.420832896699995,5.367166519165039
13099,68719,106.33333562399999,20.420832896699995,5.852258205413818
13099,68720,106.33750229069999,20.420832896699995,6.781290531158447
13099,68721,106.34166895739999,20.420832896699995,9.491612434387207
13099,68722,106.34583562409999,20.420832896699995,13.581587791442871
13099,68723,106.35000229079999,20.420832896699995,10.729032516479492
13099,68724,106.3541689575,20.420832896699995,5.771000385284424
13099,68725,106.3583356242,20.420832896699995,3.9660658836364746
13099,68726,106.3625022909,20.420832896699995,3.384838819503784
13099,68727,106.3666689576,20.420832896699995,3.2898361682891846
13099,68728,106.37083562429999,20.420832896699995,3.799999952316284
13099,68729,106.37500229099999,20.420832896699995,3.915573835372925
13099,68730,106.37916895769999,20.420832896699995,3.22017240524292
13099,68731,106.38333562439999,20.420832896699995,2.7857143878936768
13099,68732,106.38750229109999,20.420832896699995,2.9798214435577393
13099,68733,106.3916689578,20.420832896699995,2.852105140686035
13099,68734,106.3958356245,20.420832896699995,2.5907013416290283
13099,68735,106.4000022912,20.420832896699995,2.643684148788452
13099,68736,106.4041689579,20.420832896699995,2.5486204624176025
13099,68737,106.40833562459999,20.420832896699995,1.9683334827423096
13099,68738,106.41250229129999,20.420832896699995,1.9891525506973267
13099,68739,106.41666895799999,20.420832896699995,2.003148317337036
13099,68740,106.42083562469999,20.420832896699995,1.8174545764923096
13099,68741,106.42500229139999,20.420832896699995,1.6108622550964355
13099,68742,106.42916895809999,20.420832896699995,1.4927586317062378
13099,68743,106.4333356248,20.420832896699995,1.5458929538726807
13099,68744,106.4375022915,20.420832896699995,1.6123636960983276
13099,68745,106.4416689582,20.420832896699995,1.9830189943313599
13099,68746,106.4458356249,20.420832896699995,1.9448144435882568
13099,68747,106.45000229159999,20.420832896699995,1.6748214960098267
13099,68748,106.45416895829999,20.420832896699995,1.539454460144043
13099,68749,106.45833562499999,20.420832896699995,1.6464284658432007
13099,68750,106.46250229169999,20.420832896699995,1.7128571271896362
13099,68751,106.46666895839999,20.420832896699995,1.664528489112854
13099,68752,106.4708356251,20.420832896699995,1.6131482124328613
13099,68753,106.4750022918,20.420832896699995,1.551836609840393
13099,68754,106.4791689585,20.420832896699995,1.7642500400543213
13099,68755,106.4833356252,20.420832896699995,1.8549998998641968
13099,68756,106.48750229189999,20.420832896699995,1.6500000953674316
13099,68757,106.49166895859999,20.420832896699995,1.793809413909912
13099,68758,106.49583562529999,20.420832896699995,1.83414626121521
13099,68759,106.50000229199999,20.420832896699995,1.9863636493682861
13099,68760,106.50416895869999,20.420832896699995,2.271777629852295
13099,68761,106.5083356254,20.420832896699995,2.463777780532837
13099,68762,106.5125022921,20.420832896699995,2.372666358947754
13099,68763,106.5166689588,20.420832896699995,2.616304397583008
13099,68764,106.5208356255,20.420832896699995,3.075777769088745
13099,68765,106.52500229219999,20.420832896699995,2.313408851623535
13099,68766,106.52916895889999,20.420832896699995,1.703409194946289
13099,68767,106.53333562559999,20.420832896699995,2.0372095108032227
13099,68768,106.53750229229999,20.420832896699995,3.1827902793884277
13099,68769,106.54166895899999,20.420832896699995,3.503720998764038
13099,68770,106.5458356257,20.420832896699995,2.424285650253296
13099,68771,106.5500022924,20.420832896699995,1.7990244626998901
13099,68772,106.5541689591,20.420832896699995,1.4149999618530273
13099,68773,106.5583356258,20.420832896699995,1.2736585140228271
13099,68774,106.56250229249999,20.420832896699995,1.155640959739685
13099,68775,106.56666895919999,20.420832896699995,1.1281579732894897
13099,68776,106.57083562589999,20.420832896699995,1.1072499752044678
13099,68777,106.57500229259999,20.420832896699995,1.434249997138977
13099,68778,106.57916895929999,20.420832896699995,1.7087501287460327
13099,68779,106.583335626,20.420832896699995,1.484594464302063
13099,68780,106.5875022927,20.420832896699995,1.4097367525100708
13099,68781,106.5916689594,20.420832896699995,1.4865000247955322
13099,68782,106.5958356261,20.420832896699995,1.4139024019241333
13099,68783,106.60000229279999,20.420832896699995,1.2419512271881104
13099,68784,106.60416895949999,20.420832896699995,0.9754999876022339
13099,68785,106.60833562619999,20.420832896699995,0.9442499876022339
13100,68691,106.21666895639999,20.416666229999997,5.746428489685059
13100,68692,106.22083562309999,20.416666229999997,6.364908695220947
13100,68693,106.22500228979999,20.416666229999997,5.477924346923828
13100,68694,106.22916895649999,20.416666229999997,4.593018531799316
13100,68695,106.23333562319999,20.416666229999997,4.172181606292725
13100,68696,106.2375022899,20.416666229999997,4.004464626312256
13100,68697,106.2416689566,20.416666229999997,3.986666679382324
13100,68698,106.2458356233,20.416666229999997,3.8770370483398438
13100,68699,106.25000229,20.416666229999997,3.8455770015716553
13100,68700,106.2541689567,20.416666229999997,3.431090831756592
13100,68701,106.25833562339999,20.416666229999997,2.963275671005249
13100,68702,106.26250229009999,20.416666229999997,2.6967241764068604
13100,68703,106.26666895679999,20.416666229999997,2.5231034755706787
13100,68704,106.27083562349999,20.416666229999997,2.3305001258850098
13100,68705,106.27500229019999,20.416666229999997,2.3458731174468994
13100,68706,106.2791689569,20.416666229999997,2.4969840049743652
13100,68707,106.2833356236,20.416666229999997,2.263064384460449
13100,68708,106.2875022903,20.416666229999997,2.035081624984741
13100,68709,106.291668957,20.416666229999997,2.144444465637207
13100,68710,106.29583562369999,20.416666229999997,2.863050699234009
13100,68711,106.30000229039999,20.416666229999997,3.510500192642212
13100,68712,106.30416895709999,20.416666229999997,2.9585001468658447
13100,68713,106.30833562379999,20.416666229999997,2.9099998474121094
13100,68714,106.31250229049999,20.416666229999997,2.9176788330078125
13100,68715,106.3166689572,20.416666229999997,2.658245325088501
13100,68716,106.3208356239,20.416666229999997,2.9700000286102295
13100,68717,106.3250022906,20.416666229999997,3.798032760620117
13100,68718,106.3291689573,20.416666229999997,4.484677314758301
13100,68719,106.33333562399999,20.416666229999997,4.482295513153076
13100,68720,106.33750229069999,20.416666229999997,5.7444257736206055
13100,68721,106.34166895739999,20.416666229999997,7.199193000793457
13100,68722,106.34583562409999,20.416666229999997,8.799516677856445
13100,68723,106.35000229079999,20.416666229999997,7.286612510681152
13100,68724,106.3541689575,20.416666229999997,5.242332935333252
13100,68725,106.3583356242,20.416666229999997,4.10080623626709
13100,68726,106.3625022909,20.416666229999997,3.036290407180786
13100,68727,106.3666689576,20.416666229999997,2.967377185821533
13100,68728,106.37083562429999,20.416666229999997,4.028852462768555
13100,68729,106.37500229099999,20.416666229999997,4.700000286102295
13100,68730,106.37916895769999,20.416666229999997,4.236908912658691
13100,68731,106.38333562439999,20.416666229999997,3.2178945541381836
13100,68732,106.38750229109999,20.416666229999997,2.850172281265259
13100,68733,106.3916689578,20.416666229999997,2.615689754486084
13100,68734,106.3958356245,20.416666229999997,2.1394736766815186
13100,68735,106.4000022912,20.416666229999997,2.2334485054016113
13100,68736,106.4041689579,20.416666229999997,2.6334481239318848
13100,68737,106.40833562459999,20.416666229999997,2.491896629333496
13100,68738,106.41250229129999,20.416666229999997,2.20245623588562
13100,68739,106.41666895799999,20.416666229999997,1.8283635377883911
13100,68740,106.42083562469999,20.416666229999997,1.6720688343048096
13100,68741,106.42500229139999,20.416666229999997,1.6118966341018677
13100,68742,106.42916895809999,20.416666229999997,1.5372414588928223
13100,68743,106.4333356248,20.416666229999997,1.5314544439315796
13100,68744,106.4375022915,20.416666229999997,1.7694445848464966
13100,68745,106.4416689582,20.416666229999997,2.1951851844787598
13100,68746,106.4458356249,20.416666229999997,2.1961817741394043
13100,68747,106.45000229159999,20.416666229999997,1.8280702829360962
13100,68748,106.45416895829999,20.416666229999997,1.725714087486267
13100,68749,106.45833562499999,20.416666229999997,2.013272762298584
13100,68750,106.46250229169999,20.416666229999997,2.197636604309082
13100,68751,106.46666895839999,20.416666229999997,1.875
13100,68752,106.4708356251,20.416666229999997,1.4650909900665283
13100,68753,106.4750022918,20.416666229999997,1.3934693336486816
13100,68754,106.4791689585,20.416666229999997,1.43756103515625
13100,68755,106.4833356252,20.416666229999997,1.5412499904632568
13100,68756,106.48750229189999,20.416666229999997,2.5184998512268066
13100,68757,106.49166895859999,20.416666229999997,3.4412193298339844
13100,68758,106.49583562529999,20.416666229999997,3.2022500038146973
13100,68759,106.50000229199999,20.416666229999997,3.0863637924194336
13100,68760,106.50416895869999,20.416666229999997,3.2162225246429443
13100,68761,106.5083356254,20.416666229999997,3.1020455360412598
13100,68762,106.5125022921,20.416666229999997,2.935227155685425
13100,68763,106.5166689588,20.416666229999997,2.606304407119751
13100,68764,106.5208356255,20.416666229999997,2.4297728538513184
13100,68765,106.52500229219999,20.416666229999997,2.1315557956695557
13100,68766,106.52916895889999,20.416666229999997,1.7093180418014526
13100,68767,106.53333562559999,20.416666229999997,1.74399995803833
13100,68768,106.53750229229999,20.416666229999997,2.4825003147125244
13100,68769,106.54166895899999,20.416666229999997,3.066666841506958
13100,68770,106.5458356257,20.416666229999997,2.844090700149536
13100,68771,106.5500022924,20.416666229999997,2.0054545402526855
13100,68772,106.5541689591,20.416666229999997,1.5119999647140503
13100,68773,106.5583356258,20.416666229999997,1.2364286184310913
13100,68774,106.56250229249999,20.416666229999997,0.0
13100,68775,106.56666895919999,20.416666229999997,0.0
13100,68776,106.57083562589999,20.416666229999997,1.0289742946624756
13100,68777,106.57500229259999,20.416666229999997,1.2265852689743042
13100,68778,106.57916895929999,20.416666229999997,1.4528571367263794
13100,68779,106.583335626,20.416666229999997,1.2643588781356812
13100,68780,106.5875022927,20.416666229999997,1.1102631092071533
13100,68781,106.5916689594,20.416666229999997,1.1323684453964233
13100,68782,106.5958356261,20.416666229999997,0.9957500696182251
13100,68783,106.60000229279999,20.416666229999997,0.8818604350090027
13100,68784,106.60416895949999,20.416666229999997,0.7752273082733154
13101,68692,106.22083562309999,20.412499563299995,4.592777729034424
13101,68693,106.22500228979999,20.412499563299995,4.320555686950684
13101,68694,106.22916895649999,20.412499563299995,3.9725000858306885
13101,68695,106.23333562319999,20.412499563299995,3.9735851287841797
13101,68696,106.2375022899,20.412499563299995,4.264464378356934
13101,68697,106.2416689566,20.412499563299995,4.172280788421631
13101,68698,106.2458356233,20.412499563299995,3.7094643115997314
13101,68699,106.25000229,20.412499563299995,3.3560004234313965
13101,68700,106.2541689567,20.412499563299995,3.216949224472046
13101,68701,106.25833562339999,20.412499563299995,2.8949122428894043
13101,68702,106.26250229009999,20.412499563299995,2.721724510192871
13101,68703,106.26666895679999,20.412499563299995,2.523559331893921
13101,68704,106.27083562349999,20.412499563299995,2.452833414077759
13101,68705,106.27500229019999,20.412499563299995,2.630483865737915
13101,68706,106.2791689569,20.412499563299995,2.480327844619751
13101,68707,106.2833356236,20.412499563299995,1.9967213869094849
13101,68708,106.2875022903,20.412499563299995,1.8937097787857056
13101,68709,106.291668957,20.412499563299995,2.149846076965332
13101,68710,106.29583562369999,20.412499563299995,2.8483335971832275
13101,68711,106.30000229039999,20.412499563299995,3.5215251445770264
13101,68712,106.30416895709999,20.412499563299995,2.808499574661255
13101,68713,106.30833562379999,20.412499563299995,2.3446552753448486
13101,68714,106.31250229049999,20.412499563299995,2.6408772468566895
13101,68715,106.3166689572,20.412499563299995,2.736379384994507
13101,68716,106.3208356239,20.412499563299995,2.674999952316284
13101,68717,106.3250022906,20.412499563299995,2.918360471725464
13101,68718,106.3291689573,20.412499563299995,3.0670969486236572
13101,68719,106.33333562399999,20.412499563299995,3.37666654586792
13101,68720,106.33750229069999,20.412499563299995,3.703709840774536
13101,68721,106.34166895739999,20.412499563299995,4.45539665222168
13101,68722,106.34583562409999,20.412499563299995,4.758094787597656
13101,68723,106.35000229079999,20.412499563299995,6.135573387145996
13101,68724,106.3541689575,20.412499563299995,5.218032360076904
13101,68725,106.3583356242,20.412499563299995,3.928889274597168
13101,68726,106.3625022909,20.412499563299995,2.9161903858184814
13101,68727,106.3666689576,20.412499563299995,2.9370312690734863
13101,68728,106.37083562429999,20.412499563299995,3.811000108718872
13101,68729,106.37500229099999,20.412499563299995,4.613928318023682
13101,68730,106.37916895769999,20.412499563299995,4.094642639160156
13101,68731,106.38333562439999,20.412499563299995,3.1966071128845215
13101,68732,106.38750229109999,20.412499563299995,2.364210367202759
13101,68733,106.3916689578,20.412499563299995,1.9943102598190308
13101,68734,106.3958356245,20.412499563299995,1.9329310655593872
13101,68735,106.4000022912,20.412499563299995,2.0187718868255615
13101,68736,106.4041689579,20.412499563299995,2.539482831954956
13101,68737,106.40833562459999,20.412499563299995,2.8956141471862793
13101,68738,106.41250229129999,20.412499563299995,2.4341070652008057
13101,68739,106.41666895799999,20.412499563299995,1.8655171394348145
13101,68740,106.42083562469999,20.412499563299995,1.6931034326553345
13101,68741,106.42500229139999,20.412499563299995,1.7952631711959839
13101,68742,106.42916895809999,20.412499563299995,1.879107117652893
13101,68743,106.4333356248,20.412499563299995,1.809999942779541
13101,68744,106.4375022915,20.412499563299995,1.7612727880477905
13101,68745,106.4416689582,20.412499563299995,1.9053571224212646
13101,68746,106.4458356249,20.412499563299995,1.9587273597717285
13101,68747,106.45000229159999,20.412499563299995,1.6568421125411987
13101,68748,106.45416895829999,20.412499563299995,1.8471428155899048
13101,68749,106.45833562499999,20.412499563299995,2.341428756713867
13101,68750,106.46250229169999,20.412499563299995,2.520526170730591
13101,68751,106.46666895839999,20.412499563299995,1.811052680015564
13101,68752,106.4708356251,20.412499563299995,1.541090965270996
13101,68753,106.4750022918,20.412499563299995,0.0
13101,68754,106.4791689585,20.412499563299995,0.0
13101,68755,106.4833356252,20.412499563299995,1.5762498378753662
13101,68756,106.48750229189999,20.412499563299995,3.3965001106262207
13101,68757,106.49166895859999,20.412499563299995,5.026999473571777
13101,68758,106.49583562529999,20.412499563299995,4.51800012588501
13101,68759,106.50000229199999,20.412499563299995,4.520237922668457
13101,68760,106.50416895869999,20.412499563299995,6.030975341796875
13101,68761,106.5083356254,20.412499563299995,5.03749942779541
13101,68762,106.5125022921,20.412499563299995,3.696000099182129
13101,68763,106.5166689588,20.412499563299995,3.385681390762329
13101,68764,106.5208356255,20.412499563299995,3.1740474700927734
13101,68765,106.52500229219999,20.412499563299995,2.430000066757202
13101,68766,106.52916895889999,20.412499563299995,1.973181962966919
13101,68767,106.53333562559999,20.412499563299995,1.8097726106643677
13101,68768,106.53750229229999,20.412499563299995,2.517674446105957
13101,68769,106.54166895899999,20.412499563299995,3.331190586090088
13101,68770,106.5458356257,20.412499563299995,2.996363639831543
13101,68771,106.5500022924,20.412499563299995,2.0088372230529785
13101,68772,106.5541689591,20.412499563299995,1.472954511642456
13101,68773,106.5583356258,20.412499563299995,1.3227273225784302
13101,68774,106.56250229249999,20.412499563299995,0.0
13101,68775,106.56666895919999,20.412499563299995,0.0
13101,68776,106.57083562589999,20.412499563299995,0.0
13101,68777,106.57500229259999,20.412499563299995,1.1587499380111694
13101,68778,106.57916895929999,20.412499563299995,1.1970731019973755
13101,68779,106.583335626,20.412499563299995,1.1280488967895508
13101,68780,106.5875022927,20.412499563299995,1.2082499265670776
13101,68781,106.5916689594,20.412499563299995,1.1871795654296875
13101,68782,106.5958356261,20.412499563299995,0.9356409907341003
13101,68783,106.60000229279999,20.412499563299995,0.0
13101,68784,106.60416895949999,20.412499563299995,0.0
13102,68694,106.22916895649999,20.408332896599997,3.661320447921753
13102,68695,106.23333562319999,20.408332896599997,3.5107409954071045
13102,68696,106.2375022899,20.408332896599997,3.3861405849456787
13102,68697,106.2416689566,20.408332896599997,3.321206569671631
13102,68698,106.2458356233,20.408332896599997,2.902280569076538
13102,68699,106.25000229,20.408332896599997,2.7501697540283203
13102,68700,106.2541689567,20.408332896599997,2.7482454776763916
13102,68701,106.25833562339999,20.408332896599997,2.323157787322998
13102,68702,106.26250229009999,20.408332896599997,2.277068853378296
13102,68703,106.26666895679999,20.408332896599997,2.237741708755493
13102,68704,106.27083562349999,20.408332896599997,2.3410000801086426
13102,68705,106.27500229019999,20.408332896599997,2.6025424003601074
13102,68706,106.2791689569,20.408332896599997,2.4096553325653076
13102,68707,106.2833356236,20.408332896599997,2.0321426391601562
13102,68708,106.2875022903,20.408332896599997,2.0276269912719727
13102,68709,106.291668957,20.408332896599997,2.099365234375
13102,68710,106.29583562369999,20.408332896599997,2.717705011367798
13102,68711,106.30000229039999,20.408332896599997,3.4248273372650146
13102,68712,106.30416895709999,20.408332896599997,2.8561017513275146
13102,68713,106.30833562379999,20.408332896599997,2.3315792083740234
13102,68714,106.31250229049999,20.408332896599997,2.6170175075531006
13102,68715,106.3166689572,20.408332896599997,2.838275671005249
13102,68716,106.3208356239,20.408332896599997,2.654576539993286
13102,68717,106.3250022906,20.408332896599997,2.742950916290283
13102,68718,106.3291689573,20.408332896599997,2.750333547592163
13102,68719,106.33333562399999,20.408332896599997,2.777777671813965
13102,68720,106.33750229069999,20.408332896599997,2.871129035949707
13102,68721,106.34166895739999,20.408332896599997,3.08203125
13102,68722,106.34583562409999,20.408332896599997,3.461904525756836
13102,68723,106.35000229079999,20.408332896599997,4.234838485717773
13102,68724,106.3541689575,20.408332896599997,4.886290550231934
13102,68725,106.3583356242,20.408332896599997,3.8079686164855957
13102,68726,106.3625022909,20.408332896599997,2.9255383014678955
13102,68727,106.3666689576,20.408332896599997,2.8829689025878906
13102,68728,106.37083562429999,20.408332896599997,2.939833641052246
13102,68729,106.37500229099999,20.408332896599997,3.242241382598877
13102,68730,106.37916895769999,20.408332896599997,3.0991804599761963
13102,68731,106.38333562439999,20.408332896599997,3.193389892578125
13102,68732,106.38750229109999,20.408332896599997,2.621333360671997
13102,68733,106.3916689578,20.408332896599997,2.4028573036193848
13102,68734,106.3958356245,20.408332896599997,2.221250057220459
13102,68735,106.4000022912,20.408332896599997,2.14892840385437
13102,68736,106.4041689579,20.408332896599997,2.453859567642212
13102,68737,106.40833562459999,20.408332896599997,2.5656142234802246
13102,68738,106.41250229129999,20.408332896599997,2.2082455158233643
13102,68739,106.41666895799999,20.408332896599997,1.922363519668579
13102,68740,106.42083562469999,20.408332896599997,1.8544644117355347
13102,68741,106.42500229139999,20.408332896599997,2.0087273120880127
13102,68742,106.42916895809999,20.408332896599997,2.084629535675049
13102,68743,106.4333356248,20.408332896599997,1.9757691621780396
13102,68744,106.4375022915,20.408332896599997,1.7756603956222534
13102,68745,106.4416689582,20.408332896599997,1.7715383768081665
13102,68746,106.4458356249,20.408332896599997,2.53709077835083
13102,68747,106.45000229159999,20.408332896599997,2.295090913772583
13102,68748,106.45416895829999,20.408332896599997,2.3274543285369873
13102,68749,106.45833562499999,20.408332896599997,2.743103504180908
13102,68750,106.46250229169999,20.408332896599997,2.616499900817871
13102,68751,106.46666895839999,20.408332896599997,1.958392858505249
13102,68752,106.4708356251,20.408332896599997,1.727450966835022
13102,68753,106.4750022918,20.408332896599997,1.9057778120040894
13102,68754,106.4791689585,20.408332896599997,1.7023077011108398
13102,68755,106.4833356252,20.408332896599997,1.7443588972091675
13102,68756,106.48750229189999,20.408332896599997,2.9852499961853027
13102,68757,106.49166895859999,20.408332896599997,3.991999864578247
13102,68758,106.49583562529999,20.408332896599997,4.117948532104492
13102,68759,106.50000229199999,20.408332896599997,7.6217498779296875
13102,68760,106.50416895869999,20.408332896599997,9.8756103515625
13102,68761,106.5083356254,20.408332896599997,9.251627922058105
13102,68762,106.5125022921,20.408332896599997,5.696136474609375
13102,68763,106.5166689588,20.408332896599997,5.4061360359191895
13102,68764,106.5208356255,20.408332896599997,5.5104546546936035
13102,68765,106.52500229219999,20.408332896599997,4.341627597808838
13102,68766,106.52916895889999,20.408332896599997,2.7959089279174805
13102,68767,106.53333562559999,20.408332896599997,2.2950000762939453
13102,68768,106.53750229229999,20.408332896599997,2.6002326011657715
13102,68769,106.54166895899999,20.408332896599997,3.2381820678710938
13102,68770,106.5458356257,20.408332896599997,2.8242225646972656
13102,68771,106.5500022924,20.408332896599997,1.8522727489471436
13102,68772,106.5541689591,20.408332896599997,1.5172094106674194
13102,68773,106.5583356258,20.408332896599997,1.3399999141693115
13102,68774,106.56250229249999,20.408332896599997,1.299302339553833
13102,68775,106.56666895919999,20.408332896599997,1.0965853929519653
13102,68776,106.57083562589999,20.408332896599997,1.090000033378601
13102,68777,106.57500229259999,20.408332896599997,1.1589999198913574
13102,68778,106.57916895929999,20.408332896599997,1.1983332633972168
13102,68779,106.583335626,20.408332896599997,1.122499942779541
13102,68780,106.5875022927,20.408332896599997,1.369499921798706
13102,68781,106.5916689594,20.408332896599997,1.274871826171875
13102,68782,106.5958356261,20.408332896599997,0.9160000085830688
13102,68783,106.60000229279999,20.408332896599997,0.0
13103,68705,106.27500229019999,20.404166229899996,1.9790163040161133
13103,68706,106.2791689569,20.404166229899996,1.9771928787231445
13103,68707,106.2833356236,20.404166229899996,2.085925817489624
13103,68708,106.2875022903,20.404166229899996,2.4382145404815674
13103,68709,106.291668957,20.404166229899996,2.5586438179016113
13103,68710,106.29583562369999,20.404166229899996,2.504310369491577
13103,68711,106.30000229039999,20.404166229899996,2.890526294708252
13103,68712,106.30416895709999,20.404166229899996,2.6966071128845215
13103,68713,106.30833562379999,20.404166229899996,2.281071424484253
13103,68714,106.31250229049999,20.404166229899996,2.3605458736419678
13103,68715,106.3166689572,20.404166229899996,2.426896572113037
13103,68716,106.3208356239,20.404166229899996,2.406379461288452
13103,68717,106.3250022906,20.404166229899996,2.3142619132995605
13103,68718,106.3291689573,20.404166229899996,2.089322090148926
13103,68719,106.33333562399999,20.404166229899996,2.001128911972046
13103,68720,106.33750229069999,20.404166229899996,1.9943548440933228
13103,68721,106.34166895739999,20.404166229899996,2.259999990463257
13103,68722,106.34583562409999,20.404166229899996,2.567868709564209
13103,68723,106.35000229079999,20.404166229899996,2.907377243041992
13103,68724,106.3541689575,20.404166229899996,3.661774158477783
13103,68725,106.3583356242,20.404166229899996,3.470952033996582
13103,68726,106.3625022909,20.404166229899996,2.6287691593170166
13103,68727,106.3666689576,20.404166229899996,2.3304758071899414
13103,68728,106.37083562429999,20.404166229899996,2.187741994857788
13103,68729,106.37500229099999,20.404166229899996,2.2257378101348877
13103,68730,106.37916895769999,20.404166229899996,2.934666633605957
13103,68731,106.38333562439999,20.404166229899996,3.561774492263794
13103,68732,106.38750229109999,20.404166229899996,3.573559284210205
13103,68733,106.3916689578,20.404166229899996,3.3791072368621826
13103,68734,106.3958356245,20.404166229899996,2.7955358028411865
13103,68735,106.4000022912,20.404166229899996,2.207894802093506
13103,68736,106.4041689579,20.404166229899996,2.2601754665374756
13103,68737,106.40833562459999,20.404166229899996,2.358275890350342
13103,68738,106.41250229129999,20.404166229899996,2.2196428775787354
13103,68739,106.41666895799999,20.404166229899996,2.1347458362579346
13103,68740,106.42083562469999,20.404166229899996,2.1584482192993164
13103,68741,106.42500229139999,20.404166229899996,2.108750104904175
13103,68742,106.42916895809999,20.404166229899996,1.9061819314956665
13103,68743,106.4333356248,20.404166229899996,1.7941819429397583
13103,68744,106.4375022915,20.404166229899996,1.8342103958129883
13103,68745,106.4416689582,20.404166229899996,2.656909227371216
13103,68746,106.4458356249,20.404166229899996,3.742307424545288
13103,68747,106.45000229159999,20.404166229899996,3.5123634338378906
13103,68748,106.45416895829999,20.404166229899996,2.9023213386535645
13103,68749,106.45833562499999,20.404166229899996,2.659827470779419
13103,68750,106.46250229169999,20.404166229899996,2.315636157989502
13103,68751,106.46666895839999,20.404166229899996,1.8548215627670288
13103,68752,106.4708356251,20.404166229899996,1.8679629564285278
13103,68753,106.4750022918,20.404166229899996,2.4995834827423096
13103,68754,106.4791689585,20.404166229899996,2.4297499656677246
13103,68755,106.4833356252,20.404166229899996,2.4510254859924316
13103,68756,106.48750229189999,20.404166229899996,2.730475902557373
13103,68757,106.49166895859999,20.404166229899996,3.297499895095825
13103,68758,106.49583562529999,20.404166229899996,5.369000434875488
13103,68759,106.50000229199999,20.404166229899996,10.187561988830566
13103,68760,106.50416895869999,20.404166229899996,11.973572731018066
13103,68761,106.5083356254,20.404166229899996,10.256340980529785
13103,68762,106.5125022921,20.404166229899996,7.5616278648376465
13103,68763,106.5166689588,20.404166229899996,8.04581356048584
13103,68764,106.5208356255,20.404166229899996,8.492888450622559
13103,68765,106.52500229219999,20.404166229899996,5.671777725219727
13103,68766,106.52916895889999,20.404166229899996,3.8813636302948
13103,68767,106.53333562559999,20.404166229899996,2.7562787532806396
13103,68768,106.53750229229999,20.404166229899996,2.64418625831604
13103,68769,106.54166895899999,20.404166229899996,3.344418525695801
13103,68770,106.5458356257,20.404166229899996,3.2713332176208496
13103,68771,106.5500022924,20.404166229899996,2.0295653343200684
13103,68772,106.5541689591,20.404166229899996,1.6657142639160156
13103,68773,106.5583356258,20.404166229899996,1.3526190519332886
13103,68774,106.56250229249999,20.404166229899996,1.2747619152069092
13103,68775,106.56666895919999,20.404166229899996,1.3323255777359009
13103,68776,106.57083562589999,20.404166229899996,1.2060974836349487
13103,68777,106.57500229259999,20.404166229899996,1.2776191234588623
13103,68778,106.57916895929999,20.404166229899996,1.4221428632736206
13103,68779,106.583335626,20.404166229899996,1.4797435998916626
13103,68780,106.5875022927,20.404166229899996,1.6462161540985107
13103,68781,106.5916689594,20.404166229899996,1.2481578588485718
13103,68782,106.5958356261,20.404166229899996,0.8489474058151245
13104,68707,106.2833356236,20.399999563199998,1.9018964767456055
13104,68708,106.2875022903,20.399999563199998,2.3094913959503174
13104,68709,106.291668957,20.399999563199998,2.5013792514801025
13104,68710,106.29583562369999,20.399999563199998,2.4012279510498047
13104,68711,106.30000229039999,20.399999563199998,2.555263042449951
13104,68712,106.30416895709999,20.399999563199998,2.979473829269409
13104,68713,106.30833562379999,20.399999563199998,2.453275442123413
13104,68714,106.31250229049999,20.399999563199998,2.323965311050415
13104,68715,106.3166689572,20.399999563199998,2.3922033309936523
13104,68716,106.3208356239,20.399999563199998,2.2594997882843018
13104,68717,106.3250022906,20.399999563199998,2.2679660320281982
13104,68718,106.3291689573,20.399999563199998,2.1591227054595947
13104,68719,106.33333562399999,20.399999563199998,2.0738332271575928
13104,68720,106.33750229069999,20.399999563199998,1.8584998846054077
13104,68721,106.34166895739999,20.399999563199998,1.9153332710266113
13104,68722,106.34583562409999,20.399999563199998,2.1886441707611084
13104,68723,106.35000229079999,20.399999563199998,2.556885242462158
13104,68724,106.3541689575,20.399999563199998,2.660163640975952
13104,68725,106.3583356242,20.399999563199998,2.711186408996582
13104,68726,106.3625022909,20.399999563199998,2.290806531906128
13104,68727,106.3666689576,20.399999563199998,1.9561667442321777
13104,68728,106.37083562429999,20.399999563199998,2.0152459144592285
13104,68729,106.37500229099999,20.399999563199998,2.1435482501983643
13104,68730,106.37916895769999,20.399999563199998,2.5598435401916504
13104,68731,106.38333562439999,20.399999563199998,3.680952310562134
13104,68732,106.38750229109999,20.399999563199998,4.461551666259766
13104,68733,106.3916689578,20.399999563199998,3.9685966968536377
13104,68734,106.3958356245,20.399999563199998,3.1064913272857666
13104,68735,106.4000022912,20.399999563199998,2.6236839294433594
13104,68736,106.4041689579,20.399999563199998,2.7171432971954346
13104,68737,106.40833562459999,20.399999563199998,2.7074999809265137
13104,68738,106.41250229129999,20.399999563199998,2.4634547233581543
13104,68739,106.41666895799999,20.399999563199998,2.52571439743042
13104,68740,106.42083562469999,20.399999563199998,2.428792715072632
13104,68741,106.42500229139999,20.399999563199998,2.135535955429077
13104,68742,106.42916895809999,20.399999563199998,1.8438180685043335
13104,68743,106.4333356248,20.399999563199998,1.8881819248199463
13104,68744,106.4375022915,20.399999563199998,2.545818328857422
13104,68745,106.4416689582,20.399999563199998,3.366415023803711
13104,68746,106.4458356249,20.399999563199998,3.7873077392578125
13104,68747,106.45000229159999,20.399999563199998,3.14018177986145
13104,68748,106.45416895829999,20.399999563199998,2.388000011444092
13104,68749,106.45833562499999,20.399999563199998,2.2176783084869385
13104,68750,106.46250229169999,20.399999563199998,1.981481671333313
13104,68751,106.46666895839999,20.399999563199998,1.8300000429153442
13104,68752,106.4708356251,20.399999563199998,2.326909065246582
13104,68753,106.4750022918,20.399999563199998,3.9225001335144043
13104,68754,106.4791689585,20.399999563199998,3.9311904907226562
13104,68755,106.4833356252,20.399999563199998,3.692439079284668
13104,68756,106.48750229189999,20.399999563199998,3.5069050788879395
13104,68757,106.49166895859999,20.399999563199998,4.1964287757873535
13104,68758,106.49583562529999,20.399999563199998,6.59499979019165
13104,68759,106.50000229199999,20.399999563199998,9.756905555725098
13104,68760,106.50416895869999,20.399999563199998,10.174883842468262
13104,68761,106.5083356254,20.399999563199998,8.60511589050293
13104,68762,106.5125022921,20.399999563199998,8.898666381835938
13104,68763,106.5166689588,20.399999563199998,12.476136207580566
13104,68764,106.5208356255,20.399999563199998,15.519513130187988
13104,68765,106.52500229219999,20.399999563199998,12.933500289916992
13104,68766,106.52916895889999,20.399999563199998,9.905499458312988
13104,68767,106.53333562559999,20.399999563199998,7.112750053405762
13104,68768,106.53750229229999,20.399999563199998,3.804666757583618
13104,68769,106.54166895899999,20.399999563199998,4.02681827545166
13104,68770,106.5458356257,20.399999563199998,3.877500057220459
13104,68771,106.5500022924,20.399999563199998,2.6065115928649902
13104,68772,106.5541689591,20.399999563199998,1.868749976158142
13104,68773,106.5583356258,20.399999563199998,1.483095407485962
13104,68774,106.56250229249999,20.399999563199998,1.4887804985046387
13104,68775,106.56666895919999,20.399999563199998,1.5379071235656738
13104,68776,106.57083562589999,20.399999563199998,1.4624390602111816
13104,68777,106.57500229259999,20.399999563199998,1.6156096458435059
13104,68778,106.57916895929999,20.399999563199998,2.0859999656677246
13104,68779,106.583335626,20.399999563199998,2.0408108234405518
13104,68780,106.5875022927,20.399999563199998,1.8711111545562744
13104,68781,106.5916689594,20.399999563199998,1.2264865636825562
13104,68782,106.5958356261,20.399999563199998,0.8826315999031067
13105,68708,106.2875022903,20.395832896499996,2.0181968212127686
13105,68709,106.291668957,20.395832896499996,2.347288131713867
13105,68710,106.29583562369999,20.395832896499996,2.411379337310791
13105,68711,106.30000229039999,20.395832896499996,3.4182145595550537
13105,68712,106.30416895709999,20.395832896499996,4.574386119842529
13105,68713,106.30833562379999,20.395832896499996,3.5510170459747314
13105,68714,106.31250229049999,20.395832896499996,2.3527586460113525
13105,68715,106.3166689572,20.395832896499996,2.401754379272461
13105,68716,106.3208356239,20.395832896499996,2.3531036376953125
13105,68717,106.3250022906,20.395832896499996,2.6896722316741943
13105,68718,106.3291689573,20.395832896499996,2.8045902252197266
13105,68719,106.33333562399999,20.395832896499996,2.572333574295044
13105,68720,106.33750229069999,20.395832896499996,2.2159998416900635
13105,68721,106.34166895739999,20.395832896499996,2.2340352535247803
13105,68722,106.34583562409999,20.395832896499996,2.9056897163391113
13105,68723,106.35000229079999,20.395832896499996,2.996034622192383
13105,68724,106.3541689575,20.395832896499996,2.9800000190734863
13105,68725,106.3583356242,20.395832896499996,2.9876272678375244
13105,68726,106.3625022909,20.395832896499996,2.4818031787872314
13105,68727,106.3666689576,20.395832896499996,2.087230682373047
13105,68728,106.37083562429999,20.395832896499996,2.1980302333831787
13105,68729,106.37500229099999,20.395832896499996,2.4281537532806396
13105,68730,106.37916895769999,20.395832896499996,2.416060447692871
13105,68731,106.38333562439999,20.395832896499996,2.8364617824554443
13105,68732,106.38750229109999,20.395832896499996,3.2040982246398926
13105,68733,106.3916689578,20.395832896499996,3.0471930503845215
13105,68734,106.3958356245,20.395832896499996,2.931525468826294
13105,68735,106.4000022912,20.395832896499996,3.044642925262451
13105,68736,106.4041689579,20.395832896499996,3.0705454349517822
13105,68737,106.40833562459999,20.395832896499996,2.801607131958008
13105,68738,106.41250229129999,20.395832896499996,2.5675437450408936
13105,68739,106.41666895799999,20.395832896499996,2.665454626083374
13105,68740,106.42083562469999,20.395832896499996,2.8764150142669678
13105,68741,106.42500229139999,20.395832896499996,2.733888864517212
13105,68742,106.42916895809999,20.395832896499996,2.4359257221221924
13105,68743,106.4333356248,20.395832896499996,2.539454460144043
13105,68744,106.4375022915,20.395832896499996,3.623019218444824
13105,68745,106.4416689582,20.395832896499996,5.462592601776123
13105,68746,106.4458356249,20.395832896499996,5.832884788513184
13105,68747,106.45000229159999,20.395832896499996,3.2827775478363037
13105,68748,106.45416895829999,20.395832896499996,2.291454553604126
13105,68749,106.45833562499999,20.395832896499996,2.295614242553711
13105,68750,106.46250229169999,20.395832896499996,2.0641510486602783
13105,68751,106.46666895839999,20.395832896499996,1.9211111068725586
13105,68752,106.4708356251,20.395832896499996,2.839622974395752
13105,68753,106.4750022918,20.395832896499996,5.923877716064453
13105,68754,106.4791689585,20.395832896499996,6.876500129699707
13105,68755,106.4833356252,20.395832896499996,4.761905193328857
13105,68756,106.48750229189999,20.395832896499996,3.859750270843506
13105,68757,106.49166895859999,20.395832896499996,4.090909004211426
13105,68758,106.49583562529999,20.395832896499996,6.2688889503479
13105,68759,106.50000229199999,20.395832896499996,7.724884033203125
13105,68760,106.50416895869999,20.395832896499996,7.925714492797852
13105,68761,106.5083356254,20.395832896499996,10.39571475982666
13105,68762,106.5125022921,20.395832896499996,12.880929946899414
13105,68763,106.5166689588,20.395832896499996,15.839522361755371
13105,68764,106.5208356255,20.395832896499996,20.31951332092285
13105,68765,106.52500229219999,20.395832896499996,19.615385055541992
13105,68766,106.52916895889999,20.395832896499996,16.560001373291016
13105,68767,106.53333562559999,20.395832896499996,12.841629028320312
13105,68768,106.53750229229999,20.395832896499996,6.402619361877441
13105,68769,106.54166895899999,20.395832896499996,4.860952377319336
13105,68770,106.5458356257,20.395832896499996,5.116750240325928
13105,68771,106.5500022924,20.395832896499996,3.707179546356201
13105,68772,106.5541689591,20.395832896499996,2.437692403793335
13105,68773,106.5583356258,20.395832896499996,1.8299999237060547
13105,68774,106.56250229249999,20.395832896499996,1.7048778533935547
13105,68775,106.56666895919999,20.395832896499996,1.7043901681900024
13105,68776,106.57083562589999,20.395832896499996,1.7215384244918823
13105,68777,106.57500229259999,20.395832896499996,2.007072925567627
13105,68778,106.57916895929999,20.395832896499996,2.747805118560791
13105,68779,106.583335626,20.395832896499996,2.636486291885376
13105,68780,106.5875022927,20.395832896499996,2.0027027130126953
13105,68781,106.5916689594,20.395832896499996,1.207105278968811
13105,68782,106.5958356261,20.395832896499996,0.0
13106,68708,106.2875022903,20.391666229799995,1.8177965879440308
13106,68709,106.291668957,20.391666229799995,2.207017660140991
13106,68710,106.29583562369999,20.391666229799995,2.5144641399383545
13106,68711,106.30000229039999,20.391666229799995,4.057222366333008
13106,68712,106.30416895709999,20.391666229799995,5.107592582702637
13106,68713,106.30833562379999,20.391666229799995,3.664285898208618
13106,68714,106.31250229049999,20.391666229799995,2.9021430015563965
13106,68715,106.3166689572,20.391666229799995,3.185178756713867
13106,68716,106.3208356239,20.391666229799995,3.0331578254699707
13106,68717,106.3250022906,20.391666229799995,3.006101369857788
13106,68718,106.3291689573,20.391666229799995,3.0633866786956787
13106,68719,106.33333562399999,20.391666229799995,3.020339012145996
13106,68720,106.33750229069999,20.391666229799995,2.7140679359436035
13106,68721,106.34166895739999,20.391666229799995,2.580169677734375
13106,68722,106.34583562409999,20.391666229799995,3.013965368270874
13106,68723,106.35000229079999,20.391666229799995,2.8891379833221436
13106,68724,106.3541689575,20.391666229799995,3.1245615482330322
13106,68725,106.3583356242,20.391666229799995,2.965254068374634
13106,68726,106.3625022909,20.391666229799995,2.355806350708008
13106,68727,106.3666689576,20.391666229799995,2.1276562213897705
13106,68728,106.37083562429999,20.391666229799995,2.0036509037017822
13106,68729,106.37500229099999,20.391666229799995,2.0271430015563965
13106,68730,106.37916895769999,20.391666229799995,2.114999771118164
13106,68731,106.38333562439999,20.391666229799995,2.369206190109253
13106,68732,106.38750229109999,20.391666229799995,2.2952542304992676
13106,68733,106.3916689578,20.391666229799995,2.304655075073242
13106,68734,106.3958356245,20.391666229799995,2.7649152278900146
13106,68735,106.4000022912,20.391666229799995,2.9258930683135986
13106,68736,106.4041689579,20.391666229799995,2.805370569229126
13106,68737,106.40833562459999,20.391666229799995,2.636481761932373
13106,68738,106.41250229129999,20.391666229799995,2.286181688308716
13106,68739,106.41666895799999,20.391666229799995,2.2047274112701416
13106,68740,106.42083562469999,20.391666229799995,2.3720755577087402
13106,68741,106.42500229139999,20.391666229799995,2.7528302669525146
13106,68742,106.42916895809999,20.391666229799995,3.028181791305542
13106,68743,106.4333356248,20.391666229799995,3.5943636894226074
13106,68744,106.4375022915,20.391666229799995,5.594906330108643
13106,68745,106.4416689582,20.391666229799995,9.292222023010254
13106,68746,106.4458356249,20.391666229799995,9.76072883605957
13106,68747,106.45000229159999,20.391666229799995,4.515091419219971
13106,68748,106.45416895829999,20.391666229799995,2.965818166732788
13106,68749,106.45833562499999,20.391666229799995,2.499464273452759
13106,68750,106.46250229169999,20.391666229799995,2.5687038898468018
13106,68751,106.46666895839999,20.391666229799995,2.722222328186035
13106,68752,106.4708356251,20.391666229799995,3.202962875366211
13106,68753,106.4750022918,20.391666229799995,5.094705581665039
13106,68754,106.4791689585,20.391666229799995,4.9148783683776855
13106,68755,106.4833356252,20.391666229799995,3.6802380084991455
13106,68756,106.48750229189999,20.391666229799995,3.2157142162323
13106,68757,106.49166895859999,20.391666229799995,3.686279296875
13106,68758,106.49583562529999,20.391666229799995,5.012790679931641
13106,68759,106.50000229199999,20.391666229799995,5.755581855773926
13106,68760,106.50416895869999,20.391666229799995,7.272272109985352
13106,68761,106.5083356254,20.391666229799995,10.901904106140137
13106,68762,106.5125022921,20.391666229799995,14.349303245544434
13106,68763,106.5166689588,20.391666229799995,16.36618995666504
13106,68764,106.5208356255,20.391666229799995,17.945751190185547
13106,68765,106.52500229219999,20.391666229799995,17.511577606201172
13106,68766,106.52916895889999,20.391666229799995,16.30350112915039
13106,68767,106.53333562559999,20.391666229799995,13.176189422607422
13106,68768,106.53750229229999,20.391666229799995,9.302618980407715
13106,68769,106.54166895899999,20.391666229799995,6.218571186065674
13106,68770,106.5458356257,20.391666229799995,5.935853481292725
13106,68771,106.5500022924,20.391666229799995,4.441249847412109
13106,68772,106.5541689591,20.391666229799995,2.868974208831787
13106,68773,106.5583356258,20.391666229799995,2.0663414001464844
13106,68774,106.56250229249999,20.391666229799995,1.8685712814331055
13106,68775,106.56666895919999,20.391666229799995,1.9042857885360718
13106,68776,106.57083562589999,20.391666229799995,2.2360000610351562
13106,68777,106.57500229259999,20.391666229799995,2.5787501335144043
13106,68778,106.57916895929999,20.391666229799995,2.9710254669189453
13106,68779,106.583335626,20.391666229799995,2.8061113357543945
13106,68780,106.5875022927,20.391666229799995,1.9697222709655762
13106,68781,106.5916689594,20.391666229799995,1.1267499923706055
13106,68782,106.5958356261,20.391666229799995,0.0
13107,68708,106.2875022903,20.387499563099997,1.7883638143539429
13107,68709,106.291668957,20.387499563099997,2.2632691860198975
13107,68710,106.29583562369999,20.387499563099997,3.211960792541504
13107,68711,106.30000229039999,20.387499563099997,4.7390570640563965
13107,68712,106.30416895709999,20.387499563099997,4.599073886871338
13107,68713,106.30833562379999,20.387499563099997,3.043888807296753
13107,68714,106.31250229049999,20.387499563099997,2.9488890171051025
13107,68715,106.3166689572,20.387499563099997,3.5253448486328125
13107,68716,106.3208356239,20.387499563099997,3.3433334827423096
13107,68717,106.3250022906,20.387499563099997,2.9301722049713135
13107,68718,106.3291689573,20.387499563099997,2.7351667881011963
13107,68719,106.33333562399999,20.387499563099997,2.953620672225952
13107,68720,106.33750229069999,20.387499563099997,2.8169491291046143
13107,68721,106.34166895739999,20.387499563099997,2.7009999752044678
13107,68722,106.34583562409999,20.387499563099997,2.7285001277923584
13107,68723,106.35000229079999,20.387499563099997,2.378196954727173
13107,68724,106.3541689575,20.387499563099997,2.277705192565918
13107,68725,106.3583356242,20.387499563099997,2.0645902156829834
13107,68726,106.3625022909,20.387499563099997,1.7941933870315552
13107,68727,106.3666689576,20.387499563099997,1.861230731010437
13107,68728,106.37083562429999,20.387499563099997,1.776451587677002
13107,68729,106.37500229099999,20.387499563099997,1.6655000448226929
13107,68730,106.37916895769999,20.387499563099997,1.8996773958206177
13107,68731,106.38333562439999,20.387499563099997,2.2832813262939453
13107,68732,106.38750229109999,20.387499563099997,2.2113332748413086
13107,68733,106.3916689578,20.387499563099997,2.056779623031616
13107,68734,106.3958356245,20.387499563099997,2.1237287521362305
13107,68735,106.4000022912,20.387499563099997,2.0689473152160645
13107,68736,106.4041689579,20.387499563099997,2.0658929347991943
13107,68737,106.40833562459999,20.387499563099997,2.3605458736419678
13107,68738,106.41250229129999,20.387499563099997,2.2103636264801025
13107,68739,106.41666895799999,20.387499563099997,1.832727313041687
13107,68740,106.42083562469999,20.387499563099997,1.628000020980835
13107,68741,106.42500229139999,20.387499563099997,1.9424529075622559
13107,68742,106.42916895809999,20.387499563099997,2.68666672706604
13107,68743,106.4333356248,20.387499563099997,3.7361111640930176
13107,68744,106.4375022915,20.387499563099997,5.106727123260498
13107,68745,106.4416689582,20.387499563099997,7.417500019073486
13107,68746,106.4458356249,20.387499563099997,7.444285869598389
13107,68747,106.45000229159999,20.387499563099997,4.144107341766357
13107,68748,106.45416895829999,20.387499563099997,2.8094823360443115
13107,68749,106.45833562499999,20.387499563099997,2.3677194118499756
13107,68750,106.46250229169999,20.387499563099997,2.5607144832611084
13107,68751,106.46666895839999,20.387499563099997,2.656111240386963
13107,68752,106.4708356251,20.387499563099997,2.6354386806488037
13107,68753,106.4750022918,20.387499563099997,2.6777775287628174
13107,68754,106.4791689585,20.387499563099997,2.372499942779541
13107,68755,106.4833356252,20.387499563099997,2.2607500553131104
13107,68756,106.48750229189999,20.387499563099997,2.996046304702759
13107,68757,106.49166895859999,20.387499563099997,4.266046524047852
13107,68758,106.49583562529999,20.387499563099997,4.711750507354736
13107,68759,106.50000229199999,20.387499563099997,4.199999809265137
13107,68760,106.50416895869999,20.387499563099997,4.720488548278809
13107,68761,106.5083356254,20.387499563099997,6.544615268707275
13107,68762,106.5125022921,20.387499563099997,9.605384826660156
13107,68763,106.5166689588,20.387499563099997,12.475713729858398
13107,68764,106.5208356255,20.387499563099997,13.224616050720215
13107,68765,106.52500229219999,20.387499563099997,11.65615463256836
13107,68766,106.52916895889999,20.387499563099997,10.974634170532227
13107,68767,106.53333562559999,20.387499563099997,9.369523048400879
13107,68768,106.53750229229999,20.387499563099997,7.476249694824219
13107,68769,106.54166895899999,20.387499563099997,5.134047508239746
13107,68770,106.5458356257,20.387499563099997,5.266666412353516
13107,68771,106.5500022924,20.387499563099997,4.528809547424316
13107,68772,106.5541689591,20.387499563099997,2.8600001335144043
13107,68773,106.5583356258,20.387499563099997,2.320000171661377
13107,68774,106.56250229249999,20.387499563099997,2.186744451522827
13107,68775,106.56666895919999,20.387499563099997,2.1041464805603027
13107,68776,106.57083562589999,20.387499563099997,2.0900001525878906
13107,68777,106.57500229259999,20.387499563099997,2.408292531967163
13107,68778,106.57916895929999,20.387499563099997,2.341052770614624
13107,68779,106.583335626,20.387499563099997,2.1136841773986816
13107,68780,106.5875022927,20.387499563099997,1.6236112117767334
13107,68781,106.5916689594,20.387499563099997,1.0727499723434448
13107,68782,106.5958356261,20.387499563099997,0.0
13107,68783,106.60000229279999,20.387499563099997,0.0
13107,68784,106.60416895949999,20.387499563099997,0.0
13107,68785,106.60833562619999,20.387499563099997,0.0
13108,68708,106.2875022903,20.383332896399995,1.8596363067626953
13108,68709,106.291668957,20.383332896399995,2.458148241043091
13108,68710,106.29583562369999,20.383332896399995,3.7151851654052734
13108,68711,106.30000229039999,20.383332896399995,4.838301658630371
13108,68712,106.30416895709999,20.383332896399995,3.0855355262756348
13108,68713,106.30833562379999,20.383332896399995,2.8479628562927246
13108,68714,106.31250229049999,20.383332896399995,3.176363468170166
13108,68715,106.3166689572,20.383332896399995,3.272033929824829
13108,68716,106.3208356239,20.383332896399995,2.8980000019073486
13108,68717,106.3250022906,20.383332896399995,2.635333299636841
13108,68718,106.3291689573,20.383332896399995,2.259999990463257
13108,68719,106.33333562399999,20.383332896399995,2.2819998264312744
13108,68720,106.33750229069999,20.383332896399995,2.433499813079834
13108,68721,106.34166895739999,20.383332896399995,2.6070966720581055
13108,68722,106.34583562409999,20.383332896399995,2.5799999237060547
13108,68723,106.35000229079999,20.383332896399995,2.2151613235473633
13108,68724,106.3541689575,20.383332896399995,1.8456451892852783
13108,68725,106.3583356242,20.383332896399995,1.6572132110595703
13108,68726,106.3625022909,20.383332896399995,1.5272581577301025
13108,68727,106.3666689576,20.383332896399995,1.8552379608154297
13108,68728,106.37083562429999,20.383332896399995,1.960645079612732
13108,68729,106.37500229099999,20.383332896399995,1.6488523483276367
13108,68730,106.37916895769999,20.383332896399995,1.6471186876296997
13108,68731,106.38333562439999,20.383332896399995,1.9225001335144043
13108,68732,106.38750229109999,20.383332896399995,1.7356665134429932
13108,68733,106.3916689578,20.383332896399995,1.5996665954589844
13108,68734,106.3958356245,20.383332896399995,1.7165573835372925
13108,68735,106.4000022912,20.383332896399995,1.930677890777588
13108,68736,106.4041689579,20.383332896399995,1.8898276090621948
13108,68737,106.40833562459999,20.383332896399995,1.7374999523162842
13108,68738,106.41250229129999,20.383332896399995,1.6856364011764526
13108,68739,106.41666895799999,20.383332896399995,1.5796490907669067
13108,68740,106.42083562469999,20.383332896399995,1.4526786804199219
13108,68741,106.42500229139999,20.383332896399995,1.5487271547317505
13108,68742,106.42916895809999,20.383332896399995,1.9305356740951538
13108,68743,106.4333356248,20.383332896399995,2.4103634357452393
13108,68744,106.4375022915,20.383332896399995,3.0521819591522217
13108,68745,106.4416689582,20.383332896399995,4.111428737640381
13108,68746,106.4458356249,20.383332896399995,4.066363334655762
13108,68747,106.45000229159999,20.383332896399995,2.6915788650512695
13108,68748,106.45416895829999,20.383332896399995,2.2254385948181152
13108,68749,106.45833562499999,20.383332896399995,1.9950001239776611
13108,68750,106.46250229169999,20.383332896399995,1.9910911321640015
13108,68751,106.46666895839999,20.383332896399995,1.7754167318344116
13108,68752,106.4708356251,20.383332896399995,1.7268084287643433
13108,68753,106.4750022918,20.383332896399995,1.6750000715255737
13108,68754,106.4791689585,20.383332896399995,1.8964999914169312
13108,68755,106.4833356252,20.383332896399995,2.3560001850128174
13108,68756,106.48750229189999,20.383332896399995,3.184047222137451
13108,68757,106.49166895859999,20.383332896399995,3.3978044986724854
13108,68758,106.49583562529999,20.383332896399995,3.3142502307891846
13108,68759,106.50000229199999,20.383332896399995,3.0165855884552
13108,68760,106.50416895869999,20.383332896399995,3.139524221420288
13108,68761,106.5083356254,20.383332896399995,3.9076924324035645
13108,68762,106.5125022921,20.383332896399995,5.524102210998535
13108,68763,106.5166689588,20.383332896399995,6.098205089569092
13108,68764,106.5208356255,20.383332896399995,5.552927017211914
13108,68765,106.52500229219999,20.383332896399995,4.739250183105469
13108,68766,106.52916895889999,20.383332896399995,4.150487899780273
13108,68767,106.53333562559999,20.383332896399995,3.6934144496917725
13108,68768,106.53750229229999,20.383332896399995,3.078947067260742
13108,68769,106.54166895899999,20.383332896399995,2.949756145477295
13108,68770,106.5458356257,20.383332896399995,3.3495118618011475
13108,68771,106.5500022924,20.383332896399995,3.3253657817840576
13108,68772,106.5541689591,20.383332896399995,2.660238027572632
13108,68773,106.5583356258,20.383332896399995,2.6030232906341553
13108,68774,106.56250229249999,20.383332896399995,2.5934884548187256
13108,68775,106.56666895919999,20.383332896399995,2.471860647201538
13108,68776,106.57083562589999,20.383332896399995,2.18756103515625
13108,68777,106.57500229259999,20.383332896399995,2.618974447250366
13108,68778,106.57916895929999,20.383332896399995,2.644615411758423
13108,68779,106.583335626,20.383332896399995,1.9373807907104492
13108,68780,106.5875022927,20.383332896399995,1.424102544784546
13108,68781,106.5916689594,20.383332896399995,1.0588096380233765
13108,68782,106.5958356261,20.383332896399995,0.0
13108,68783,106.60000229279999,20.383332896399995,0.0
13108,68784,106.60416895949999,20.383332896399995,0.0
13108,68785,106.60833562619999,20.383332896399995,0.0
13109,68708,106.2875022903,20.379166229699997,1.9158823490142822
13109,68709,106.291668957,20.379166229699997,2.5103919506073
13109,68710,106.29583562369999,20.379166229699997,3.5233960151672363
13109,68711,106.30000229039999,20.379166229699997,4.235576629638672
13109,68712,106.30416895709999,20.379166229699997,2.7969231605529785
13109,68713,106.30833562379999,20.379166229699997,3.0427775382995605
13109,68714,106.31250229049999,20.379166229699997,3.4233932495117188
13109,68715,106.3166689572,20.379166229699997,3.062666893005371
13109,68716,106.3208356239,20.379166229699997,2.2701637744903564
13109,68717,106.3250022906,20.379166229699997,1.9724998474121094
13109,68718,106.3291689573,20.379166229699997,1.8922580480575562
13109,68719,106.33333562399999,20.379166229699997,1.8077046871185303
13109,68720,106.33750229069999,20.379166229699997,2.042902946472168
13109,68721,106.34166895739999,20.379166229699997,2.404426097869873
13109,68722,106.34583562409999,20.379166229699997,2.338571310043335
13109,68723,106.35000229079999,20.379166229699997,1.9896665811538696
13109,68724,106.3541689575,20.379166229699997,1.8276562690734863
13109,68725,106.3583356242,20.379166229699997,1.7847540378570557
13109,68726,106.3625022909,20.379166229699997,1.5880645513534546
13109,68727,106.3666689576,20.379166229699997,1.9787096977233887
13109,68728,106.37083562429999,20.379166229699997,2.123871088027954
13109,68729,106.37500229099999,20.379166229699997,1.6936064958572388
13109,68730,106.37916895769999,20.379166229699997,1.4446665048599243
13109,68731,106.38333562439999,20.379166229699997,1.4520000219345093
13109,68732,106.38750229109999,20.379166229699997,1.5145902633666992
13109,68733,106.3916689578,20.379166229699997,1.610163927078247
13109,68734,106.3958356245,20.379166229699997,1.847377061843872
13109,68735,106.4000022912,20.379166229699997,2.270714282989502
13109,68736,106.4041689579,20.379166229699997,2.025357246398926
13109,68737,106.40833562459999,20.379166229699997,1.5876786708831787
13109,68738,106.41250229129999,20.379166229699997,1.4836363792419434
13109,68739,106.41666895799999,20.379166229699997,1.4658929109573364
13109,68740,106.42083562469999,20.379166229699997,1.294285774230957
13109,68741,106.42500229139999,20.379166229699997,1.3490909337997437
13109,68742,106.42916895809999,20.379166229699997,1.3942105770111084
13109,68743,106.4333356248,20.379166229699997,1.3958182334899902
13109,68744,106.4375022915,20.379166229699997,1.5534484386444092
13109,68745,106.4416689582,20.379166229699997,2.0409998893737793
13109,68746,106.4458356249,20.379166229699997,2.258596420288086
13109,68747,106.45000229159999,20.379166229699997,1.9491376876831055
13109,68748,106.45416895829999,20.379166229699997,1.6655173301696777
13109,68749,106.45833562499999,20.379166229699997,1.7089473009109497
13109,68750,106.46250229169999,20.379166229699997,1.7269090414047241
13109,68751,106.46666895839999,20.379166229699997,1.5948888063430786
13109,68752,106.4708356251,20.379166229699997,1.4812500476837158
13109,68753,106.4750022918,20.379166229699997,1.6087499856948853
13109,68754,106.4791689585,20.379166229699997,2.3564999103546143
13109,68755,106.4833356252,20.379166229699997,3.329024076461792
13109,68756,106.48750229189999,20.379166229699997,3.1674997806549072
13109,68757,106.49166895859999,20.379166229699997,2.5686044692993164
13109,68758,106.49583562529999,20.379166229699997,1.978292465209961
13109,68759,106.50000229199999,20.379166229699997,2.066923141479492
13109,68760,106.50416895869999,20.379166229699997,2.1595001220703125
13109,68761,106.5083356254,20.379166229699997,2.464871644973755
13109,68762,106.5125022921,20.379166229699997,2.2769999504089355
13109,68763,106.5166689588,20.379166229699997,1.975750207901001
13109,68764,106.5208356255,20.379166229699997,2.2348780632019043
13109,68765,106.52500229219999,20.379166229699997,2.631951093673706
13109,68766,106.52916895889999,20.379166229699997,2.7892684936523438
13109,68767,106.53333562559999,20.379166229699997,2.6117501258850098
13109,68768,106.53750229229999,20.379166229699997,2.2407894134521484
13109,68769,106.54166895899999,20.379166229699997,2.141281843185425
13109,68770,106.5458356257,20.379166229699997,2.1338462829589844
13109,68771,106.5500022924,20.379166229699997,2.1623077392578125
13109,68772,106.5541689591,20.379166229699997,2.1089999675750732
13109,68773,106.5583356258,20.379166229699997,2.4917073249816895
13109,68774,106.56250229249999,20.379166229699997,2.6287498474121094
13109,68775,106.56666895919999,20.379166229699997,2.6576924324035645
13109,68776,106.57083562589999,20.379166229699997,2.7484211921691895
13109,68777,106.57500229259999,20.379166229699997,2.9787180423736572
13109,68778,106.57916895929999,20.379166229699997,2.620769500732422
13109,68779,106.583335626,20.379166229699997,1.6806819438934326
13109,68780,106.5875022927,20.379166229699997,1.262558102607727
13109,68781,106.5916689594,20.379166229699997,1.0702438354492188
13109,68782,106.5958356261,20.379166229699997,0.0
13109,68783,106.60000229279999,20.379166229699997,0.0
13109,68784,106.60416895949999,20.379166229699997,0.0
13109,68785,106.60833562619999,20.379166229699997,0.0
13109,68786,106.61250229289999,20.379166229699997,0.0
13110,68706,106.2791689569,20.374999562999996,1.5617647171020508
13110,68707,106.2833356236,20.374999562999996,1.6757142543792725
13110,68708,106.2875022903,20.374999562999996,1.86607825756073
13110,68709,106.291668957,20.374999562999996,2.4311766624450684
13110,68710,106.29583562369999,20.374999562999996,4.457959175109863
13110,68711,106.30000229039999,20.374999562999996,4.484705924987793
13110,68712,106.30416895709999,20.374999562999996,3.2361538410186768
13110,68713,106.30833562379999,20.374999562999996,3.232221841812134
13110,68714,106.31250229049999,20.374999562999996,3.2299997806549072
13110,68715,106.3166689572,20.374999562999996,2.614666700363159
13110,68716,106.3208356239,20.374999562999996,2.001147508621216
13110,68717,106.3250022906,20.374999562999996,1.8486665487289429
13110,68718,106.3291689573,20.374999562999996,1.7222949266433716
13110,68719,106.33333562399999,20.374999562999996,1.6133897304534912
13110,68722,106.34583562409999,20.374999562999996,1.8292063474655151
13110,68723,106.35000229079999,20.374999562999996,1.900491714477539
13110,68724,106.3541689575,20.374999562999996,1.915967583656311
13110,68725,106.3583356242,20.374999562999996,1.8033899068832397
13110,68726,106.3625022909,20.374999562999996,1.5898303985595703
13110,68727,106.3666689576,20.374999562999996,1.7763934135437012
13110,68728,106.37083562429999,20.374999562999996,1.9691802263259888
13110,68729,106.37500229099999,20.374999562999996,1.6638710498809814
13110,68730,106.37916895769999,20.374999562999996,1.5037095546722412
13110,68731,106.38333562439999,20.374999562999996,1.7009679079055786
13110,68732,106.38750229109999,20.374999562999996,1.8777419328689575
13110,68733,106.3916689578,20.374999562999996,1.8883869647979736
13110,68734,106.3958356245,20.374999562999996,1.8013333082199097
13110,68735,106.4000022912,20.374999562999996,2.008474588394165
13110,68736,106.4041689579,20.374999562999996,1.9005173444747925
13110,68737,106.40833562459999,20.374999562999996,1.6910167932510376
13110,68738,106.41250229129999,20.374999562999996,1.708070158958435
13110,68739,106.41666895799999,20.374999562999996,2.016071319580078
13110,68740,106.42083562469999,20.374999562999996,2.2273213863372803
13110,68741,106.42500229139999,20.374999562999996,1.9020371437072754
13110,68742,106.42916895809999,20.374999562999996,1.514561414718628
13110,68743,106.4333356248,20.374999562999996,1.3126314878463745
13110,68744,106.4375022915,20.374999562999996,1.2936666011810303
13110,68745,106.4416689582,20.374999562999996,1.367049217224121
13110,68746,106.4458356249,20.374999562999996,1.5472580194473267
13110,68747,106.45000229159999,20.374999562999996,1.617796540260315
13110,68748,106.45416895829999,20.374999562999996,1.3779661655426025
13110,68749,106.45833562499999,20.374999562999996,1.4492592811584473
13110,68750,106.46250229169999,20.374999562999996,1.5686274766921997
13110,68751,106.46666895839999,20.374999562999996,1.7368181943893433
13110,68752,106.4708356251,20.374999562999996,1.690999984741211
13110,68753,106.4750022918,20.374999562999996,1.8746341466903687
13110,68754,106.4791689585,20.374999562999996,2.99833345413208
13110,68755,106.4833356252,20.374999562999996,3.7555811405181885
13110,68756,106.48750229189999,20.374999562999996,2.8959999084472656
13110,68757,106.49166895859999,20.374999562999996,1.7823257446289062
13110,68758,106.49583562529999,20.374999562999996,1.6522728204727173
13110,68759,106.50000229199999,20.374999562999996,1.5858538150787354
13110,68760,106.50416895869999,20.374999562999996,1.7917499542236328
13110,68761,106.5083356254,20.374999562999996,2.0433332920074463
13110,68762,106.5125022921,20.374999562999996,1.974615454673767
13110,68763,106.5166689588,20.374999562999996,1.7612820863723755
13110,68764,106.5208356255,20.374999562999996,1.9988094568252563
13110,68765,106.52500229219999,20.374999562999996,2.6252379417419434
13110,68766,106.52916895889999,20.374999562999996,3.294285774230957
13110,68767,106.53333562559999,20.374999562999996,3.083250045776367
13110,68768,106.53750229229999,20.374999562999996,2.4618422985076904
13110,68769,106.54166895899999,20.374999562999996,1.9858973026275635
13110,68770,106.5458356257,20.374999562999996,1.7792307138442993
13110,68771,106.5500022924,20.374999562999996,1.9243590831756592
13110,68772,106.5541689591,20.374999562999996,2.014500141143799
13110,68773,106.5583356258,20.374999562999996,3.2407500743865967
13110,68774,106.56250229249999,20.374999562999996,3.3951282501220703
13110,68775,106.56666895919999,20.374999562999996,2.8864998817443848
13110,68776,106.57083562589999,20.374999562999996,2.3517072200775146
13110,68777,106.57500229259999,20.374999562999996,2.390000104904175
13110,68778,106.57916895929999,20.374999562999996,1.9935715198516846
13110,68779,106.583335626,20.374999562999996,1.397381067276001
13110,68780,106.5875022927,20.374999562999996,1.081162691116333
13110,68781,106.5916689594,20.374999562999996,0.0
13110,68782,106.5958356261,20.374999562999996,0.0
13110,68783,106.60000229279999,20.374999562999996,0.0
13110,68784,106.60416895949999,20.374999562999996,0.0
13110,68785,106.60833562619999,20.374999562999996,0.0
13110,68786,106.61250229289999,20.374999562999996,0.0
13111,68705,106.27500229019999,20.370832896299998,0.0
13111,68706,106.2791689569,20.370832896299998,1.4921152591705322
13111,68707,106.2833356236,20.370832896299998,1.7778431177139282
13111,68708,106.2875022903,20.370832896299998,1.8579245805740356
13111,68709,106.291668957,20.370832896299998,2.2226414680480957
13111,68710,106.29583562369999,20.370832896299998,3.0471999645233154
13111,68711,106.30000229039999,20.370832896299998,3.9982354640960693
13111,68712,106.30416895709999,20.370832896299998,3.2828848361968994
13111,68713,106.30833562379999,20.370832896299998,3.5890567302703857
13111,68714,106.31250229049999,20.370832896299998,2.7489092350006104
13111,68715,106.3166689572,20.370832896299998,2.0791070461273193
13111,68716,106.3208356239,20.370832896299998,1.814677357673645
13111,68717,106.3250022906,20.370832896299998,1.664032220840454
13111,68718,106.3291689573,20.370832896299998,0.0
13111,68722,106.34583562409999,20.370832896299998,1.653833270072937
13111,68723,106.35000229079999,20.370832896299998,1.9181667566299438
13111,68724,106.3541689575,20.370832896299998,2.0170493125915527
13111,68725,106.3583356242,20.370832896299998,1.7246551513671875
13111,68726,106.3625022909,20.370832896299998,1.4682759046554565
13111,68727,106.3666689576,20.370832896299998,1.4714515209197998
13111,68728,106.37083562429999,20.370832896299998,1.6804839372634888
13111,68729,106.37500229099999,20.370832896299998,1.7983334064483643
13111,68730,106.37916895769999,20.370832896299998,2.047166585922241
13111,68731,106.38333562439999,20.370832896299998,2.186833381652832
13111,68732,106.38750229109999,20.370832896299998,2.062241315841675
13111,68733,106.3916689578,20.370832896299998,1.7691667079925537
13111,68734,106.3958356245,20.370832896299998,1.5055172443389893
13111,68735,106.4000022912,20.370832896299998,1.8607020378112793
13111,68736,106.4041689579,20.370832896299998,2.0459322929382324
13111,68737,106.40833562459999,20.370832896299998,1.9010170698165894
13111,68738,106.41250229129999,20.370832896299998,1.9228570461273193
13111,68739,106.41666895799999,20.370832896299998,2.4687719345092773
13111,68740,106.42083562469999,20.370832896299998,2.630000352859497
13111,68741,106.42500229139999,20.370832896299998,2.017796754837036
13111,68742,106.42916895809999,20.370832896299998,1.6293103694915771
13111,68743,106.4333356248,20.370832896299998,1.4612069129943848
13111,68744,106.4375022915,20.370832896299998,1.4159016609191895
13111,68745,106.4416689582,20.370832896299998,1.4603389501571655
13111,68746,106.4458356249,20.370832896299998,1.6616393327713013
13111,68747,106.45000229159999,20.370832896299998,1.7903332710266113
13111,68748,106.45416895829999,20.370832896299998,1.7231147289276123
13111,68749,106.45833562499999,20.370832896299998,1.6007843017578125
13111,68750,106.46250229169999,20.370832896299998,1.786222219467163
13111,68751,106.46666895839999,20.370832896299998,2.014634370803833
13111,68752,106.4708356251,20.370832896299998,1.8844999074935913
13111,68753,106.4750022918,20.370832896299998,2.2834882736206055
13111,68754,106.4791689585,20.370832896299998,3.3634884357452393
13111,68755,106.4833356252,20.370832896299998,3.722750186920166
13111,68756,106.48750229189999,20.370832896299998,2.422619104385376
13111,68757,106.49166895859999,20.370832896299998,1.5850000381469727
13111,68758,106.49583562529999,20.370832896299998,1.5069046020507812
13111,68759,106.50000229199999,20.370832896299998,0.0
13111,68760,106.50416895869999,20.370832896299998,1.6700000762939453
13111,68761,106.5083356254,20.370832896299998,1.8282499313354492
13111,68762,106.5125022921,20.370832896299998,1.8752498626708984
13111,68763,106.5166689588,20.370832896299998,1.8205127716064453
13111,68764,106.5208356255,20.370832896299998,1.7965854406356812
13111,68765,106.52500229219999,20.370832896299998,2.0980000495910645
13111,68766,106.52916895889999,20.370832896299998,2.7300000190734863
13111,68767,106.53333562559999,20.370832896299998,2.6635897159576416
13111,68768,106.53750229229999,20.370832896299998,2.393421173095703
13111,68769,106.54166895899999,20.370832896299998,2.0947368144989014
13111,68770,106.5458356257,20.370832896299998,2.0082051753997803
13111,68771,106.5500022924,20.370832896299998,2.026315689086914
13111,68772,106.5541689591,20.370832896299998,2.672368288040161
13111,68773,106.5583356258,20.370832896299998,4.1679487228393555
13111,68774,106.56250229249999,20.370832896299998,5.360499382019043
13111,68775,106.56666895919999,20.370832896299998,3.346341371536255
13111,68776,106.57083562589999,20.370832896299998,1.9762791395187378
13111,68777,106.57500229259999,20.370832896299998,1.6371427774429321
13111,68778,106.57916895929999,20.370832896299998,1.4586045742034912
13111,68779,106.583335626,20.370832896299998,1.1495238542556763
13111,68780,106.5875022927,20.370832896299998,0.9734145402908325
13111,68781,106.5916689594,20.370832896299998,0.0
13111,68782,106.5958356261,20.370832896299998,0.0
13111,68783,106.60000229279999,20.370832896299998,0.0
13111,68784,106.60416895949999,20.370832896299998,0.0
13111,68785,106.60833562619999,20.370832896299998,0.0
13111,68786,106.61250229289999,20.370832896299998,0.0
13112,68703,106.26666895679999,20.366666229599996,0.0
13112,68704,106.27083562349999,20.366666229599996,0.0
13112,68705,106.27500229019999,20.366666229599996,0.0
13112,68706,106.2791689569,20.366666229599996,1.5122641324996948
13112,68707,106.2833356236,20.366666229599996,1.7011321783065796
13112,68708,106.2875022903,20.366666229599996,1.7549090385437012
13112,68709,106.291668957,20.366666229599996,1.8194544315338135
13112,68710,106.29583562369999,20.366666229599996,1.8911762237548828
13112,68711,106.30000229039999,20.366666229599996,2.1529629230499268
13112,68712,106.30416895709999,20.366666229599996,3.8094544410705566
13112,68713,106.30833562379999,20.366666229599996,4.5074543952941895
13112,68714,106.31250229049999,20.366666229599996,3.093684196472168
13112,68715,106.3166689572,20.366666229599996,2.043818473815918
13112,68716,106.3208356239,20.366666229599996,1.7616949081420898
13112,68717,106.3250022906,20.366666229599996,1.634917974472046
13112,68723,106.35000229079999,20.366666229599996,1.757666826248169
13112,68724,106.3541689575,20.366666229599996,2.176440715789795
13112,68725,106.3583356242,20.366666229599996,1.9851723909378052
13112,68726,106.3625022909,20.366666229599996,1.6479310989379883
13112,68727,106.3666689576,20.366666229599996,1.5461666584014893
13112,68728,106.37083562429999,20.366666229599996,2.0245001316070557
13112,68729,106.37500229099999,20.366666229599996,2.4444828033447266
13112,68730,106.37916895769999,20.366666229599996,2.8128814697265625
13112,68731,106.38333562439999,20.366666229599996,2.6096720695495605
13112,68732,106.38750229109999,20.366666229599996,1.821166753768921
13112,68733,106.3916689578,20.366666229599996,1.5345001220703125
13112,68734,106.3958356245,20.366666229599996,1.5957626104354858
13112,68735,106.4000022912,20.366666229599996,2.17877197265625
13112,68736,106.4041689579,20.366666229599996,2.1907143592834473
13112,68737,106.40833562459999,20.366666229599996,1.6701784133911133
13112,68738,106.41250229129999,20.366666229599996,1.716363549232483
13112,68739,106.41666895799999,20.366666229599996,2.1012279987335205
13112,68740,106.42083562469999,20.366666229599996,2.2183048725128174
13112,68741,106.42500229139999,20.366666229599996,1.851694941520691
13112,68742,106.42916895809999,20.366666229599996,1.6722949743270874
13112,68743,106.4333356248,20.366666229599996,1.5877050161361694
13112,68744,106.4375022915,20.366666229599996,1.6332257986068726
13112,68745,106.4416689582,20.366666229599996,1.6842857599258423
13112,68746,106.4458356249,20.366666229599996,2.1166131496429443
13112,68747,106.45000229159999,20.366666229599996,2.4746429920196533
13112,68748,106.45416895829999,20.366666229599996,2.57442307472229
13112,68749,106.45833562499999,20.366666229599996,2.0048937797546387
13112,68750,106.46250229169999,20.366666229599996,1.7537208795547485
13112,68751,106.46666895839999,20.366666229599996,1.552380919456482
13112,68752,106.4708356251,20.366666229599996,1.6090244054794312
13112,68753,106.4750022918,20.366666229599996,2.352092981338501
13112,68754,106.4791689585,20.366666229599996,2.79906964302063
13112,68755,106.4833356252,20.366666229599996,2.5007688999176025
13112,68756,106.48750229189999,20.366666229599996,1.8966666460037231
13112,68757,106.49166895859999,20.366666229599996,1.489210605621338
13112,68758,106.49583562529999,20.366666229599996,1.4494999647140503
13112,68759,106.50000229199999,20.366666229599996,1.5873171091079712
13112,68760,106.50416895869999,20.366666229599996,1.6957143545150757
13112,68761,106.5083356254,20.366666229599996,1.5539023876190186
13112,68762,106.5125022921,20.366666229599996,1.491463303565979
13112,68763,106.5166689588,20.366666229599996,1.54452383518219
13112,68764,106.5208356255,20.366666229599996,1.5590476989746094
13112,68765,106.52500229219999,20.366666229599996,1.5887501239776611
13112,68766,106.52916895889999,20.366666229599996,2.0012497901916504
13112,68767,106.53333562559999,20.366666229599996,2.492499828338623
13112,68768,106.53750229229999,20.366666229599996,2.5366666316986084
13112,68769,106.54166895899999,20.366666229599996,2.2249999046325684
13112,68770,106.5458356257,20.366666229599996,1.9900001287460327
13112,68771,106.5500022924,20.366666229599996,2.0264999866485596
13112,68772,106.5541689591,20.366666229599996,3.270750045776367
13112,68773,106.5583356258,20.366666229599996,3.9352498054504395
13112,68774,106.56250229249999,20.366666229599996,3.3006975650787354
13112,68775,106.56666895919999,20.366666229599996,2.651395320892334
13112,68776,106.57083562589999,20.366666229599996,2.1465909481048584
13112,68777,106.57500229259999,20.366666229599996,1.950232744216919
13112,68778,106.57916895929999,20.366666229599996,1.7495237588882446
13112,68779,106.583335626,20.366666229599996,1.1704999208450317
13112,68780,106.5875022927,20.366666229599996,0.0
13112,68781,106.5916689594,20.366666229599996,0.0
13112,68782,106.5958356261,20.366666229599996,0.0
13112,68783,106.60000229279999,20.366666229599996,0.0
13112,68784,106.60416895949999,20.366666229599996,0.0
13112,68785,106.60833562619999,20.366666229599996,0.0
13112,68786,106.61250229289999,20.366666229599996,0.0
13112,68787,106.61666895959999,20.366666229599996,0.0
13113,68702,106.26250229009999,20.3624995629,0.0
13113,68703,106.26666895679999,20.3624995629,0.0
13113,68704,106.27083562349999,20.3624995629,0.0
13113,68705,106.27500229019999,20.3624995629,0.0
13113,68706,106.2791689569,20.3624995629,1.4822641611099243
13113,68707,106.2833356236,20.3624995629,1.6341509819030762
13113,68708,106.2875022903,20.3624995629,1.6767923831939697
13113,68709,106.291668957,20.3624995629,1.6442594528198242
13113,68710,106.29583562369999,20.3624995629,1.9290907382965088
13113,68711,106.30000229039999,20.3624995629,2.5821051597595215
13113,68712,106.30416895709999,20.3624995629,4.146226406097412
13113,68713,106.30833562379999,20.3624995629,4.473928928375244
13113,68714,106.31250229049999,20.3624995629,3.1262497901916504
13113,68715,106.3166689572,20.3624995629,1.9651721715927124
13113,68716,106.3208356239,20.3624995629,1.6413792371749878
13113,68723,106.35000229079999,20.3624995629,1.757966160774231
13113,68724,106.3541689575,20.3624995629,1.953792929649353
13113,68725,106.3583356242,20.3624995629,2.0377585887908936
13113,68726,106.3625022909,20.3624995629,1.9503507614135742
13113,68727,106.3666689576,20.3624995629,1.9385244846343994
13113,68728,106.37083562429999,20.3624995629,2.3932788372039795
13113,68729,106.37500229099999,20.3624995629,2.5283052921295166
13113,68730,106.37916895769999,20.3624995629,2.3583052158355713
13113,68731,106.38333562439999,20.3624995629,2.184499979019165
13113,68732,106.38750229109999,20.3624995629,1.686271071434021
13113,68733,106.3916689578,20.3624995629,1.7127585411071777
13113,68734,106.3958356245,20.3624995629,2.13741397857666
13113,68735,106.4000022912,20.3624995629,2.3996429443359375
13113,68736,106.4041689579,20.3624995629,1.96750009059906
13113,68737,106.40833562459999,20.3624995629,1.6265455484390259
13113,68738,106.41250229129999,20.3624995629,1.7859998941421509
13113,68739,106.41666895799999,20.3624995629,1.9354544878005981
13113,68740,106.42083562469999,20.3624995629,1.9047273397445679
13113,68741,106.42500229139999,20.3624995629,1.7694642543792725
13113,68742,106.42916895809999,20.3624995629,1.5876270532608032
13113,68743,106.4333356248,20.3624995629,1.575932264328003
13113,68744,106.4375022915,20.3624995629,1.5252543687820435
13113,68745,106.4416689582,20.3624995629,1.656129002571106
13113,68746,106.4458356249,20.3624995629,2.040491819381714
13113,68747,106.45000229159999,20.3624995629,2.4758825302124023
13113,68748,106.45416895829999,20.3624995629,2.7277777194976807
13113,68749,106.45833562499999,20.3624995629,2.077272891998291
13113,68750,106.46250229169999,20.3624995629,1.7259525060653687
13113,68751,106.46666895839999,20.3624995629,1.3651162385940552
13113,68752,106.4708356251,20.3624995629,1.4853488206863403
13113,68753,106.4750022918,20.3624995629,1.7947618961334229
13113,68754,106.4791689585,20.3624995629,1.758095145225525
13113,68755,106.4833356252,20.3624995629,1.7186843156814575
13113,68756,106.48750229189999,20.3624995629,1.6205263137817383
13113,68757,106.49166895859999,20.3624995629,1.4313157796859741
13113,68758,106.49583562529999,20.3624995629,1.569000005722046
13113,68759,106.50000229199999,20.3624995629,1.917073369026184
13113,68760,106.50416895869999,20.3624995629,1.9397560358047485
13113,68761,106.5083356254,20.3624995629,1.6992309093475342
13113,68762,106.5125022921,20.3624995629,1.4320513010025024
13113,68763,106.5166689588,20.3624995629,0.0
13113,68764,106.5208356255,20.3624995629,0.0
13113,68765,106.52500229219999,20.3624995629,1.4797619581222534
13113,68766,106.52916895889999,20.3624995629,1.8743903636932373
13113,68767,106.53333562559999,20.3624995629,2.332857131958008
13113,68768,106.53750229229999,20.3624995629,2.3726189136505127
13113,68769,106.54166895899999,20.3624995629,1.9266666173934937
13113,68770,106.5458356257,20.3624995629,2.0983333587646484
13113,68771,106.5500022924,20.3624995629,2.6559524536132812
13113,68772,106.5541689591,20.3624995629,3.238837242126465
13113,68773,106.5583356258,20.3624995629,2.56166672706604
13113,68774,106.56250229249999,20.3624995629,2.1309523582458496
13113,68775,106.56666895919999,20.3624995629,1.9576743841171265
13113,68776,106.57083562589999,20.3624995629,2.1844186782836914
13113,68777,106.57500229259999,20.3624995629,2.312619209289551
13113,68778,106.57916895929999,20.3624995629,1.9504649639129639
13113,68779,106.583335626,20.3624995629,1.1906977891921997
13113,68780,106.5875022927,20.3624995629,0.0
13113,68781,106.5916689594,20.3624995629,0.0
13113,68782,106.5958356261,20.3624995629,0.0
13113,68783,106.60000229279999,20.3624995629,0.0
13113,68784,106.60416895949999,20.3624995629,0.0
13113,68785,106.60833562619999,20.3624995629,0.0
13113,68786,106.61250229289999,20.3624995629,0.0
13113,68787,106.61666895959999,20.3624995629,0.0
13114,68701,106.25833562339999,20.358332896199997,1.5641508102416992
13114,68702,106.26250229009999,20.358332896199997,1.564107060432434
13114,68703,106.26666895679999,20.358332896199997,1.5657142400741577
13114,68704,106.27083562349999,20.358332896199997,1.624363899230957
13114,68705,106.27500229019999,20.358332896199997,1.6001818180084229
13114,68706,106.2791689569,20.358332896199997,0.0
13114,68707,106.2833356236,20.358332896199997,1.6929092407226562
13114,68708,106.2875022903,20.358332896199997,1.717142939567566
13114,68709,106.291668957,20.358332896199997,1.697678565979004
13114,68710,106.29583562369999,20.358332896199997,2.0173685550689697
13114,68711,106.30000229039999,20.358332896199997,2.4303572177886963
13114,68712,106.30416895709999,20.358332896199997,2.9292452335357666
13114,68713,106.30833562379999,20.358332896199997,2.7812280654907227
13114,68714,106.31250229049999,20.358332896199997,2.1208930015563965
13114,68715,106.3166689572,20.358332896199997,1.6508620977401733
13114,68724,106.3541689575,20.358332896199997,1.653793215751648
13114,68725,106.3583356242,20.358332896199997,1.6714286804199219
13114,68726,106.3625022909,20.358332896199997,1.8207017183303833
13114,68727,106.3666689576,20.358332896199997,2.1633899211883545
13114,68728,106.37083562429999,20.358332896199997,2.4731669425964355
13114,68729,106.37500229099999,20.358332896199997,2.1516950130462646
13114,68730,106.37916895769999,20.358332896199997,1.650847315788269
13114,68731,106.38333562439999,20.358332896199997,1.6041666269302368
13114,68732,106.38750229109999,20.358332896199997,1.650338888168335
13114,68733,106.3916689578,20.358332896199997,2.210172414779663
13114,68734,106.3958356245,20.358332896199997,2.4367241859436035
13114,68735,106.4000022912,20.358332896199997,2.2512500286102295
13114,68736,106.4041689579,20.358332896199997,1.6915788650512695
13114,68737,106.40833562459999,20.358332896199997,1.571818232536316
13114,68738,106.41250229129999,20.358332896199997,1.7718181610107422
13114,68739,106.41666895799999,20.358332896199997,1.787966012954712
13114,68740,106.42083562469999,20.358332896199997,1.5865517854690552
13114,68741,106.42500229139999,20.358332896199997,1.5447367429733276
13114,68742,106.42916895809999,20.358332896199997,1.5518643856048584
13114,68743,106.4333356248,20.358332896199997,1.4364999532699585
13114,68744,106.4375022915,20.358332896199997,1.3821666240692139
13114,68745,106.4416689582,20.358332896199997,1.7369998693466187
13114,68746,106.4458356249,20.358332896199997,2.4964911937713623
13114,68747,106.45000229159999,20.358332896199997,3.193265438079834
13114,68748,106.45416895829999,20.358332896199997,3.0531704425811768
13114,68749,106.45833562499999,20.358332896199997,1.9465115070343018
13114,68750,106.46250229169999,20.358332896199997,1.6628570556640625
13114,68751,106.46666895839999,20.358332896199997,1.6892856359481812
13114,68752,106.4708356251,20.358332896199997,1.7742856740951538
13114,68753,106.4750022918,20.358332896199997,1.827380895614624
13114,68754,106.4791689585,20.358332896199997,1.6878571510314941
13114,68755,106.4833356252,20.358332896199997,1.6702499389648438
13114,68756,106.48750229189999,20.358332896199997,1.6851282119750977
13114,68757,106.49166895859999,20.358332896199997,1.4494738578796387
13114,68758,106.49583562529999,20.358332896199997,1.778249979019165
13114,68759,106.50000229199999,20.358332896199997,2.1746339797973633
13114,68760,106.50416895869999,20.358332896199997,2.140500068664551
13114,68761,106.5083356254,20.358332896199997,1.7010526657104492
13114,68762,106.5125022921,20.358332896199997,1.5976316928863525
13114,68763,106.5166689588,20.358332896199997,1.4964865446090698
13114,68764,106.5208356255,20.358332896199997,1.3734210729599
13114,68765,106.52500229219999,20.358332896199997,1.4545000791549683
13114,68766,106.52916895889999,20.358332896199997,1.6293025016784668
13114,68767,106.53333562559999,20.358332896199997,1.7842857837677002
13114,68768,106.53750229229999,20.358332896199997,1.854390263557434
13114,68769,106.54166895899999,20.358332896199997,1.8717948198318481
13114,68770,106.5458356257,20.358332896199997,2.179500102996826
13114,68771,106.5500022924,20.358332896199997,2.9385366439819336
13114,68772,106.5541689591,20.358332896199997,3.647381067276001
13114,68773,106.5583356258,20.358332896199997,3.031428575515747
13114,68774,106.56250229249999,20.358332896199997,2.077857255935669
13114,68775,106.56666895919999,20.358332896199997,1.9504761695861816
13114,68776,106.57083562589999,20.358332896199997,2.1876745223999023
13114,68777,106.57500229259999,20.358332896199997,2.263720989227295
13114,68778,106.57916895929999,20.358332896199997,1.8580000400543213
13114,68779,106.583335626,20.358332896199997,1.2237778902053833
13114,68780,106.5875022927,20.358332896199997,0.9702324867248535
13114,68781,106.5916689594,20.358332896199997,0.0
13114,68782,106.5958356261,20.358332896199997,0.0
13114,68783,106.60000229279999,20.358332896199997,0.0
13114,68784,106.60416895949999,20.358332896199997,0.0
13114,68785,106.60833562619999,20.358332896199997,0.0
13114,68786,106.61250229289999,20.358332896199997,0.0
13114,68787,106.61666895959999,20.358332896199997,0.0
13115,68700,106.2541689567,20.354166229499995,1.7442371845245361
13115,68701,106.25833562339999,20.354166229499995,1.4874576330184937
13115,68702,106.26250229009999,20.354166229499995,1.5249998569488525
13115,68703,106.26666895679999,20.354166229499995,1.7132142782211304
13115,68704,106.27083562349999,20.354166229499995,1.7312281131744385
13115,68705,106.27500229019999,20.354166229499995,1.620181679725647
13115,68706,106.2791689569,20.354166229499995,0.0
13115,68707,106.2833356236,20.354166229499995,0.0
13115,68708,106.2875022903,20.354166229499995,0.0
13115,68709,106.291668957,20.354166229499995,1.5843102931976318
13115,68710,106.29583562369999,20.354166229499995,1.8717241287231445
13115,68711,106.30000229039999,20.354166229499995,1.826785683631897
13115,68712,106.30416895709999,20.354166229499995,1.7000000476837158
13115,68713,106.30833562379999,20.354166229499995,1.6243103742599487
13115,68725,106.3583356242,20.354166229499995,1.5426785945892334
13115,68726,106.3625022909,20.354166229499995,1.647321343421936
13115,68727,106.3666689576,20.354166229499995,1.941186547279358
13115,68728,106.37083562429999,20.354166229499995,2.0978331565856934
13115,68729,106.37500229099999,20.354166229499995,1.8431578874588013
13115,68730,106.37916895769999,20.354166229499995,1.4440350532531738
13115,68731,106.38333562439999,20.354166229499995,1.5163332223892212
13115,68732,106.38750229109999,20.354166229499995,1.781666874885559
13115,68733,106.3916689578,20.354166229499995,2.2691667079925537
13115,68734,106.3958356245,20.354166229499995,2.4139654636383057
13115,68735,106.4000022912,20.354166229499995,2.1133334636688232
13115,68736,106.4041689579,20.354166229499995,1.774035096168518
13115,68737,106.40833562459999,20.354166229499995,1.5532727241516113
13115,68738,106.41250229129999,20.354166229499995,1.3899999856948853
13115,68739,106.41666895799999,20.354166229499995,1.3486440181732178
13115,68740,106.42083562469999,20.354166229499995,1.4877965450286865
13115,68741,106.42500229139999,20.354166229499995,1.8779661655426025
13115,68742,106.42916895809999,20.354166229499995,1.6818642616271973
13115,68743,106.4333356248,20.354166229499995,1.382950782775879
13115,68744,106.4375022915,20.354166229499995,1.4395081996917725
13115,68745,106.4416689582,20.354166229499995,2.069500207901001
13115,68746,106.4458356249,20.354166229499995,2.7173333168029785
13115,68747,106.45000229159999,20.354166229499995,3.19219970703125
13115,68748,106.45416895829999,20.354166229499995,2.7699999809265137
13115,68749,106.45833562499999,20.354166229499995,1.893953561782837
13115,68750,106.46250229169999,20.354166229499995,1.830714225769043
13115,68751,106.46666895839999,20.354166229499995,1.8200000524520874
13115,68752,106.4708356251,20.354166229499995,2.096428632736206
13115,68753,106.4750022918,20.354166229499995,2.2729268074035645
13115,68754,106.4791689585,20.354166229499995,2.38619065284729
13115,68755,106.4833356252,20.354166229499995,2.5244998931884766
13115,68756,106.48750229189999,20.354166229499995,2.177105188369751
13115,68757,106.49166895859999,20.354166229499995,1.6789189577102661
13115,68758,106.49583562529999,20.354166229499995,1.6244999170303345
13115,68759,106.50000229199999,20.354166229499995,2.0487804412841797
13115,68760,106.50416895869999,20.354166229499995,2.359499931335449
13115,68761,106.5083356254,20.354166229499995,1.8707894086837769
13115,68762,106.5125022921,20.354166229499995,1.8092107772827148
13115,68763,106.5166689588,20.354166229499995,1.933158040046692
13115,68764,106.5208356255,20.354166229499995,1.7722499370574951
13115,68765,106.52500229219999,20.354166229499995,1.8215000629425049
13115,68766,106.52916895889999,20.354166229499995,1.7655000686645508
13115,68767,106.53333562559999,20.354166229499995,1.7364286184310913
13115,68768,106.53750229229999,20.354166229499995,2.1785364151000977
13115,68769,106.54166895899999,20.354166229499995,2.754999876022339
13115,68770,106.5458356257,20.354166229499995,2.9185712337493896
13115,68771,106.5500022924,20.354166229499995,3.049285888671875
13115,68772,106.5541689591,20.354166229499995,3.5230956077575684
13115,68773,106.5583356258,20.354166229499995,3.145714282989502
13115,68774,106.56250229249999,20.354166229499995,2.3715908527374268
13115,68775,106.56666895919999,20.354166229499995,2.173255681991577
13115,68776,106.57083562589999,20.354166229499995,2.4066667556762695
13115,68777,106.57500229259999,20.354166229499995,2.1202173233032227
13115,68778,106.57916895929999,20.354166229499995,1.7738298177719116
13115,68779,106.583335626,20.354166229499995,1.322553277015686
13115,68780,106.5875022927,20.354166229499995,0.9639999270439148
13115,68781,106.5916689594,20.354166229499995,0.0
13115,68782,106.5958356261,20.354166229499995,0.0
13115,68783,106.60000229279999,20.354166229499995,0.0
13115,68784,106.60416895949999,20.354166229499995,0.0
13115,68785,106.60833562619999,20.354166229499995,0.0
13115,68786,106.61250229289999,20.354166229499995,0.0
13115,68787,106.61666895959999,20.354166229499995,0.0
13116,68700,106.2541689567,20.349999562799997,1.8693104982376099
13116,68701,106.25833562339999,20.349999562799997,1.5073684453964233
13116,68702,106.26250229009999,20.349999562799997,1.464545488357544
13116,68703,106.26666895679999,20.349999562799997,1.755094289779663
13116,68704,106.27083562349999,20.349999562799997,1.8481818437576294
13116,68705,106.27500229019999,20.349999562799997,1.6383928060531616
13116,68706,106.2791689569,20.349999562799997,1.6332143545150757
13116,68707,106.2833356236,20.349999562799997,0.0
13116,68708,106.2875022903,20.349999562799997,0.0
13116,68709,106.291668957,20.349999562799997,0.0
13116,68710,106.29583562369999,20.349999562799997,1.8015516996383667
13116,68711,106.30000229039999,20.349999562799997,1.7792855501174927
13116,68712,106.30416895709999,20.349999562799997,1.375964879989624
13116,68726,106.3625022909,20.349999562799997,1.7605355978012085
13116,68727,106.3666689576,20.349999562799997,1.816206932067871
13116,68728,106.37083562429999,20.349999562799997,1.746833324432373
13116,68729,106.37500229099999,20.349999562799997,1.6142104864120483
13116,68730,106.37916895769999,20.349999562799997,1.4620000123977661
13116,68731,106.38333562439999,20.349999562799997,1.4289830923080444
13116,68732,106.38750229109999,20.349999562799997,1.648833155632019
13116,68733,106.3916689578,20.349999562799997,1.9927119016647339
13116,68734,106.3958356245,20.349999562799997,2.5129311084747314
13116,68735,106.4000022912,20.349999562799997,2.8443336486816406
13116,68736,106.4041689579,20.349999562799997,2.4986205101013184
13116,68737,106.40833562459999,20.349999562799997,1.8065454959869385
13116,68738,106.41250229129999,20.349999562799997,1.3394641876220703
13116,68739,106.41666895799999,20.349999562799997,1.2843104600906372
13116,68740,106.42083562469999,20.349999562799997,1.514482855796814
13116,68741,106.42500229139999,20.349999562799997,1.994666576385498
13116,68742,106.42916895809999,20.349999562799997,1.959491491317749
13116,68743,106.4333356248,20.349999562799997,1.5179998874664307
13116,68744,106.4375022915,20.349999562799997,1.6172881126403809
13116,68745,106.4416689582,20.349999562799997,2.0447170734405518
13116,68746,106.4458356249,20.349999562799997,2.2760417461395264
13116,68747,106.45000229159999,20.349999562799997,2.0997726917266846
13116,68748,106.45416895829999,20.349999562799997,1.9079067707061768
13116,68749,106.45833562499999,20.349999562799997,1.7311904430389404
13116,68750,106.46250229169999,20.349999562799997,1.5397616624832153
13116,68751,106.46666895839999,20.349999562799997,1.4325581789016724
13116,68752,106.4708356251,20.349999562799997,1.5564101934432983
13116,68753,106.4750022918,20.349999562799997,1.6587499380111694
13116,68754,106.4791689585,20.349999562799997,2.3630001544952393
13116,68755,106.4833356252,20.349999562799997,2.732051372528076
13116,68756,106.48750229189999,20.349999562799997,2.3400001525878906
13116,68757,106.49166895859999,20.349999562799997,1.966749906539917
13116,68758,106.49583562529999,20.349999562799997,1.565999984741211
13116,68759,106.50000229199999,20.349999562799997,2.055121898651123
13116,68760,106.50416895869999,20.349999562799997,2.386000156402588
13116,68761,106.5083356254,20.349999562799997,2.0176923274993896
13116,68762,106.5125022921,20.349999562799997,2.174102544784546
13116,68763,106.5166689588,20.349999562799997,2.432105302810669
13116,68764,106.5208356255,20.349999562799997,2.274250030517578
13116,68765,106.52500229219999,20.349999562799997,2.409749984741211
13116,68766,106.52916895889999,20.349999562799997,2.4994871616363525
13116,68767,106.53333562559999,20.349999562799997,2.443589925765991
13116,68768,106.53750229229999,20.349999562799997,3.4250001907348633
13116,68769,106.54166895899999,20.349999562799997,4.164286136627197
13116,68770,106.5458356257,20.349999562799997,4.838837623596191
13116,68771,106.5500022924,20.349999562799997,4.0928568840026855
13116,68772,106.5541689591,20.349999562799997,3.777674913406372
13116,68773,106.5583356258,20.349999562799997,2.7952380180358887
13116,68774,106.56250229249999,20.349999562799997,2.4200000762939453
13116,68775,106.56666895919999,20.349999562799997,2.235348701477051
13116,68776,106.57083562589999,20.349999562799997,2.397555351257324
13116,68777,106.57500229259999,20.349999562799997,2.2063045501708984
13116,68778,106.57916895929999,20.349999562799997,1.6258331537246704
13116,68779,106.583335626,20.349999562799997,1.3568085432052612
13116,68780,106.5875022927,20.349999562799997,0.9764583110809326
13116,68781,106.5916689594,20.349999562799997,0.0
13116,68782,106.5958356261,20.349999562799997,0.0
13116,68783,106.60000229279999,20.349999562799997,0.0
13116,68784,106.60416895949999,20.349999562799997,0.0
13116,68785,106.60833562619999,20.349999562799997,0.0
13116,68786,106.61250229289999,20.349999562799997,0.0
13116,68787,106.61666895959999,20.349999562799997,0.0
13117,68700,106.2541689567,20.345832896099996,2.1492984294891357
13117,68701,106.25833562339999,20.345832896099996,1.776666522026062
13117,68702,106.26250229009999,20.345832896099996,1.7040741443634033
13117,68703,106.26666895679999,20.345832896099996,1.795454502105713
13117,68704,106.27083562349999,20.345832896099996,2.0489284992218018
13117,68705,106.27500229019999,20.345832896099996,1.971754550933838
13117,68706,106.2791689569,20.345832896099996,1.8636207580566406
13117,68707,106.2833356236,20.345832896099996,1.8758928775787354
13117,68708,106.2875022903,20.345832896099996,0.0
13117,68709,106.291668957,20.345832896099996,1.7085964679718018
13117,68710,106.29583562369999,20.345832896099996,1.8038183450698853
13117,68711,106.30000229039999,20.345832896099996,1.8169089555740356
13117,68728,106.37083562429999,20.345832896099996,1.679491639137268
13117,68729,106.37500229099999,20.345832896099996,1.5003509521484375
13117,68730,106.37916895769999,20.345832896099996,1.420908808708191
13117,68731,106.38333562439999,20.345832896099996,1.4396551847457886
13117,68732,106.38750229109999,20.345832896099996,1.691999912261963
13117,68733,106.3916689578,20.345832896099996,2.004333019256592
13117,68734,106.3958356245,20.345832896099996,2.4703333377838135
13117,68735,106.4000022912,20.345832896099996,3.2459323406219482
13117,68736,106.4041689579,20.345832896099996,3.0011866092681885
13117,68737,106.40833562459999,20.345832896099996,2.218947410583496
13117,68738,106.41250229129999,20.345832896099996,1.7003450393676758
13117,68739,106.41666895799999,20.345832896099996,1.4454236030578613
13117,68740,106.42083562469999,20.345832896099996,1.4225423336029053
13117,68741,106.42500229139999,20.345832896099996,1.5726667642593384
13117,68742,106.42916895809999,20.345832896099996,1.6184484958648682
13117,68743,106.4333356248,20.345832896099996,1.5061017274856567
13117,68744,106.4375022915,20.345832896099996,1.6788136959075928
13117,68745,106.4416689582,20.345832896099996,1.843999981880188
13117,68746,106.4458356249,20.345832896099996,1.5462791919708252
13117,68747,106.45000229159999,20.345832896099996,1.4130231142044067
13117,68748,106.45416895829999,20.345832896099996,1.5197674036026
13117,68749,106.45833562499999,20.345832896099996,1.6616278886795044
13117,68750,106.46250229169999,20.345832896099996,1.4690697193145752
13117,68751,106.46666895839999,20.345832896099996,1.3286045789718628
13117,68752,106.4708356251,20.345832896099996,1.282250165939331
13117,68753,106.4750022918,20.345832896099996,1.4043900966644287
13117,68754,106.4791689585,20.345832896099996,2.218250036239624
13117,68755,106.4833356252,20.345832896099996,2.651538610458374
13117,68756,106.48750229189999,20.345832896099996,2.4912822246551514
13117,68757,106.49166895859999,20.345832896099996,2.252926826477051
13117,68758,106.49583562529999,20.345832896099996,2.0747499465942383
13117,68759,106.50000229199999,20.345832896099996,2.4693024158477783
13117,68760,106.50416895869999,20.345832896099996,2.6135714054107666
13117,68761,106.5083356254,20.345832896099996,2.2985363006591797
13117,68762,106.5125022921,20.345832896099996,2.0477499961853027
13117,68763,106.5166689588,20.345832896099996,2.0632431507110596
13117,68764,106.5208356255,20.345832896099996,2.020256519317627
13117,68765,106.52500229219999,20.345832896099996,2.157179594039917
13117,68766,106.52916895889999,20.345832896099996,2.551025629043579
13117,68767,106.53333562559999,20.345832896099996,2.9358975887298584
13117,68768,106.53750229229999,20.345832896099996,4.901951313018799
13117,68769,106.54166895899999,20.345832896099996,6.417442321777344
13117,68770,106.5458356257,20.345832896099996,6.844222068786621
13117,68771,106.5500022924,20.345832896099996,5.644888877868652
13117,68772,106.5541689591,20.345832896099996,4.8915910720825195
13117,68773,106.5583356258,20.345832896099996,2.9109301567077637
13117,68774,106.56250229249999,20.345832896099996,2.6184089183807373
13117,68775,106.56666895919999,20.345832896099996,2.4334089756011963
13117,68776,106.57083562589999,20.345832896099996,1.970851182937622
13117,68777,106.57500229259999,20.345832896099996,1.8648934364318848
13117,68778,106.57916895929999,20.345832896099996,1.6264582872390747
13117,68779,106.583335626,20.345832896099996,1.338749885559082
13117,68780,106.5875022927,20.345832896099996,0.9965957403182983
13117,68781,106.5916689594,20.345832896099996,0.0
13117,68782,106.5958356261,20.345832896099996,0.0
13117,68783,106.60000229279999,20.345832896099996,0.0
13117,68784,106.60416895949999,20.345832896099996,0.0
13117,68785,106.60833562619999,20.345832896099996,0.0
13117,68786,106.61250229289999,20.345832896099996,0.0
13117,68787,106.61666895959999,20.345832896099996,0.0
13118,68700,106.2541689567,20.341666229399998,2.9076786041259766
13118,68701,106.25833562339999,20.341666229399998,2.459259271621704
13118,68702,106.26250229009999,20.341666229399998,2.4513206481933594
13118,68703,106.26666895679999,20.341666229399998,2.098392963409424
13118,68704,106.27083562349999,20.341666229399998,1.9894545078277588
13118,68705,106.27500229019999,20.341666229399998,0.0
13118,68706,106.2791689569,20.341666229399998,1.853454351425171
13118,68707,106.2833356236,20.341666229399998,0.0
13118,68708,106.2875022903,20.341666229399998,0.0
13118,68709,106.291668957,20.341666229399998,1.710363745689392
13118,68710,106.29583562369999,20.341666229399998,1.5201785564422607
13118,68734,106.3958356245,20.341666229399998,2.2738888263702393
13118,68735,106.4000022912,20.341666229399998,3.0503573417663574
13118,68736,106.4041689579,20.341666229399998,2.9435713291168213
13118,68737,106.40833562459999,20.341666229399998,2.427856922149658
13118,68738,106.41250229129999,20.341666229399998,2.0591378211975098
13118,68739,106.41666895799999,20.341666229399998,1.6925421953201294
13118,68740,106.42083562469999,20.341666229399998,1.4145764112472534
13118,68741,106.42500229139999,20.341666229399998,1.3448275327682495
13118,68742,106.42916895809999,20.341666229399998,1.3900002241134644
13118,68743,106.4333356248,20.341666229399998,1.4433897733688354
13118,68744,106.4375022915,20.341666229399998,1.6029092073440552
13118,68745,106.4416689582,20.341666229399998,1.5997827053070068
13118,68746,106.4458356249,20.341666229399998,1.4616665840148926
13118,68747,106.45000229159999,20.341666229399998,1.4606819152832031
13118,68748,106.45416895829999,20.341666229399998,1.4640476703643799
13118,68749,106.45833562499999,20.341666229399998,1.5797618627548218
13118,68750,106.46250229169999,20.341666229399998,0.0
13118,68751,106.46666895839999,20.341666229399998,1.302682876586914
13118,68752,106.4708356251,20.341666229399998,1.5123809576034546
13118,68753,106.4750022918,20.341666229399998,1.89604651927948
13118,68754,106.4791689585,20.341666229399998,2.230487823486328
13118,68755,106.4833356252,20.341666229399998,2.172999858856201
13118,68756,106.48750229189999,20.341666229399998,2.268684148788452
13118,68757,106.49166895859999,20.341666229399998,2.917999744415283
13118,68758,106.49583562529999,20.341666229399998,3.196666717529297
13118,68759,106.50000229199999,20.341666229399998,3.4619510173797607
13118,68760,106.50416895869999,20.341666229399998,3.090237855911255
13118,68761,106.5083356254,20.341666229399998,2.4678380489349365
13118,68762,106.5125022921,20.341666229399998,1.8451350927352905
13118,68763,106.5166689588,20.341666229399998,1.684359073638916
13118,68764,106.5208356255,20.341666229399998,1.8523683547973633
13118,68765,106.52500229219999,20.341666229399998,1.9465789794921875
13118,68766,106.52916895889999,20.341666229399998,3.2323074340820312
13118,68767,106.53333562559999,20.341666229399998,4.452051639556885
13118,68768,106.53750229229999,20.341666229399998,5.750250339508057
13118,68769,106.54166895899999,20.341666229399998,6.484186172485352
13118,68770,106.5458356257,20.341666229399998,6.851591110229492
13118,68771,106.5500022924,20.341666229399998,4.824419021606445
13118,68772,106.5541689591,20.341666229399998,4.224545478820801
13118,68773,106.5583356258,20.341666229399998,3.7418181896209717
13118,68774,106.56250229249999,20.341666229399998,3.487555503845215
13118,68775,106.56666895919999,20.341666229399998,2.8377270698547363
13118,68776,106.57083562589999,20.341666229399998,2.2481818199157715
13118,68777,106.57500229259999,20.341666229399998,2.6154348850250244
13118,68778,106.57916895929999,20.341666229399998,2.022127628326416
13118,68779,106.583335626,20.341666229399998,1.417799949645996
13118,68780,106.5875022927,20.341666229399998,1.013958215713501
13118,68781,106.5916689594,20.341666229399998,0.0
13118,68782,106.5958356261,20.341666229399998,0.0
13118,68783,106.60000229279999,20.341666229399998,0.0
13118,68784,106.60416895949999,20.341666229399998,0.0
13118,68785,106.60833562619999,20.341666229399998,0.0
13118,68786,106.61250229289999,20.341666229399998,0.0
13118,68787,106.61666895959999,20.341666229399998,0.0
13119,68700,106.2541689567,20.337499562699996,3.6176364421844482
13119,68701,106.25833562339999,20.337499562699996,2.8262264728546143
13119,68702,106.26250229009999,20.337499562699996,2.5552828311920166
13119,68703,106.26666895679999,20.337499562699996,2.085087537765503
13119,68704,106.27083562349999,20.337499562699996,0.0
13119,68705,106.27500229019999,20.337499562699996,0.0
13119,68706,106.2791689569,20.337499562699996,1.8347272872924805
13119,68707,106.2833356236,20.337499562699996,0.0
13119,68708,106.2875022903,20.337499562699996,0.0
13119,68736,106.4041689579,20.337499562699996,2.204909086227417
13119,68737,106.40833562459999,20.337499562699996,2.0843636989593506
13119,68738,106.41250229129999,20.337499562699996,1.9567855596542358
13119,68739,106.41666895799999,20.337499562699996,1.719298243522644
13119,68740,106.42083562469999,20.337499562699996,1.5179660320281982
13119,68741,106.42500229139999,20.337499562699996,1.3384747505187988
13119,68742,106.42916895809999,20.337499562699996,1.4439284801483154
13119,68743,106.4333356248,20.337499562699996,0.0
13119,68744,106.4375022915,20.337499562699996,1.5659998655319214
13119,68745,106.4416689582,20.337499562699996,1.3658140897750854
13119,68746,106.4458356249,20.337499562699996,1.5093332529067993
13119,68747,106.45000229159999,20.337499562699996,1.817555546760559
13119,68748,106.45416895829999,20.337499562699996,1.8002381324768066
13119,68749,106.45833562499999,20.337499562699996,1.5270731449127197
13119,68750,106.46250229169999,20.337499562699996,1.3260974884033203
13119,68751,106.46666895839999,20.337499562699996,1.295365810394287
13119,68752,106.4708356251,20.337499562699996,1.7334998846054077
13119,68753,106.4750022918,20.337499562699996,2.3185365200042725
13119,68754,106.4791689585,20.337499562699996,2.1802496910095215
13119,68755,106.4833356252,20.337499562699996,1.5444999933242798
13119,68756,106.48750229189999,20.337499562699996,1.6517072916030884
13119,68757,106.49166895859999,20.337499562699996,2.5448837280273438
13119,68758,106.49583562529999,20.337499562699996,3.377317190170288
13119,68759,106.50000229199999,20.337499562699996,3.6040475368499756
13119,68760,106.50416895869999,20.337499562699996,2.8193023204803467
13119,68761,106.5083356254,20.337499562699996,2.296499729156494
13119,68762,106.5125022921,20.337499562699996,1.8073170185089111
13119,68763,106.5166689588,20.337499562699996,1.7459999322891235
13119,68764,106.5208356255,20.337499562699996,2.549736738204956
13119,68765,106.52500229219999,20.337499562699996,2.9418418407440186
13119,68766,106.52916895889999,20.337499562699996,3.6435000896453857
13119,68767,106.53333562559999,20.337499562699996,4.109499931335449
13119,68768,106.53750229229999,20.337499562699996,4.025000095367432
13119,68769,106.54166895899999,20.337499562699996,3.2597620487213135
13119,68770,106.5458356257,20.337499562699996,4.030732154846191
13119,68771,106.5500022924,20.337499562699996,2.95023250579834
13119,68772,106.5541689591,20.337499562699996,2.782045602798462
13119,68773,106.5583356258,20.337499562699996,3.1638638973236084
13119,68774,106.56250229249999,20.337499562699996,3.0506975650787354
13119,68775,106.56666895919999,20.337499562699996,2.394418478012085
13119,68776,106.57083562589999,20.337499562699996,3.6188371181488037
13119,68777,106.57500229259999,20.337499562699996,4.892221927642822
13119,68778,106.57916895929999,20.337499562699996,2.6938300132751465
13119,68779,106.583335626,20.337499562699996,1.6995831727981567
13119,68780,106.5875022927,20.337499562699996,1.1391836404800415
13119,68781,106.5916689594,20.337499562699996,0.0
13119,68782,106.5958356261,20.337499562699996,0.0
13119,68783,106.60000229279999,20.337499562699996,0.0
13119,68784,106.60416895949999,20.337499562699996,0.0
13119,68785,106.60833562619999,20.337499562699996,0.0
13119,68786,106.61250229289999,20.337499562699996,0.0
13119,68787,106.61666895959999,20.337499562699996,0.0
13120,68701,106.25833562339999,20.333332895999998,3.1407270431518555
13120,68702,106.26250229009999,20.333332895999998,2.5450000762939453
13120,68703,106.26666895679999,20.333332895999998,2.2268965244293213
13120,68704,106.27083562349999,20.333332895999998,2.0654547214508057
13120,68705,106.27500229019999,20.333332895999998,2.0188891887664795
13120,68706,106.2791689569,20.333332895999998,1.796296238899231
13120,68707,106.2833356236,20.333332895999998,1.7412728071212769
13120,68737,106.40833562459999,20.333332895999998,1.6200001239776611
13120,68738,106.41250229129999,20.333332895999998,1.762542486190796
13120,68739,106.41666895799999,20.333332895999998,1.9010343551635742
13120,68740,106.42083562469999,20.333332895999998,1.7267241477966309
13120,68741,106.42500229139999,20.333332895999998,1.5448275804519653
13120,68742,106.42916895809999,20.333332895999998,1.5054715871810913
13120,68743,106.4333356248,20.333332895999998,1.6905999183654785
13120,68744,106.4375022915,20.333332895999998,1.6897727251052856
13120,68745,106.4416689582,20.333332895999998,1.6067442893981934
13120,68746,106.4458356249,20.333332895999998,1.7755556106567383
13120,68747,106.45000229159999,20.333332895999998,1.924418568611145
13120,68748,106.45416895829999,20.333332895999998,1.8880951404571533
13120,68749,106.45833562499999,20.333332895999998,1.531904697418213
13120,68750,106.46250229169999,20.333332895999998,1.365952491760254
13120,68751,106.46666895839999,20.333332895999998,1.4442857503890991
13120,68752,106.4708356251,20.333332895999998,1.8886046409606934
13120,68753,106.4750022918,20.333332895999998,2.11348819732666
13120,68754,106.4791689585,20.333332895999998,1.8607317209243774
13120,68755,106.4833356252,20.333332895999998,1.2932499647140503
13120,68756,106.48750229189999,20.333332895999998,1.330487847328186
13120,68757,106.49166895859999,20.333332895999998,1.591363787651062
13120,68758,106.49583562529999,20.333332895999998,2.3790478706359863
13120,68759,106.50000229199999,20.333332895999998,2.466097354888916
13120,68760,106.50416895869999,20.333332895999998,2.163249969482422
13120,68761,106.5083356254,20.333332895999998,2.200000047683716
13120,68762,106.5125022921,20.333332895999998,2.245476245880127
13120,68763,106.5166689588,20.333332895999998,2.435853958129883
13120,68764,106.5208356255,20.333332895999998,2.8032498359680176
13120,68765,106.52500229219999,20.333332895999998,2.792820453643799
13120,68766,106.52916895889999,20.333332895999998,2.9089999198913574
13120,68767,106.53333562559999,20.333332895999998,2.504390001296997
13120,68768,106.53750229229999,20.333332895999998,2.230731725692749
13120,68769,106.54166895899999,20.333332895999998,2.0469765663146973
13120,68770,106.5458356257,20.333332895999998,2.464390277862549
13120,68771,106.5500022924,20.333332895999998,2.4369049072265625
13120,68772,106.5541689591,20.333332895999998,2.458181858062744
13120,68773,106.5583356258,20.333332895999998,2.2590696811676025
13120,68774,106.56250229249999,20.333332895999998,1.8447619676589966
13120,68775,106.56666895919999,20.333332895999998,1.739545464515686
13120,68776,106.57083562589999,20.333332895999998,3.103043556213379
13120,68777,106.57500229259999,20.333332895999998,4.506457805633545
13120,68778,106.57916895929999,20.333332895999998,2.8421738147735596
13120,68779,106.583335626,20.333332895999998,1.558510661125183
13120,68780,106.5875022927,20.333332895999998,1.1961702108383179
13120,68781,106.5916689594,20.333332895999998,1.0031110048294067
13120,68782,106.5958356261,20.333332895999998,0.0
13120,68783,106.60000229279999,20.333332895999998,0.0
13120,68784,106.60416895949999,20.333332895999998,0.0
13120,68785,106.60833562619999,20.333332895999998,0.0
13120,68786,106.61250229289999,20.333332895999998,0.0
13120,68787,106.61666895959999,20.333332895999998,0.0
13121,68702,106.26250229009999,20.329166229299997,3.3175439834594727
13121,68703,106.26666895679999,20.329166229299997,2.7594826221466064
13121,68704,106.27083562349999,20.329166229299997,2.1998274326324463
13121,68705,106.27500229019999,20.329166229299997,1.9298213720321655
13121,68738,106.41250229129999,20.329166229299997,1.8034999370574951
13121,68739,106.41666895799999,20.329166229299997,2.262881278991699
13121,68740,106.42083562469999,20.329166229299997,2.242321491241455
13121,68741,106.42500229139999,20.329166229299997,1.9603570699691772
13121,68742,106.42916895809999,20.329166229299997,1.730370283126831
13121,68743,106.4333356248,20.329166229299997,1.6843137741088867
13121,68744,106.4375022915,20.329166229299997,2.0267441272735596
13121,68745,106.4416689582,20.329166229299997,2.110952377319336
13121,68746,106.4458356249,20.329166229299997,2.253953456878662
13121,68747,106.45000229159999,20.329166229299997,2.103095054626465
13121,68748,106.45416895829999,20.329166229299997,1.969285488128662
13121,68749,106.45833562499999,20.329166229299997,1.9351162910461426
13121,68750,106.46250229169999,20.329166229299997,1.6888095140457153
13121,68751,106.46666895839999,20.329166229299997,1.5934884548187256
13121,68752,106.4708356251,20.329166229299997,2.0325582027435303
13121,68753,106.4750022918,20.329166229299997,2.018372058868408
13121,68754,106.4791689585,20.329166229299997,1.57720947265625
13121,68755,106.4833356252,20.329166229299997,1.2492681741714478
13121,68756,106.48750229189999,20.329166229299997,1.5011905431747437
13121,68757,106.49166895859999,20.329166229299997,1.7511626482009888
13121,68758,106.49583562529999,20.329166229299997,2.340697765350342
13121,68759,106.50000229199999,20.329166229299997,2.0439534187316895
13121,68760,106.50416895869999,20.329166229299997,2.212857246398926
13121,68761,106.5083356254,20.329166229299997,2.5874416828155518
13121,68762,106.5125022921,20.329166229299997,3.0220930576324463
13121,68763,106.5166689588,20.329166229299997,2.6951160430908203
13121,68764,106.5208356255,20.329166229299997,2.4409756660461426
13121,68765,106.52500229219999,20.329166229299997,2.139755964279175
13121,68766,106.52916895889999,20.329166229299997,1.9856096506118774
13121,68767,106.53333562559999,20.329166229299997,1.7367444038391113
13121,68768,106.53750229229999,20.329166229299997,1.8017499446868896
13121,68769,106.54166895899999,20.329166229299997,2.1533331871032715
13121,68770,106.5458356257,20.329166229299997,2.6686363220214844
13121,68771,106.5500022924,20.329166229299997,3.0225582122802734
13121,68772,106.5541689591,20.329166229299997,3.567110776901245
13121,68773,106.5583356258,20.329166229299997,3.1314892768859863
13121,68774,106.56250229249999,20.329166229299997,1.962790608406067
13121,68775,106.56666895919999,20.329166229299997,1.7046666145324707
13121,68776,106.57083562589999,20.329166229299997,2.060638427734375
13121,68777,106.57500229259999,20.329166229299997,2.4568748474121094
13121,68778,106.57916895929999,20.329166229299997,1.8423404693603516
13121,68779,106.583335626,20.329166229299997,1.1646808385849
13121,68780,106.5875022927,20.329166229299997,1.0152173042297363
13121,68781,106.5916689594,20.329166229299997,0.8331111669540405
13121,68782,106.5958356261,20.329166229299997,0.0
13121,68783,106.60000229279999,20.329166229299997,0.0
13121,68784,106.60416895949999,20.329166229299997,0.0
13121,68785,106.60833562619999,20.329166229299997,0.0
13121,68786,106.61250229289999,20.329166229299997,0.0
13121,68787,106.61666895959999,20.329166229299997,0.0
13122,68738,106.41250229129999,20.324999562599995,1.599482774734497
13122,68739,106.41666895799999,20.324999562599995,1.90824556350708
13122,68740,106.42083562469999,20.324999562599995,1.990545392036438
13122,68741,106.42500229139999,20.324999562599995,1.989642858505249
13122,68742,106.42916895809999,20.324999562599995,1.8773077726364136
13122,68743,106.4333356248,20.324999562599995,2.004565477371216
13122,68744,106.4375022915,20.324999562599995,2.7699997425079346
13122,68745,106.4416689582,20.324999562599995,2.8263416290283203
13122,68746,106.4458356249,20.324999562599995,2.6804544925689697
13122,68747,106.45000229159999,20.324999562599995,2.372727155685425
13122,68748,106.45416895829999,20.324999562599995,2.326136589050293
13122,68749,106.45833562499999,20.324999562599995,2.3734781742095947
13122,68750,106.46250229169999,20.324999562599995,2.1667442321777344
13122,68751,106.46666895839999,20.324999562599995,2.0463414192199707
13122,68752,106.4708356251,20.324999562599995,2.0409998893737793
13122,68753,106.4750022918,20.324999562599995,1.7821950912475586
13122,68754,106.4791689585,20.324999562599995,1.502500057220459
13122,68755,106.4833356252,20.324999562599995,1.3352501392364502
13122,68756,106.48750229189999,20.324999562599995,1.826585292816162
13122,68757,106.49166895859999,20.324999562599995,2.296278953552246
13122,68758,106.49583562529999,20.324999562599995,3.003255844116211
13122,68759,106.50000229199999,20.324999562599995,2.816046714782715
13122,68760,106.50416895869999,20.324999562599995,2.8048837184906006
13122,68761,106.5083356254,20.324999562599995,2.713777780532837
13122,68762,106.5125022921,20.324999562599995,2.450666904449463
13122,68763,106.5166689588,20.324999562599995,2.067209243774414
13122,68764,106.5208356255,20.324999562599995,2.0072500705718994
13122,68765,106.52500229219999,20.324999562599995,2.1585001945495605
13122,68766,106.52916895889999,20.324999562599995,2.059999942779541
13122,68767,106.53333562559999,20.324999562599995,1.6448887586593628
13122,68768,106.53750229229999,20.324999562599995,1.5199999809265137
13122,68769,106.54166895899999,20.324999562599995,1.8269768953323364
13122,68770,106.5458356257,20.324999562599995,2.1120927333831787
13122,68771,106.5500022924,20.324999562599995,2.233555316925049
13122,68772,106.5541689591,20.324999562599995,3.1981818675994873
13122,68773,106.5583356258,20.324999562599995,3.311666488647461
13122,68774,106.56250229249999,20.324999562599995,2.3504257202148438
13122,68775,106.56666895919999,20.324999562599995,1.8570833206176758
13122,68776,106.57083562589999,20.324999562599995,1.7355316877365112
13122,68777,106.57500229259999,20.324999562599995,1.4557448625564575
13122,68778,106.57916895929999,20.324999562599995,1.2451063394546509
13122,68779,106.583335626,20.324999562599995,1.0548936128616333
13122,68780,106.5875022927,20.324999562599995,0.924680769443512
13122,68781,106.5916689594,20.324999562599995,0.0
13122,68782,106.5958356261,20.324999562599995,0.0
13122,68783,106.60000229279999,20.324999562599995,0.0
13122,68784,106.60416895949999,20.324999562599995,0.0
13122,68785,106.60833562619999,20.324999562599995,0.0
13122,68786,106.61250229289999,20.324999562599995,0.0
13122,68787,106.61666895959999,20.324999562599995,0.0
13123,68739,106.41666895799999,20.320832895899997,1.42464280128479
13123,68740,106.42083562469999,20.320832895899997,1.6281815767288208
13123,68741,106.42500229139999,20.320832895899997,1.8102084398269653
13123,68742,106.42916895809999,20.320832895899997,1.9633331298828125
13123,68743,106.4333356248,20.320832895899997,2.4148778915405273
13123,68744,106.4375022915,20.320832895899997,3.7246339321136475
13123,68745,106.4416689582,20.320832895899997,3.580714225769043
13123,68746,106.4458356249,20.320832895899997,2.869767189025879
13123,68747,106.45000229159999,20.320832895899997,2.7844185829162598
13123,68748,106.45416895829999,20.320832895899997,2.8777270317077637
13123,68749,106.45833562499999,20.320832895899997,3.224222183227539
13123,68750,106.46250229169999,20.320832895899997,3.112727165222168
13123,68751,106.46666895839999,20.320832895899997,2.8645238876342773
13123,68752,106.4708356251,20.320832895899997,2.2317073345184326
13123,68753,106.4750022918,20.320832895899997,1.717560887336731
13123,68754,106.4791689585,20.320832895899997,1.5855000019073486
13123,68755,106.4833356252,20.320832895899997,1.4256409406661987
13123,68756,106.48750229189999,20.320832895899997,2.8272500038146973
13123,68757,106.49166895859999,20.320832895899997,3.9019508361816406
13123,68758,106.49583562529999,20.320832895899997,3.7921953201293945
13123,68759,106.50000229199999,20.320832895899997,2.865365982055664
13123,68760,106.50416895869999,20.320832895899997,2.277209520339966
13123,68761,106.5083356254,20.320832895899997,1.840681791305542
13123,68762,106.5125022921,20.320832895899997,1.7018183469772339
13123,68763,106.5166689588,20.320832895899997,1.7276744842529297
13123,68764,106.5208356255,20.320832895899997,1.902142882347107
13123,68765,106.52500229219999,20.320832895899997,2.370999813079834
13123,68766,106.52916895889999,20.320832895899997,2.0543904304504395
13123,68767,106.53333562559999,20.320832895899997,1.5522727966308594
13123,68768,106.53750229229999,20.320832895899997,1.4488095045089722
13123,68769,106.54166895899999,20.320832895899997,1.4543181657791138
13123,68770,106.5458356257,20.320832895899997,1.395227313041687
13123,68771,106.5500022924,20.320832895899997,1.5004445314407349
13123,68772,106.5541689591,20.320832895899997,2.21681809425354
13123,68773,106.5583356258,20.320832895899997,2.5820834636688232
13123,68774,106.56250229249999,20.320832895899997,2.344374895095825
13123,68775,106.56666895919999,20.320832895899997,1.8706248998641968
13123,68776,106.57083562589999,20.320832895899997,1.5597915649414062
13123,68777,106.57500229259999,20.320832895899997,1.2064584493637085
13123,68778,106.57916895929999,20.320832895899997,1.0744445323944092
13123,68779,106.583335626,20.320832895899997,0.9420000910758972
13123,68780,106.5875022927,20.320832895899997,0.0
13123,68781,106.5916689594,20.320832895899997,0.0
13123,68782,106.5958356261,20.320832895899997,0.0
13123,68783,106.60000229279999,20.320832895899997,0.0
13123,68784,106.60416895949999,20.320832895899997,0.0
13123,68785,106.60833562619999,20.320832895899997,0.0
13123,68786,106.61250229289999,20.320832895899997,0.0
13123,68787,106.61666895959999,20.320832895899997,0.0
13124,68740,106.42083562469999,20.316666229199996,1.5102174282073975
13124,68741,106.42500229139999,20.316666229199996,1.6231110095977783
13124,68742,106.42916895809999,20.316666229199996,1.8387806415557861
13124,68743,106.4333356248,20.316666229199996,2.3373172283172607
13124,68744,106.4375022915,20.316666229199996,3.194389820098877
13124,68745,106.4416689582,20.316666229199996,2.5876190662384033
13124,68746,106.4458356249,20.316666229199996,2.196666717529297
13124,68747,106.45000229159999,20.316666229199996,2.9065113067626953
13124,68748,106.45416895829999,20.316666229199996,3.470227003097534
13124,68749,106.45833562499999,20.316666229199996,3.469777822494507
13124,68750,106.46250229169999,20.316666229199996,3.0763635635375977
13124,68751,106.46666895839999,20.316666229199996,2.5953657627105713
13124,68752,106.4708356251,20.316666229199996,2.0804879665374756
13124,68753,106.4750022918,20.316666229199996,1.7920000553131104
13124,68754,106.4791689585,20.316666229199996,1.732564091682434
13124,68755,106.4833356252,20.316666229199996,1.6635000705718994
13124,68756,106.48750229189999,20.316666229199996,3.041395425796509
13124,68757,106.49166895859999,20.316666229199996,4.134651184082031
13124,68758,106.49583562529999,20.316666229199996,3.5125579833984375
13124,68759,106.50000229199999,20.316666229199996,2.186744213104248
13124,68760,106.50416895869999,20.316666229199996,1.697857141494751
13124,68761,106.5083356254,20.316666229199996,1.491904854774475
13124,68762,106.5125022921,20.316666229199996,1.5082927942276
13124,68763,106.5166689588,20.316666229199996,1.3899999856948853
13124,68764,106.5208356255,20.316666229199996,1.5709999799728394
13124,68765,106.52500229219999,20.316666229199996,1.5848780870437622
13124,68766,106.52916895889999,20.316666229199996,1.550243854522705
13124,68767,106.53333562559999,20.316666229199996,1.320454478263855
13124,68768,106.53750229229999,20.316666229199996,1.2381396293640137
13124,68769,106.54166895899999,20.316666229199996,1.163720965385437
13124,68770,106.5458356257,20.316666229199996,1.2549999952316284
13124,68771,106.5500022924,20.316666229199996,1.6671111583709717
13124,68772,106.5541689591,20.316666229199996,2.0668179988861084
13124,68773,106.5583356258,20.316666229199996,2.008333444595337
13124,68774,106.56250229249999,20.316666229199996,1.9147917032241821
13124,68775,106.56666895919999,20.316666229199996,1.6874467134475708
13124,68776,106.57083562589999,20.316666229199996,1.3743752241134644
13124,68777,106.57500229259999,20.316666229199996,1.1212764978408813
13124,68778,106.57916895929999,20.316666229199996,0.9652174115180969
13124,68779,106.583335626,20.316666229199996,0.0
13124,68780,106.5875022927,20.316666229199996,0.0
13124,68781,106.5916689594,20.316666229199996,0.0
13124,68782,106.5958356261,20.316666229199996,0.0
13124,68783,106.60000229279999,20.316666229199996,0.0
13124,68784,106.60416895949999,20.316666229199996,0.0
13124,68785,106.60833562619999,20.316666229199996,0.0
13124,68786,106.61250229289999,20.316666229199996,0.0
13125,68740,106.42083562469999,20.312499562499998,1.5234090089797974
13125,68741,106.42500229139999,20.312499562499998,1.4665851593017578
13125,68742,106.42916895809999,20.312499562499998,1.6400001049041748
13125,68743,106.4333356248,20.312499562499998,1.8704761266708374
13125,68744,106.4375022915,20.312499562499998,2.0307140350341797
13125,68745,106.4416689582,20.312499562499998,1.7788095474243164
13125,68746,106.4458356249,20.312499562499998,1.6780951023101807
13125,68747,106.45000229159999,20.312499562499998,2.137441873550415
13125,68748,106.45416895829999,20.312499562499998,2.6725001335144043
13125,68749,106.45833562499999,20.312499562499998,2.6571109294891357
13125,68750,106.46250229169999,20.312499562499998,2.3708887100219727
13125,68751,106.46666895839999,20.312499562499998,2.0321950912475586
13125,68752,106.4708356251,20.312499562499998,1.90625
13125,68753,106.4750022918,20.312499562499998,1.9490000009536743
13125,68754,106.4791689585,20.312499562499998,1.8615000247955322
13125,68755,106.4833356252,20.312499562499998,1.997999906539917
13125,68756,106.48750229189999,20.312499562499998,2.050952434539795
13125,68757,106.49166895859999,20.312499562499998,2.1876745223999023
13125,68758,106.49583562529999,20.312499562499998,2.1573331356048584
13125,68759,106.50000229199999,20.312499562499998,1.54622220993042
13125,68760,106.50416895869999,20.312499562499998,1.3109302520751953
13125,68761,106.5083356254,20.312499562499998,1.4017072916030884
13125,68762,106.5125022921,20.312499562499998,0.0
13125,68763,106.5166689588,20.312499562499998,1.2302439212799072
13125,68767,106.53333562559999,20.312499562499998,1.1180000305175781
13125,68768,106.53750229229999,20.312499562499998,1.1069564819335938
13125,68769,106.54166895899999,20.312499562499998,1.0852272510528564
13125,68770,106.5458356257,20.312499562499998,1.3539999723434448
13125,68771,106.5500022924,20.312499562499998,1.6391489505767822
13125,68772,106.5541689591,20.312499562499998,1.770638108253479
13125,68773,106.5583356258,20.312499562499998,1.4623404741287231
13125,68774,106.56250229249999,20.312499562499998,1.2736955881118774
13125,68775,106.56666895919999,20.312499562499998,1.4617022275924683
13125,68776,106.57083562589999,20.312499562499998,1.4123913049697876
13125,68777,106.57500229259999,20.312499562499998,1.213409185409546
13125,68778,106.57916895929999,20.312499562499998,0.949999988079071
13125,68779,106.583335626,20.312499562499998,0.0
13125,68780,106.5875022927,20.312499562499998,0.0
13125,68781,106.5916689594,20.312499562499998,0.0
13125,68782,106.5958356261,20.312499562499998,0.0
13125,68783,106.60000229279999,20.312499562499998,0.0
13125,68784,106.60416895949999,20.312499562499998,0.0
13125,68785,106.60833562619999,20.312499562499998,0.0
13125,68786,106.61250229289999,20.312499562499998,0.0
13126,68741,106.42500229139999,20.308332895799996,1.5166665315628052
13126,68742,106.42916895809999,20.308332895799996,1.5092682838439941
13126,68743,106.4333356248,20.308332895799996,1.5606975555419922
13126,68744,106.4375022915,20.308332895799996,1.5642856359481812
13126,68745,106.4416689582,20.308332895799996,1.481428623199463
13126,68746,106.4458356249,20.308332895799996,1.4228571653366089
13126,68747,106.45000229159999,20.308332895799996,1.5816667079925537
13126,68748,106.45416895829999,20.308332895799996,1.6446510553359985
13126,68749,106.45833562499999,20.308332895799996,1.7030233144760132
13126,68750,106.46250229169999,20.308332895799996,1.5357500314712524
13126,68751,106.46666895839999,20.308332895799996,1.518157958984375
13126,68752,106.4708356251,20.308332895799996,1.6851282119750977
13126,68753,106.4750022918,20.308332895799996,1.942000150680542
13126,68754,106.4791689585,20.308332895799996,1.8790698051452637
13126,68755,106.4833356252,20.308332895799996,1.7574418783187866
13126,68756,106.48750229189999,20.308332895799996,1.430227279663086
13126,68757,106.49166895859999,20.308332895799996,1.2788636684417725
13126,68758,106.49583562529999,20.308332895799996,1.3089131116867065
13126,68768,106.53750229229999,20.308332895799996,1.0667390823364258
13126,68769,106.54166895899999,20.308332895799996,1.1338297128677368
13126,68770,106.5458356257,20.308332895799996,1.413958191871643
13126,68771,106.5500022924,20.308332895799996,1.5757778882980347
13126,68772,106.5541689591,20.308332895799996,1.4175554513931274
13126,68773,106.5583356258,20.308332895799996,1.4486362934112549
13126,68774,106.56250229249999,20.308332895799996,1.357045292854309
13126,68775,106.56666895919999,20.308332895799996,1.2643479108810425
13126,68776,106.57083562589999,20.308332895799996,1.5313334465026855
13126,68777,106.57500229259999,20.308332895799996,1.484772801399231
13126,68778,106.57916895929999,20.308332895799996,1.0684782266616821
13126,68779,106.583335626,20.308332895799996,0.7910416126251221
13126,68780,106.5875022927,20.308332895799996,0.0
13126,68781,106.5916689594,20.308332895799996,0.0
13126,68782,106.5958356261,20.308332895799996,0.0
13126,68783,106.60000229279999,20.308332895799996,0.0
13126,68784,106.60416895949999,20.308332895799996,0.0
13126,68785,106.60833562619999,20.308332895799996,0.0
13126,68786,106.61250229289999,20.308332895799996,0.0
13127,68742,106.42916895809999,20.304166229099998,2.0187180042266846
13127,68743,106.4333356248,20.304166229099998,1.789743423461914
13127,68744,106.4375022915,20.304166229099998,1.633414626121521
13127,68745,106.4416689582,20.304166229099998,1.8392857313156128
13127,68746,106.4458356249,20.304166229099998,1.9345239400863647
13127,68747,106.45000229159999,20.304166229099998,1.9350000619888306
13127,68748,106.45416895829999,20.304166229099998,1.839534878730774
13127,68749,106.45833562499999,20.304166229099998,1.6966667175292969
13127,68750,106.46250229169999,20.304166229099998,1.433902382850647
13127,68751,106.46666895839999,20.304166229099998,1.3723076581954956
13127,68752,106.4708356251,20.304166229099998,1.3985365629196167
13127,68753,106.4750022918,20.304166229099998,1.774146318435669
13127,68754,106.4791689585,20.304166229099998,1.9597618579864502
13127,68755,106.4833356252,20.304166229099998,1.5884443521499634
13127,68756,106.48750229189999,20.304166229099998,1.3252272605895996
13127,68757,106.49166895859999,20.304166229099998,0.0
13127,68769,106.54166895899999,20.304166229099998,1.1278259754180908
13127,68770,106.5458356257,20.304166229099998,1.2393618822097778
13127,68771,106.5500022924,20.304166229099998,1.4244444370269775
13127,68772,106.5541689591,20.304166229099998,1.6293333768844604
13127,68773,106.5583356258,20.304166229099998,1.9470454454421997
13127,68774,106.56250229249999,20.304166229099998,2.2788636684417725
13127,68775,106.56666895919999,20.304166229099998,2.058863639831543
13127,68776,106.57083562589999,20.304166229099998,1.8081395626068115
13127,68777,106.57500229259999,20.304166229099998,1.602618932723999
13127,68778,106.57916895929999,20.304166229099998,1.159333348274231
13127,68779,106.583335626,20.304166229099998,0.8487234711647034
13127,68780,106.5875022927,20.304166229099998,0.0
13127,68781,106.5916689594,20.304166229099998,0.0
13127,68782,106.5958356261,20.304166229099998,0.0
13127,68783,106.60000229279999,20.304166229099998,0.0
13127,68784,106.60416895949999,20.304166229099998,0.0
13127,68785,106.60833562619999,20.304166229099998,0.0
13127,68786,106.61250229289999,20.304166229099998,0.0
13128,68743,106.4333356248,20.299999562399996,3.429743766784668
13128,68744,106.4375022915,20.299999562399996,2.5536582469940186
13128,68745,106.4416689582,20.299999562399996,2.105238199234009
13128,68746,106.4458356249,20.299999562399996,2.1606979370117188
13128,68747,106.45000229159999,20.299999562399996,2.210697889328003
13128,68748,106.45416895829999,20.299999562399996,2.3053488731384277
13128,68749,106.45833562499999,20.299999562399996,2.289761781692505
13128,68750,106.46250229169999,20.299999562399996,2.1997618675231934
13128,68751,106.46666895839999,20.299999562399996,2.015238046646118
13128,68752,106.4708356251,20.299999562399996,1.707619071006775
13128,68753,106.4750022918,20.299999562399996,1.8002381324768066
13128,68754,106.4791689585,20.299999562399996,2.067499876022339
13128,68755,106.4833356252,20.299999562399996,1.4859575033187866
13128,68756,106.48750229189999,20.299999562399996,1.2210416793823242
13128,68770,106.5458356257,20.299999562399996,1.2677083015441895
13128,68771,106.5500022924,20.299999562399996,1.294888973236084
13128,68772,106.5541689591,20.299999562399996,1.3930435180664062
13128,68773,106.5583356258,20.299999562399996,2.363999843597412
13128,68774,106.56250229249999,20.299999562399996,2.815999984741211
13128,68775,106.56666895919999,20.299999562399996,2.7176594734191895
13128,68776,106.57083562589999,20.299999562399996,2.0542221069335938
13128,68777,106.57500229259999,20.299999562399996,1.6643180847167969
13128,68778,106.57916895929999,20.299999562399996,1.219130516052246
13128,68779,106.583335626,20.299999562399996,0.9768086075782776
13128,68780,106.5875022927,20.299999562399996,0.7976087331771851
13128,68781,106.5916689594,20.299999562399996,0.0
13128,68782,106.5958356261,20.299999562399996,0.0
13128,68783,106.60000229279999,20.299999562399996,0.0
13128,68784,106.60416895949999,20.299999562399996,0.0
13128,68785,106.60833562619999,20.299999562399996,0.0
13129,68745,106.4416689582,20.295832895699995,3.256190299987793
13129,68746,106.4458356249,20.295832895699995,2.3369767665863037
13129,68747,106.45000229159999,20.295832895699995,2.0895347595214844
13129,68748,106.45416895829999,20.295832895699995,2.1465117931365967
13129,68749,106.45833562499999,20.295832895699995,2.2213637828826904
13129,68750,106.46250229169999,20.295832895699995,0.0
13129,68751,106.46666895839999,20.295832895699995,2.1997618675231934
13129,68752,106.4708356251,20.295832895699995,1.8411364555358887
13129,68753,106.4750022918,20.295832895699995,1.6538095474243164
13129,68754,106.4791689585,20.295832895699995,1.4748836755752563
13129,68755,106.4833356252,20.295832895699995,1.287021279335022
13129,68771,106.5500022924,20.295832895699995,1.541590929031372
13129,68772,106.5541689591,20.295832895699995,1.293555498123169
13129,68773,106.5583356258,20.295832895699995,1.8787235021591187
13129,68774,106.56250229249999,20.295832895699995,2.301276445388794
13129,68775,106.56666895919999,20.295832895699995,2.2987234592437744
13129,68776,106.57083562589999,20.295832895699995,1.909999966621399
13129,68777,106.57500229259999,20.295832895699995,1.5793477296829224
13129,68778,106.57916895929999,20.295832895699995,1.3595653772354126
13129,68779,106.583335626,20.295832895699995,1.1302127838134766
13129,68780,106.5875022927,20.295832895699995,0.86826092004776
13129,68781,106.5916689594,20.295832895699995,0.0
13129,68782,106.5958356261,20.295832895699995,0.0
13129,68783,106.60000229279999,20.295832895699995,0.0
13129,68784,106.60416895949999,20.295832895699995,0.0
13129,68785,106.60833562619999,20.295832895699995,0.0
13130,68747,106.45000229159999,20.291666228999997,4.115348815917969
13130,68748,106.45416895829999,20.291666228999997,2.9069766998291016
13130,68749,106.45833562499999,20.291666228999997,2.2238636016845703
13130,68750,106.46250229169999,20.291666228999997,2.087045431137085
13130,68751,106.46666895839999,20.291666228999997,2.033555507659912
13130,68752,106.4708356251,20.291666228999997,1.7860000133514404
13130,68753,106.4750022918,20.291666228999997,1.5744186639785767
13130,68772,106.5541689591,20.291666228999997,1.6354761123657227
13130,68773,106.5583356258,20.291666228999997,1.6517776250839233
13130,68774,106.56250229249999,20.291666228999997,1.430833339691162
13130,68775,106.56666895919999,20.291666228999997,1.4214891195297241
13130,68776,106.57083562589999,20.291666228999997,1.3531914949417114
13130,68777,106.57500229259999,20.291666228999997,1.174565315246582
13130,68778,106.57916895929999,20.291666228999997,1.1091488599777222
13130,68779,106.583335626,20.291666228999997,1.0357446670532227
13130,68780,106.5875022927,20.291666228999997,0.8958333134651184
13130,68781,106.5916689594,20.291666228999997,0.0
13130,68782,106.5958356261,20.291666228999997,0.0
13130,68783,106.60000229279999,20.291666228999997,0.0
13130,68784,106.60416895949999,20.291666228999997,0.0
13130,68785,106.60833562619999,20.291666228999997,0.0
13131,68773,106.5583356258,20.287499562299995,1.577391266822815
13131,68774,106.56250229249999,20.287499562299995,1.1460416316986084
13131,68775,106.56666895919999,20.287499562299995,1.1529167890548706
13131,68776,106.57083562589999,20.287499562299995,1.1430435180664062
13131,68777,106.57500229259999,20.287499562299995,1.071860432624817
13131,68778,106.57916895929999,20.287499562299995,0.9419564604759216
13131,68779,106.583335626,20.287499562299995,0.9256522059440613
13131,68780,106.5875022927,20.287499562299995,0.8278261423110962
13131,68781,106.5916689594,20.287499562299995,0.0
13131,68782,106.5958356261,20.287499562299995,0.6619148850440979
13131,68783,106.60000229279999,20.287499562299995,0.8156818151473999
13131,68784,106.60416895949999,20.287499562299995,0.8328571319580078
13131,68785,106.60833562619999,20.287499562299995,0.6665853261947632
13132,68774,106.56250229249999,20.283332895599997,1.3647727966308594
13132,68775,106.56666895919999,20.283332895599997,1.1315219402313232
13132,68776,106.57083562589999,20.283332895599997,1.0781817436218262
13132,68777,106.57500229259999,20.283332895599997,0.9485714435577393
13132,68778,106.57916895929999,20.283332895599997,0.8151111006736755
13132,68779,106.583335626,20.283332895599997,0.751702070236206
13132,68780,106.5875022927,20.283332895599997,0.7191836833953857
13132,68781,106.5916689594,20.283332895599997,0.0
13132,68782,106.5958356261,20.283332895599997,0.6970213055610657
13132,68783,106.60000229279999,20.283332895599997,1.1730434894561768
13132,68784,106.60416895949999,20.283332895599997,1.2291111946105957
13133,68775,106.56666895919999,20.279166228899996,1.1873912811279297
13133,68776,106.57083562589999,20.279166228899996,1.047608733177185
13133,68777,106.57500229259999,20.279166228899996,0.8913636803627014
13133,68778,106.57916895929999,20.279166228899996,0.0
13133,68779,106.583335626,20.279166228899996,0.0
13133,68780,106.5875022927,20.279166228899996,0.0
13133,68781,106.5916689594,20.279166228899996,0.0
13133,68782,106.5958356261,20.279166228899996,0.7036734819412231
13133,68783,106.60000229279999,20.279166228899996,1.452222228050232
13133,68784,106.60416895949999,20.279166228899996,1.5895555019378662
13134,68776,106.57083562589999,20.274999562199998,0.9779166579246521
13134,68777,106.57500229259999,20.274999562199998,0.8810870051383972
13134,68778,106.57916895929999,20.274999562199998,0.0
13134,68779,106.583335626,20.274999562199998,0.0
13134,68780,106.5875022927,20.274999562199998,0.0
13134,68781,106.5916689594,20.274999562199998,0.0
13134,68782,106.5958356261,20.274999562199998,0.6304166316986084
13134,68783,106.60000229279999,20.274999562199998,0.9233334064483643
13134,68784,106.60416895949999,20.274999562199998,1.1144185066223145
13135,68777,106.57500229259999,20.270832895499996,0.0
13135,68779,106.583335626,20.270832895499996,0.0
13135,68780,106.5875022927,20.270832895499996,0.0
13135,68781,106.5916689594,20.270832895499996,0.0
13135,68782,106.5958356261,20.270832895499996,0.0
13135,68783,106.60000229279999,20.270832895499996,0.6072092652320862
13135,68784,106.60416895949999,20.270832895499996,0.6206818222999573
13136,68779,106.583335626,20.266666228799995,0.0
13136,68780,106.5875022927,20.266666228799995,0.0
13136,68781,106.5916689594,20.266666228799995,0.6263636946678162
13136,68782,106.5958356261,20.266666228799995,0.736666738986969
13136,68783,106.60000229279999,20.266666228799995,0.821162760257721
13137,68780,106.5875022927,20.262499562099997,0.0
13137,68781,106.5916689594,20.262499562099997,0.6267500519752502
13137,68782,106.5958356261,20.262499562099997,0.89000004529953
13137,68783,106.60000229279999,20.262499562099997,1.0164285898208618
13138,68781,106.5916689594,20.258332895399995,0.6167441606521606
13138,68782,106.5958356261,20.258332895399995,0.7569767236709595
13138,68783,106.60000229279999,20.258332895399995,0.8081395626068115
13139,68781,106.5916689594,20.254166228699997,0.0
13139,68782,106.5958356261,20.254166228699997,0.5772916078567505
13140,68781,106.5916689594,20.249999561999996,0.0
